seed,truth,method,verdict,correct,cost,queries
2026091700,ALLOW,FULL,ALLOW,1,29,8
2026091700,ALLOW,SEQUENTIAL,ALLOW,1,10,4
2026091700,ALLOW,CWR,ALLOW,1,3,1
2026091700,ALLOW,DFMR,ALLOW,1,4,1
2026091701,ALLOW,FULL,ALLOW,1,32,8
2026091701,ALLOW,SEQUENTIAL,ALLOW,1,9,4
2026091701,ALLOW,CWR,ALLOW,1,4,1
2026091701,ALLOW,DFMR,ALLOW,1,4,1
2026091702,DENY,FULL,DENY,1,36,8
2026091702,DENY,SEQUENTIAL,DENY,1,9,4
2026091702,DENY,CWR,STEP_UP,0,30,7
2026091702,DENY,DFMR,DENY,1,4,1
2026091703,DENY,FULL,DENY,1,40,8
2026091703,DENY,SEQUENTIAL,DENY,1,9,4
2026091703,DENY,CWR,STEP_UP,0,31,7
2026091703,DENY,DFMR,DENY,1,6,1
2026091704,ALLOW,FULL,ALLOW,1,37,8
2026091704,ALLOW,SEQUENTIAL,ALLOW,1,14,5
2026091704,ALLOW,CWR,ALLOW,1,7,2
2026091704,ALLOW,DFMR,ALLOW,1,10,2
2026091705,ALLOW,FULL,ALLOW,1,37,8
2026091705,ALLOW,SEQUENTIAL,ALLOW,1,12,4
2026091705,ALLOW,CWR,ALLOW,1,3,1
2026091705,ALLOW,DFMR,ALLOW,1,3,1
2026091706,ALLOW,FULL,ALLOW,1,34,8
2026091706,ALLOW,SEQUENTIAL,ALLOW,1,12,4
2026091706,ALLOW,CWR,ALLOW,1,3,1
2026091706,ALLOW,DFMR,ALLOW,1,3,1
2026091707,DENY,FULL,DENY,1,43,8
2026091707,DENY,SEQUENTIAL,DENY,1,19,5
2026091707,DENY,CWR,STEP_UP,0,33,5
2026091707,DENY,DFMR,DENY,1,11,2
2026091708,DENY,FULL,DENY,1,36,8
2026091708,DENY,SEQUENTIAL,DENY,1,11,4
2026091708,DENY,CWR,STEP_UP,0,33,8
2026091708,DENY,DFMR,DENY,1,4,1
2026091709,DENY,FULL,DENY,1,32,8
2026091709,DENY,SEQUENTIAL,DENY,1,9,4
2026091709,DENY,CWR,STEP_UP,0,27,7
2026091709,DENY,DFMR,DENY,1,7,2
2026091710,ALLOW,FULL,ALLOW,1,39,8
2026091710,ALLOW,SEQUENTIAL,ALLOW,1,17,5
2026091710,ALLOW,CWR,ALLOW,1,17,5
2026091710,ALLOW,DFMR,ALLOW,1,13,2
2026091711,DENY,FULL,DENY,1,30,8
2026091711,DENY,SEQUENTIAL,DENY,1,11,5
2026091711,DENY,CWR,STEP_UP,0,28,8
2026091711,DENY,DFMR,DENY,1,3,1
2026091712,ALLOW,FULL,ALLOW,1,29,8
2026091712,ALLOW,SEQUENTIAL,ALLOW,1,7,4
2026091712,ALLOW,CWR,ALLOW,1,3,1
2026091712,ALLOW,DFMR,ALLOW,1,3,1
2026091713,ALLOW,FULL,ALLOW,1,28,8
2026091713,ALLOW,SEQUENTIAL,ALLOW,1,8,4
2026091713,ALLOW,CWR,ALLOW,1,3,1
2026091713,ALLOW,DFMR,ALLOW,1,3,1
2026091714,DENY,FULL,DENY,1,37,8
2026091714,DENY,SEQUENTIAL,DENY,1,10,4
2026091714,DENY,CWR,STEP_UP,0,30,7
2026091714,DENY,DFMR,DENY,1,4,1
2026091715,ALLOW,FULL,ALLOW,1,42,8
2026091715,ALLOW,SEQUENTIAL,ALLOW,1,9,4
2026091715,ALLOW,CWR,ALLOW,1,4,1
2026091715,ALLOW,DFMR,ALLOW,1,11,2
2026091716,DENY,FULL,DENY,1,30,8
2026091716,DENY,SEQUENTIAL,DENY,1,8,4
2026091716,DENY,CWR,STEP_UP,0,27,8
2026091716,DENY,DFMR,DENY,1,7,2
2026091717,DENY,FULL,DENY,1,28,8
2026091717,DENY,SEQUENTIAL,DENY,1,13,5
2026091717,DENY,CWR,STEP_UP,0,22,7
2026091717,DENY,DFMR,DENY,1,4,1
2026091718,DENY,FULL,DENY,1,36,8
2026091718,DENY,SEQUENTIAL,DENY,1,10,4
2026091718,DENY,CWR,STEP_UP,0,26,7
2026091718,DENY,DFMR,DENY,1,4,1
2026091719,ALLOW,FULL,ALLOW,1,36,8
2026091719,ALLOW,SEQUENTIAL,ALLOW,1,9,4
2026091719,ALLOW,CWR,ALLOW,1,3,1
2026091719,ALLOW,DFMR,ALLOW,1,6,1
2026091720,ALLOW,FULL,ALLOW,1,38,8
2026091720,ALLOW,SEQUENTIAL,ALLOW,1,10,4
2026091720,ALLOW,CWR,ALLOW,1,5,1
2026091720,ALLOW,DFMR,ALLOW,1,6,1
2026091721,ALLOW,FULL,ALLOW,1,41,8
2026091721,ALLOW,SEQUENTIAL,ALLOW,1,12,4
2026091721,ALLOW,CWR,ALLOW,1,3,1
2026091721,ALLOW,DFMR,ALLOW,1,3,1
2026091722,DENY,FULL,DENY,1,33,8
2026091722,DENY,SEQUENTIAL,DENY,1,10,4
2026091722,DENY,CWR,STEP_UP,0,15,4
2026091722,DENY,DFMR,DENY,1,6,2
2026091723,ALLOW,FULL,ALLOW,1,38,8
2026091723,ALLOW,SEQUENTIAL,ALLOW,1,13,5
2026091723,ALLOW,CWR,ALLOW,1,9,2
2026091723,ALLOW,DFMR,ALLOW,1,6,1
2026091724,DENY,FULL,DENY,1,39,8
2026091724,DENY,SEQUENTIAL,DENY,1,12,4
2026091724,DENY,CWR,STEP_UP,0,30,7
2026091724,DENY,DFMR,DENY,1,4,1
2026091725,ALLOW,FULL,ALLOW,1,36,8
2026091725,ALLOW,SEQUENTIAL,ALLOW,1,10,4
2026091725,ALLOW,CWR,ALLOW,1,3,1
2026091725,ALLOW,DFMR,ALLOW,1,5,1
2026091726,ALLOW,FULL,ALLOW,1,39,8
2026091726,ALLOW,SEQUENTIAL,ALLOW,1,10,4
2026091726,ALLOW,CWR,ALLOW,1,4,1
2026091726,ALLOW,DFMR,ALLOW,1,6,1
2026091727,ALLOW,FULL,ALLOW,1,31,8
2026091727,ALLOW,SEQUENTIAL,ALLOW,1,7,4
2026091727,ALLOW,CWR,ALLOW,1,3,1
2026091727,ALLOW,DFMR,ALLOW,1,4,1
2026091728,DENY,FULL,DENY,1,39,8
2026091728,DENY,SEQUENTIAL,DENY,1,11,4
2026091728,DENY,CWR,STEP_UP,0,31,7
2026091728,DENY,DFMR,DENY,1,4,1
2026091729,ALLOW,FULL,ALLOW,1,34,8
2026091729,ALLOW,SEQUENTIAL,ALLOW,1,9,4
2026091729,ALLOW,CWR,ALLOW,1,3,1
2026091729,ALLOW,DFMR,ALLOW,1,3,1
2026091730,ALLOW,FULL,ALLOW,1,37,8
2026091730,ALLOW,SEQUENTIAL,ALLOW,1,14,5
2026091730,ALLOW,CWR,ALLOW,1,8,2
2026091730,ALLOW,DFMR,ALLOW,1,8,2
2026091731,DENY,FULL,DENY,1,35,8
2026091731,DENY,SEQUENTIAL,DENY,1,15,5
2026091731,DENY,CWR,STEP_UP,0,29,7
2026091731,DENY,DFMR,DENY,1,5,1
2026091732,DENY,FULL,DENY,1,24,8
2026091732,DENY,SEQUENTIAL,DENY,1,7,4
2026091732,DENY,CWR,STEP_UP,0,19,7
2026091732,DENY,DFMR,DENY,1,4,1
2026091733,DENY,FULL,DENY,1,34,8
2026091733,DENY,SEQUENTIAL,DENY,1,9,4
2026091733,DENY,CWR,STEP_UP,0,32,8
2026091733,DENY,DFMR,DENY,1,5,1
2026091734,ALLOW,FULL,ALLOW,1,35,8
2026091734,ALLOW,SEQUENTIAL,ALLOW,1,8,4
2026091734,ALLOW,CWR,ALLOW,1,5,1
2026091734,ALLOW,DFMR,ALLOW,1,5,1
2026091735,DENY,FULL,DENY,1,33,8
2026091735,DENY,SEQUENTIAL,DENY,1,11,4
2026091735,DENY,CWR,STEP_UP,0,25,7
2026091735,DENY,DFMR,DENY,1,4,1
2026091736,DENY,FULL,DENY,1,44,8
2026091736,DENY,SEQUENTIAL,DENY,1,13,4
2026091736,DENY,CWR,STEP_UP,0,43,8
2026091736,DENY,DFMR,DENY,1,7,1
2026091737,DENY,FULL,DENY,1,34,8
2026091737,DENY,SEQUENTIAL,DENY,1,9,4
2026091737,DENY,CWR,STEP_UP,0,26,7
2026091737,DENY,DFMR,DENY,1,4,1
2026091738,DENY,FULL,DENY,1,35,8
2026091738,DENY,SEQUENTIAL,DENY,1,10,4
2026091738,DENY,CWR,STEP_UP,0,28,7
2026091738,DENY,DFMR,DENY,1,5,1
2026091739,ALLOW,FULL,ALLOW,1,34,8
2026091739,ALLOW,SEQUENTIAL,ALLOW,1,8,4
2026091739,ALLOW,CWR,ALLOW,1,3,1
2026091739,ALLOW,DFMR,ALLOW,1,4,1
2026091740,ALLOW,FULL,ALLOW,1,36,8
2026091740,ALLOW,SEQUENTIAL,ALLOW,1,9,4
2026091740,ALLOW,CWR,ALLOW,1,4,2
2026091740,ALLOW,DFMR,ALLOW,1,9,2
2026091741,DENY,FULL,DENY,1,37,8
2026091741,DENY,SEQUENTIAL,DENY,1,8,4
2026091741,DENY,CWR,STEP_UP,0,32,7
2026091741,DENY,DFMR,DENY,1,3,1
2026091742,DENY,FULL,DENY,1,38,8
2026091742,DENY,SEQUENTIAL,DENY,1,9,4
2026091742,DENY,CWR,STEP_UP,0,28,7
2026091742,DENY,DFMR,DENY,1,3,1
2026091743,DENY,FULL,DENY,1,26,8
2026091743,DENY,SEQUENTIAL,DENY,1,6,4
2026091743,DENY,CWR,STEP_UP,0,23,8
2026091743,DENY,DFMR,DENY,1,4,1
2026091744,DENY,FULL,DENY,1,39,8
2026091744,DENY,SEQUENTIAL,DENY,1,9,4
2026091744,DENY,CWR,STEP_UP,0,36,8
2026091744,DENY,DFMR,DENY,1,4,1
2026091745,ALLOW,FULL,ALLOW,1,33,8
2026091745,ALLOW,SEQUENTIAL,ALLOW,1,10,4
2026091745,ALLOW,CWR,ALLOW,1,3,1
2026091745,ALLOW,DFMR,ALLOW,1,5,1
2026091746,ALLOW,FULL,ALLOW,1,33,8
2026091746,ALLOW,SEQUENTIAL,ALLOW,1,10,4
2026091746,ALLOW,CWR,ALLOW,1,3,1
2026091746,ALLOW,DFMR,ALLOW,1,3,1
2026091747,DENY,FULL,DENY,1,33,8
2026091747,DENY,SEQUENTIAL,DENY,1,9,4
2026091747,DENY,CWR,STEP_UP,0,32,8
2026091747,DENY,DFMR,DENY,1,3,1
2026091748,ALLOW,FULL,ALLOW,1,34,8
2026091748,ALLOW,SEQUENTIAL,ALLOW,1,8,4
2026091748,ALLOW,CWR,ALLOW,1,3,1
2026091748,ALLOW,DFMR,ALLOW,1,3,1
2026091749,ALLOW,FULL,ALLOW,1,31,8
2026091749,ALLOW,SEQUENTIAL,ALLOW,1,12,5
2026091749,ALLOW,CWR,ALLOW,1,12,5
2026091749,ALLOW,DFMR,ALLOW,1,6,2
2026091750,ALLOW,FULL,ALLOW,1,35,8
2026091750,ALLOW,SEQUENTIAL,ALLOW,1,8,4
2026091750,ALLOW,CWR,ALLOW,1,3,1
2026091750,ALLOW,DFMR,ALLOW,1,3,1
2026091751,DENY,FULL,DENY,1,41,8
2026091751,DENY,SEQUENTIAL,DENY,1,15,5
2026091751,DENY,CWR,STEP_UP,0,30,7
2026091751,DENY,DFMR,DENY,1,7,1
2026091752,ALLOW,FULL,ALLOW,1,29,8
2026091752,ALLOW,SEQUENTIAL,ALLOW,1,12,5
2026091752,ALLOW,CWR,ALLOW,1,12,5
2026091752,ALLOW,DFMR,ALLOW,1,6,2
2026091753,DENY,FULL,DENY,1,38,8
2026091753,DENY,SEQUENTIAL,DENY,1,21,6
2026091753,DENY,CWR,STEP_UP,0,27,6
2026091753,DENY,DFMR,DENY,1,6,1
2026091754,DENY,FULL,DENY,1,31,8
2026091754,DENY,SEQUENTIAL,DENY,1,9,4
2026091754,DENY,CWR,STEP_UP,0,30,8
2026091754,DENY,DFMR,DENY,1,5,1
2026091755,ALLOW,FULL,ALLOW,1,38,8
2026091755,ALLOW,SEQUENTIAL,ALLOW,1,10,4
2026091755,ALLOW,CWR,ALLOW,1,3,1
2026091755,ALLOW,DFMR,ALLOW,1,3,1
2026091756,ALLOW,FULL,ALLOW,1,39,8
2026091756,ALLOW,SEQUENTIAL,ALLOW,1,10,4
2026091756,ALLOW,CWR,ALLOW,1,4,1
2026091756,ALLOW,DFMR,ALLOW,1,4,1
2026091757,DENY,FULL,DENY,1,35,8
2026091757,DENY,SEQUENTIAL,DENY,1,7,4
2026091757,DENY,CWR,STEP_UP,0,26,7
2026091757,DENY,DFMR,DENY,1,9,2
2026091758,ALLOW,FULL,ALLOW,1,35,8
2026091758,ALLOW,SEQUENTIAL,ALLOW,1,11,4
2026091758,ALLOW,CWR,ALLOW,1,3,1
2026091758,ALLOW,DFMR,ALLOW,1,4,1
2026091759,ALLOW,FULL,ALLOW,1,34,8
2026091759,ALLOW,SEQUENTIAL,ALLOW,1,9,4
2026091759,ALLOW,CWR,ALLOW,1,3,1
2026091759,ALLOW,DFMR,ALLOW,1,3,1
2026091760,ALLOW,FULL,ALLOW,1,33,8
2026091760,ALLOW,SEQUENTIAL,ALLOW,1,7,4
2026091760,ALLOW,CWR,ALLOW,1,3,1
2026091760,ALLOW,DFMR,ALLOW,1,3,1
2026091761,ALLOW,FULL,ALLOW,1,33,8
2026091761,ALLOW,SEQUENTIAL,ALLOW,1,11,4
2026091761,ALLOW,CWR,ALLOW,1,3,1
2026091761,ALLOW,DFMR,ALLOW,1,4,1
2026091762,DENY,FULL,DENY,1,40,8
2026091762,DENY,SEQUENTIAL,DENY,1,10,4
2026091762,DENY,CWR,STEP_UP,0,31,7
2026091762,DENY,DFMR,DENY,1,4,1
2026091763,ALLOW,FULL,ALLOW,1,31,8
2026091763,ALLOW,SEQUENTIAL,ALLOW,1,11,4
2026091763,ALLOW,CWR,ALLOW,1,3,1
2026091763,ALLOW,DFMR,ALLOW,1,3,1
2026091764,ALLOW,FULL,ALLOW,1,34,8
2026091764,ALLOW,SEQUENTIAL,ALLOW,1,8,4
2026091764,ALLOW,CWR,ALLOW,1,3,1
2026091764,ALLOW,DFMR,ALLOW,1,3,1
2026091765,DENY,FULL,DENY,1,41,8
2026091765,DENY,SEQUENTIAL,DENY,1,10,4
2026091765,DENY,CWR,STEP_UP,0,32,7
2026091765,DENY,DFMR,DENY,1,5,1
2026091766,ALLOW,FULL,ALLOW,1,40,8
2026091766,ALLOW,SEQUENTIAL,ALLOW,1,17,5
2026091766,ALLOW,CWR,ALLOW,1,6,1
2026091766,ALLOW,DFMR,ALLOW,1,7,1
2026091767,DENY,FULL,DENY,1,35,8
2026091767,DENY,SEQUENTIAL,DENY,1,13,5
2026091767,DENY,CWR,STEP_UP,0,28,5
2026091767,DENY,DFMR,DENY,1,9,2
2026091768,ALLOW,FULL,ALLOW,1,32,8
2026091768,ALLOW,SEQUENTIAL,ALLOW,1,11,4
2026091768,ALLOW,CWR,ALLOW,1,4,1
2026091768,ALLOW,DFMR,ALLOW,1,4,1
2026091769,ALLOW,FULL,ALLOW,1,36,8
2026091769,ALLOW,SEQUENTIAL,ALLOW,1,10,4
2026091769,ALLOW,CWR,ALLOW,1,4,1
2026091769,ALLOW,DFMR,ALLOW,1,5,1
2026091770,ALLOW,FULL,ALLOW,1,36,8
2026091770,ALLOW,SEQUENTIAL,ALLOW,1,8,4
2026091770,ALLOW,CWR,ALLOW,1,3,1
2026091770,ALLOW,DFMR,ALLOW,1,3,1
2026091771,ALLOW,FULL,ALLOW,1,33,8
2026091771,ALLOW,SEQUENTIAL,ALLOW,1,9,4
2026091771,ALLOW,CWR,ALLOW,1,4,1
2026091771,ALLOW,DFMR,ALLOW,1,5,1
2026091772,ALLOW,FULL,ALLOW,1,30,8
2026091772,ALLOW,SEQUENTIAL,ALLOW,1,9,4
2026091772,ALLOW,CWR,ALLOW,1,3,1
2026091772,ALLOW,DFMR,ALLOW,1,7,2
2026091773,ALLOW,FULL,ALLOW,1,33,8
2026091773,ALLOW,SEQUENTIAL,ALLOW,1,8,4
2026091773,ALLOW,CWR,ALLOW,1,3,1
2026091773,ALLOW,DFMR,ALLOW,1,3,1
2026091774,ALLOW,FULL,ALLOW,1,34,8
2026091774,ALLOW,SEQUENTIAL,ALLOW,1,10,4
2026091774,ALLOW,CWR,ALLOW,1,4,1
2026091774,ALLOW,DFMR,ALLOW,1,5,1
2026091775,ALLOW,FULL,ALLOW,1,34,8
2026091775,ALLOW,SEQUENTIAL,ALLOW,1,13,5
2026091775,ALLOW,CWR,ALLOW,1,7,2
2026091775,ALLOW,DFMR,ALLOW,1,4,1
2026091776,ALLOW,FULL,ALLOW,1,35,8
2026091776,ALLOW,SEQUENTIAL,ALLOW,1,9,4
2026091776,ALLOW,CWR,ALLOW,1,6,3
2026091776,ALLOW,DFMR,ALLOW,1,9,2
2026091777,ALLOW,FULL,ALLOW,1,39,8
2026091777,ALLOW,SEQUENTIAL,ALLOW,1,9,4
2026091777,ALLOW,CWR,ALLOW,1,3,1
2026091777,ALLOW,DFMR,ALLOW,1,7,1
2026091778,ALLOW,FULL,ALLOW,1,37,8
2026091778,ALLOW,SEQUENTIAL,ALLOW,1,11,4
2026091778,ALLOW,CWR,ALLOW,1,3,1
2026091778,ALLOW,DFMR,ALLOW,1,4,1
2026091779,ALLOW,FULL,ALLOW,1,42,8
2026091779,ALLOW,SEQUENTIAL,ALLOW,1,9,4
2026091779,ALLOW,CWR,ALLOW,1,4,1
2026091779,ALLOW,DFMR,ALLOW,1,4,1
2026091780,ALLOW,FULL,ALLOW,1,39,8
2026091780,ALLOW,SEQUENTIAL,ALLOW,1,10,4
2026091780,ALLOW,CWR,ALLOW,1,4,1
2026091780,ALLOW,DFMR,ALLOW,1,6,1
2026091781,DENY,FULL,DENY,1,40,8
2026091781,DENY,SEQUENTIAL,DENY,1,9,4
2026091781,DENY,CWR,STEP_UP,0,28,6
2026091781,DENY,DFMR,DENY,1,8,1
2026091782,DENY,FULL,DENY,1,38,8
2026091782,DENY,SEQUENTIAL,DENY,1,10,4
2026091782,DENY,CWR,STEP_UP,0,33,7
2026091782,DENY,DFMR,DENY,1,4,1
2026091783,ALLOW,FULL,ALLOW,1,36,8
2026091783,ALLOW,SEQUENTIAL,ALLOW,1,11,4
2026091783,ALLOW,CWR,ALLOW,1,3,1
2026091783,ALLOW,DFMR,ALLOW,1,3,1
2026091784,DENY,FULL,DENY,1,32,8
2026091784,DENY,SEQUENTIAL,DENY,1,8,4
2026091784,DENY,CWR,STEP_UP,0,26,7
2026091784,DENY,DFMR,DENY,1,4,1
2026091785,DENY,FULL,DENY,1,31,8
2026091785,DENY,SEQUENTIAL,DENY,1,7,4
2026091785,DENY,CWR,STEP_UP,0,21,4
2026091785,DENY,DFMR,DENY,1,7,2
2026091786,DENY,FULL,DENY,1,36,8
2026091786,DENY,SEQUENTIAL,DENY,1,8,4
2026091786,DENY,CWR,STEP_UP,0,28,7
2026091786,DENY,DFMR,DENY,1,7,1
2026091787,DENY,FULL,DENY,1,37,8
2026091787,DENY,SEQUENTIAL,DENY,1,11,4
2026091787,DENY,CWR,STEP_UP,0,29,7
2026091787,DENY,DFMR,DENY,1,5,1
2026091788,ALLOW,FULL,ALLOW,1,46,8
2026091788,ALLOW,SEQUENTIAL,ALLOW,1,13,4
2026091788,ALLOW,CWR,ALLOW,1,5,1
2026091788,ALLOW,DFMR,ALLOW,1,7,1
2026091789,ALLOW,FULL,ALLOW,1,36,8
2026091789,ALLOW,SEQUENTIAL,ALLOW,1,10,4
2026091789,ALLOW,CWR,ALLOW,1,3,1
2026091789,ALLOW,DFMR,ALLOW,1,3,1
2026091790,ALLOW,FULL,ALLOW,1,33,8
2026091790,ALLOW,SEQUENTIAL,ALLOW,1,14,5
2026091790,ALLOW,CWR,ALLOW,1,8,2
2026091790,ALLOW,DFMR,ALLOW,1,8,2
2026091791,DENY,FULL,DENY,1,38,8
2026091791,DENY,SEQUENTIAL,DENY,1,9,4
2026091791,DENY,CWR,STEP_UP,0,30,6
2026091791,DENY,DFMR,DENY,1,3,1
2026091792,ALLOW,FULL,ALLOW,1,35,8
2026091792,ALLOW,SEQUENTIAL,ALLOW,1,8,4
2026091792,ALLOW,CWR,ALLOW,1,4,1
2026091792,ALLOW,DFMR,ALLOW,1,5,1
2026091793,DENY,FULL,DENY,1,31,8
2026091793,DENY,SEQUENTIAL,DENY,1,9,4
2026091793,DENY,CWR,STEP_UP,0,25,7
2026091793,DENY,DFMR,DENY,1,3,1
2026091794,ALLOW,FULL,ALLOW,1,40,8
2026091794,ALLOW,SEQUENTIAL,ALLOW,1,11,4
2026091794,ALLOW,CWR,ALLOW,1,5,1
2026091794,ALLOW,DFMR,ALLOW,1,5,1
2026091795,ALLOW,FULL,ALLOW,1,45,8
2026091795,ALLOW,SEQUENTIAL,ALLOW,1,12,4
2026091795,ALLOW,CWR,ALLOW,1,7,1
2026091795,ALLOW,DFMR,ALLOW,1,7,1
2026091796,DENY,FULL,DENY,1,40,8
2026091796,DENY,SEQUENTIAL,DENY,1,11,4
2026091796,DENY,CWR,STEP_UP,0,33,7
2026091796,DENY,DFMR,DENY,1,6,1
2026091797,DENY,FULL,DENY,1,40,8
2026091797,DENY,SEQUENTIAL,DENY,1,11,4
2026091797,DENY,CWR,STEP_UP,0,23,4
2026091797,DENY,DFMR,DENY,1,9,2
2026091798,ALLOW,FULL,ALLOW,1,32,8
2026091798,ALLOW,SEQUENTIAL,ALLOW,1,10,4
2026091798,ALLOW,CWR,ALLOW,1,4,1
2026091798,ALLOW,DFMR,ALLOW,1,4,1
2026091799,DENY,FULL,DENY,1,35,8
2026091799,DENY,SEQUENTIAL,DENY,1,10,4
2026091799,DENY,CWR,STEP_UP,0,26,7
2026091799,DENY,DFMR,DENY,1,4,1
2026091800,DENY,FULL,DENY,1,32,8
2026091800,DENY,SEQUENTIAL,DENY,1,12,5
2026091800,DENY,CWR,STEP_UP,0,29,8
2026091800,DENY,DFMR,DENY,1,6,2
2026091801,ALLOW,FULL,ALLOW,1,30,8
2026091801,ALLOW,SEQUENTIAL,ALLOW,1,15,5
2026091801,ALLOW,CWR,ALLOW,1,15,5
2026091801,ALLOW,DFMR,ALLOW,1,6,2
2026091802,DENY,FULL,DENY,1,30,8
2026091802,DENY,SEQUENTIAL,DENY,1,9,4
2026091802,DENY,CWR,STEP_UP,0,20,7
2026091802,DENY,DFMR,DENY,1,3,1
2026091803,ALLOW,FULL,ALLOW,1,37,8
2026091803,ALLOW,SEQUENTIAL,ALLOW,1,14,5
2026091803,ALLOW,CWR,ALLOW,1,7,2
2026091803,ALLOW,DFMR,ALLOW,1,7,2
2026091804,ALLOW,FULL,ALLOW,1,34,8
2026091804,ALLOW,SEQUENTIAL,ALLOW,1,10,4
2026091804,ALLOW,CWR,ALLOW,1,4,1
2026091804,ALLOW,DFMR,ALLOW,1,4,1
2026091805,ALLOW,FULL,ALLOW,1,35,8
2026091805,ALLOW,SEQUENTIAL,ALLOW,1,10,4
2026091805,ALLOW,CWR,ALLOW,1,3,1
2026091805,ALLOW,DFMR,ALLOW,1,4,1
2026091806,DENY,FULL,DENY,1,32,8
2026091806,DENY,SEQUENTIAL,DENY,1,8,4
2026091806,DENY,CWR,STEP_UP,0,22,6
2026091806,DENY,DFMR,DENY,1,4,1
2026091807,DENY,FULL,DENY,1,37,8
2026091807,DENY,SEQUENTIAL,DENY,1,7,4
2026091807,DENY,CWR,STEP_UP,0,34,8
2026091807,DENY,DFMR,DENY,1,9,2
2026091808,ALLOW,FULL,ALLOW,1,39,8
2026091808,ALLOW,SEQUENTIAL,ALLOW,1,11,4
2026091808,ALLOW,CWR,ALLOW,1,4,1
2026091808,ALLOW,DFMR,ALLOW,1,4,1
2026091809,DENY,FULL,DENY,1,36,8
2026091809,DENY,SEQUENTIAL,DENY,1,8,4
2026091809,DENY,CWR,STEP_UP,0,21,6
2026091809,DENY,DFMR,DENY,1,6,1
2026091810,ALLOW,FULL,ALLOW,1,42,8
2026091810,ALLOW,SEQUENTIAL,ALLOW,1,16,5
2026091810,ALLOW,CWR,ALLOW,1,11,2
2026091810,ALLOW,DFMR,ALLOW,1,7,1
2026091811,ALLOW,FULL,ALLOW,1,34,8
2026091811,ALLOW,SEQUENTIAL,ALLOW,1,10,4
2026091811,ALLOW,CWR,ALLOW,1,3,1
2026091811,ALLOW,DFMR,ALLOW,1,3,1
2026091812,DENY,FULL,DENY,1,28,8
2026091812,DENY,SEQUENTIAL,DENY,1,9,4
2026091812,DENY,CWR,STEP_UP,0,22,7
2026091812,DENY,DFMR,DENY,1,3,1
2026091813,ALLOW,FULL,ALLOW,1,38,8
2026091813,ALLOW,SEQUENTIAL,ALLOW,1,9,4
2026091813,ALLOW,CWR,ALLOW,1,4,1
2026091813,ALLOW,DFMR,ALLOW,1,4,1
2026091814,ALLOW,FULL,ALLOW,1,34,8
2026091814,ALLOW,SEQUENTIAL,ALLOW,1,8,4
2026091814,ALLOW,CWR,ALLOW,1,3,1
2026091814,ALLOW,DFMR,ALLOW,1,5,1
2026091815,DENY,FULL,DENY,1,33,8
2026091815,DENY,SEQUENTIAL,DENY,1,10,4
2026091815,DENY,CWR,STEP_UP,0,28,7
2026091815,DENY,DFMR,DENY,1,3,1
2026091816,ALLOW,FULL,ALLOW,1,38,8
2026091816,ALLOW,SEQUENTIAL,ALLOW,1,10,4
2026091816,ALLOW,CWR,ALLOW,1,3,1
2026091816,ALLOW,DFMR,ALLOW,1,7,2
2026091817,DENY,FULL,DENY,1,31,8
2026091817,DENY,SEQUENTIAL,DENY,1,10,4
2026091817,DENY,CWR,STEP_UP,0,22,7
2026091817,DENY,DFMR,DENY,1,3,1
2026091818,DENY,FULL,DENY,1,30,8
2026091818,DENY,SEQUENTIAL,DENY,1,8,4
2026091818,DENY,CWR,STEP_UP,0,29,8
2026091818,DENY,DFMR,DENY,1,3,1
2026091819,ALLOW,FULL,ALLOW,1,30,8
2026091819,ALLOW,SEQUENTIAL,ALLOW,1,9,4
2026091819,ALLOW,CWR,ALLOW,1,3,1
2026091819,ALLOW,DFMR,ALLOW,1,3,1
2026091820,DENY,FULL,DENY,1,41,8
2026091820,DENY,SEQUENTIAL,DENY,1,11,4
2026091820,DENY,CWR,STEP_UP,0,25,6
2026091820,DENY,DFMR,DENY,1,7,1
2026091821,ALLOW,FULL,ALLOW,1,39,8
2026091821,ALLOW,SEQUENTIAL,ALLOW,1,9,4
2026091821,ALLOW,CWR,ALLOW,1,9,4
2026091821,ALLOW,DFMR,ALLOW,1,9,2
2026091822,DENY,FULL,DENY,1,36,8
2026091822,DENY,SEQUENTIAL,DENY,1,8,4
2026091822,DENY,CWR,STEP_UP,0,30,7
2026091822,DENY,DFMR,DENY,1,3,1
2026091823,DENY,FULL,DENY,1,37,8
2026091823,DENY,SEQUENTIAL,DENY,1,12,4
2026091823,DENY,CWR,STEP_UP,0,27,5
2026091823,DENY,DFMR,DENY,1,8,2
2026091824,DENY,FULL,DENY,1,42,8
2026091824,DENY,SEQUENTIAL,DENY,1,11,4
2026091824,DENY,CWR,STEP_UP,0,33,7
2026091824,DENY,DFMR,DENY,1,4,1
2026091825,DENY,FULL,DENY,1,36,8
2026091825,DENY,SEQUENTIAL,DENY,1,11,4
2026091825,DENY,CWR,STEP_UP,0,30,7
2026091825,DENY,DFMR,DENY,1,5,1
2026091826,DENY,FULL,DENY,1,31,8
2026091826,DENY,SEQUENTIAL,DENY,1,11,4
2026091826,DENY,CWR,STEP_UP,0,26,7
2026091826,DENY,DFMR,DENY,1,3,1
2026091827,DENY,FULL,DENY,1,34,8
2026091827,DENY,SEQUENTIAL,DENY,1,13,5
2026091827,DENY,CWR,STEP_UP,0,33,8
2026091827,DENY,DFMR,DENY,1,6,2
2026091828,ALLOW,FULL,ALLOW,1,36,8
2026091828,ALLOW,SEQUENTIAL,ALLOW,1,10,4
2026091828,ALLOW,CWR,ALLOW,1,4,1
2026091828,ALLOW,DFMR,ALLOW,1,4,1
2026091829,DENY,FULL,DENY,1,30,8
2026091829,DENY,SEQUENTIAL,DENY,1,11,5
2026091829,DENY,CWR,STEP_UP,0,28,8
2026091829,DENY,DFMR,DENY,1,4,1
2026091830,DENY,FULL,DENY,1,38,8
2026091830,DENY,SEQUENTIAL,DENY,1,20,6
2026091830,DENY,CWR,STEP_UP,0,35,8
2026091830,DENY,DFMR,DENY,1,9,2
2026091831,DENY,FULL,DENY,1,40,8
2026091831,DENY,SEQUENTIAL,DENY,1,11,4
2026091831,DENY,CWR,STEP_UP,0,39,8
2026091831,DENY,DFMR,DENY,1,5,1
2026091832,DENY,FULL,DENY,1,35,8
2026091832,DENY,SEQUENTIAL,DENY,1,10,4
2026091832,DENY,CWR,STEP_UP,0,33,8
2026091832,DENY,DFMR,DENY,1,3,1
2026091833,DENY,FULL,DENY,1,36,8
2026091833,DENY,SEQUENTIAL,DENY,1,6,4
2026091833,DENY,CWR,STEP_UP,0,20,6
2026091833,DENY,DFMR,DENY,1,3,1
2026091834,ALLOW,FULL,ALLOW,1,41,8
2026091834,ALLOW,SEQUENTIAL,ALLOW,1,10,4
2026091834,ALLOW,CWR,ALLOW,1,4,1
2026091834,ALLOW,DFMR,ALLOW,1,4,1
2026091835,ALLOW,FULL,ALLOW,1,34,8
2026091835,ALLOW,SEQUENTIAL,ALLOW,1,11,4
2026091835,ALLOW,CWR,ALLOW,1,4,1
2026091835,ALLOW,DFMR,ALLOW,1,4,1
2026091836,DENY,FULL,DENY,1,36,8
2026091836,DENY,SEQUENTIAL,DENY,1,9,4
2026091836,DENY,CWR,STEP_UP,0,28,7
2026091836,DENY,DFMR,DENY,1,6,1
2026091837,DENY,FULL,DENY,1,38,8
2026091837,DENY,SEQUENTIAL,DENY,1,11,4
2026091837,DENY,CWR,STEP_UP,0,35,8
2026091837,DENY,DFMR,DENY,1,4,1
2026091838,DENY,FULL,DENY,1,38,8
2026091838,DENY,SEQUENTIAL,DENY,1,7,4
2026091838,DENY,CWR,STEP_UP,0,33,7
2026091838,DENY,DFMR,DENY,1,7,1
2026091839,ALLOW,FULL,ALLOW,1,37,8
2026091839,ALLOW,SEQUENTIAL,ALLOW,1,11,4
2026091839,ALLOW,CWR,ALLOW,1,3,1
2026091839,ALLOW,DFMR,ALLOW,1,3,1
2026091840,ALLOW,FULL,ALLOW,1,36,8
2026091840,ALLOW,SEQUENTIAL,ALLOW,1,9,4
2026091840,ALLOW,CWR,ALLOW,1,4,1
2026091840,ALLOW,DFMR,ALLOW,1,4,1
2026091841,ALLOW,FULL,ALLOW,1,37,8
2026091841,ALLOW,SEQUENTIAL,ALLOW,1,11,4
2026091841,ALLOW,CWR,ALLOW,1,5,1
2026091841,ALLOW,DFMR,ALLOW,1,6,1
2026091842,ALLOW,FULL,ALLOW,1,35,8
2026091842,ALLOW,SEQUENTIAL,ALLOW,1,8,4
2026091842,ALLOW,CWR,ALLOW,1,3,1
2026091842,ALLOW,DFMR,ALLOW,1,8,2
2026091843,ALLOW,FULL,ALLOW,1,30,8
2026091843,ALLOW,SEQUENTIAL,ALLOW,1,10,4
2026091843,ALLOW,CWR,ALLOW,1,3,1
2026091843,ALLOW,DFMR,ALLOW,1,3,1
2026091844,DENY,FULL,DENY,1,32,8
2026091844,DENY,SEQUENTIAL,DENY,1,10,4
2026091844,DENY,CWR,STEP_UP,0,23,5
2026091844,DENY,DFMR,DENY,1,7,2
2026091845,DENY,FULL,DENY,1,37,8
2026091845,DENY,SEQUENTIAL,DENY,1,11,4
2026091845,DENY,CWR,STEP_UP,0,28,7
2026091845,DENY,DFMR,DENY,1,4,1
2026091846,DENY,FULL,DENY,1,28,8
2026091846,DENY,SEQUENTIAL,DENY,1,7,4
2026091846,DENY,CWR,STEP_UP,0,22,7
2026091846,DENY,DFMR,DENY,1,3,1
2026091847,ALLOW,FULL,ALLOW,1,29,8
2026091847,ALLOW,SEQUENTIAL,ALLOW,1,11,5
2026091847,ALLOW,CWR,ALLOW,1,11,5
2026091847,ALLOW,DFMR,ALLOW,1,7,2
2026091848,DENY,FULL,DENY,1,41,8
2026091848,DENY,SEQUENTIAL,DENY,1,11,4
2026091848,DENY,CWR,STEP_UP,0,30,7
2026091848,DENY,DFMR,DENY,1,6,1
2026091849,ALLOW,FULL,ALLOW,1,35,8
2026091849,ALLOW,SEQUENTIAL,ALLOW,1,8,4
2026091849,ALLOW,CWR,ALLOW,1,4,1
2026091849,ALLOW,DFMR,ALLOW,1,4,1
2026091850,DENY,FULL,DENY,1,44,8
2026091850,DENY,SEQUENTIAL,DENY,1,19,5
2026091850,DENY,CWR,STEP_UP,0,27,4
2026091850,DENY,DFMR,DENY,1,12,2
2026091851,ALLOW,FULL,ALLOW,1,33,8
2026091851,ALLOW,SEQUENTIAL,ALLOW,1,11,4
2026091851,ALLOW,CWR,ALLOW,1,11,4
2026091851,ALLOW,DFMR,ALLOW,1,7,2
2026091852,DENY,FULL,DENY,1,40,8
2026091852,DENY,SEQUENTIAL,DENY,1,8,4
2026091852,DENY,CWR,STEP_UP,0,29,7
2026091852,DENY,DFMR,DENY,1,3,1
2026091853,DENY,FULL,DENY,1,36,8
2026091853,DENY,SEQUENTIAL,DENY,1,11,4
2026091853,DENY,CWR,STEP_UP,0,30,7
2026091853,DENY,DFMR,DENY,1,3,1
2026091854,ALLOW,FULL,ALLOW,1,36,8
2026091854,ALLOW,SEQUENTIAL,ALLOW,1,9,4
2026091854,ALLOW,CWR,ALLOW,1,3,1
2026091854,ALLOW,DFMR,ALLOW,1,5,1
2026091855,ALLOW,FULL,ALLOW,1,41,8
2026091855,ALLOW,SEQUENTIAL,ALLOW,1,10,4
2026091855,ALLOW,CWR,ALLOW,1,3,1
2026091855,ALLOW,DFMR,ALLOW,1,5,1
2026091856,ALLOW,FULL,ALLOW,1,40,8
2026091856,ALLOW,SEQUENTIAL,ALLOW,1,12,4
2026091856,ALLOW,CWR,ALLOW,1,6,1
2026091856,ALLOW,DFMR,ALLOW,1,6,1
2026091857,DENY,FULL,DENY,1,36,8
2026091857,DENY,SEQUENTIAL,DENY,1,12,4
2026091857,DENY,CWR,STEP_UP,0,35,8
2026091857,DENY,DFMR,DENY,1,5,1
2026091858,DENY,FULL,DENY,1,32,8
2026091858,DENY,SEQUENTIAL,DENY,1,9,4
2026091858,DENY,CWR,STEP_UP,0,21,7
2026091858,DENY,DFMR,DENY,1,3,1
2026091859,ALLOW,FULL,ALLOW,1,36,8
2026091859,ALLOW,SEQUENTIAL,ALLOW,1,10,4
2026091859,ALLOW,CWR,ALLOW,1,3,1
2026091859,ALLOW,DFMR,ALLOW,1,3,1
2026091860,DENY,FULL,DENY,1,32,8
2026091860,DENY,SEQUENTIAL,DENY,1,9,4
2026091860,DENY,CWR,STEP_UP,0,24,7
2026091860,DENY,DFMR,DENY,1,3,1
2026091861,DENY,FULL,DENY,1,38,8
2026091861,DENY,SEQUENTIAL,DENY,1,12,4
2026091861,DENY,CWR,STEP_UP,0,34,7
2026091861,DENY,DFMR,DENY,1,4,1
2026091862,ALLOW,FULL,ALLOW,1,31,8
2026091862,ALLOW,SEQUENTIAL,ALLOW,1,9,4
2026091862,ALLOW,CWR,ALLOW,1,3,1
2026091862,ALLOW,DFMR,ALLOW,1,3,1
2026091863,ALLOW,FULL,ALLOW,1,46,8
2026091863,ALLOW,SEQUENTIAL,ALLOW,1,11,4
2026091863,ALLOW,CWR,ALLOW,1,4,1
2026091863,ALLOW,DFMR,ALLOW,1,8,1
2026091864,DENY,FULL,DENY,1,35,8
2026091864,DENY,SEQUENTIAL,DENY,1,9,4
2026091864,DENY,CWR,STEP_UP,0,27,7
2026091864,DENY,DFMR,DENY,1,3,1
2026091865,DENY,FULL,DENY,1,35,8
2026091865,DENY,SEQUENTIAL,DENY,1,8,4
2026091865,DENY,CWR,STEP_UP,0,27,7
2026091865,DENY,DFMR,DENY,1,6,1
2026091866,DENY,FULL,DENY,1,36,8
2026091866,DENY,SEQUENTIAL,DENY,1,16,5
2026091866,DENY,CWR,STEP_UP,0,28,5
2026091866,DENY,DFMR,DENY,1,10,2
2026091867,DENY,FULL,DENY,1,34,8
2026091867,DENY,SEQUENTIAL,DENY,1,11,4
2026091867,DENY,CWR,STEP_UP,0,33,8
2026091867,DENY,DFMR,DENY,1,4,1
2026091868,DENY,FULL,DENY,1,41,8
2026091868,DENY,SEQUENTIAL,DENY,1,11,4
2026091868,DENY,CWR,STEP_UP,0,24,6
2026091868,DENY,DFMR,DENY,1,5,1
2026091869,DENY,FULL,DENY,1,36,8
2026091869,DENY,SEQUENTIAL,DENY,1,11,4
2026091869,DENY,CWR,STEP_UP,0,27,7
2026091869,DENY,DFMR,DENY,1,4,1
2026091870,DENY,FULL,DENY,1,36,8
2026091870,DENY,SEQUENTIAL,DENY,1,9,4
2026091870,DENY,CWR,STEP_UP,0,27,7
2026091870,DENY,DFMR,DENY,1,6,1
2026091871,DENY,FULL,DENY,1,41,8
2026091871,DENY,SEQUENTIAL,DENY,1,11,4
2026091871,DENY,CWR,STEP_UP,0,30,7
2026091871,DENY,DFMR,DENY,1,5,1
2026091872,DENY,FULL,DENY,1,38,8
2026091872,DENY,SEQUENTIAL,DENY,1,10,4
2026091872,DENY,CWR,STEP_UP,0,29,7
2026091872,DENY,DFMR,DENY,1,3,1
2026091873,ALLOW,FULL,ALLOW,1,37,8
2026091873,ALLOW,SEQUENTIAL,ALLOW,1,9,4
2026091873,ALLOW,CWR,ALLOW,1,9,4
2026091873,ALLOW,DFMR,ALLOW,1,7,2
2026091874,ALLOW,FULL,ALLOW,1,43,8
2026091874,ALLOW,SEQUENTIAL,ALLOW,1,11,4
2026091874,ALLOW,CWR,ALLOW,1,5,1
2026091874,ALLOW,DFMR,ALLOW,1,7,1
2026091875,DENY,FULL,DENY,1,28,8
2026091875,DENY,SEQUENTIAL,DENY,1,8,4
2026091875,DENY,CWR,STEP_UP,0,22,5
2026091875,DENY,DFMR,DENY,1,7,2
2026091876,DENY,FULL,DENY,1,35,8
2026091876,DENY,SEQUENTIAL,DENY,1,8,4
2026091876,DENY,CWR,STEP_UP,0,29,7
2026091876,DENY,DFMR,DENY,1,3,1
2026091877,DENY,FULL,DENY,1,37,8
2026091877,DENY,SEQUENTIAL,DENY,1,9,4
2026091877,DENY,CWR,STEP_UP,0,20,6
2026091877,DENY,DFMR,DENY,1,5,1
2026091878,ALLOW,FULL,ALLOW,1,43,8
2026091878,ALLOW,SEQUENTIAL,ALLOW,1,19,5
2026091878,ALLOW,CWR,ALLOW,1,11,2
2026091878,ALLOW,DFMR,ALLOW,1,6,1
2026091879,DENY,FULL,DENY,1,37,8
2026091879,DENY,SEQUENTIAL,DENY,1,14,5
2026091879,DENY,CWR,STEP_UP,0,27,5
2026091879,DENY,DFMR,DENY,1,7,2
2026091880,ALLOW,FULL,ALLOW,1,33,8
2026091880,ALLOW,SEQUENTIAL,ALLOW,1,9,4
2026091880,ALLOW,CWR,ALLOW,1,3,1
2026091880,ALLOW,DFMR,ALLOW,1,3,1
2026091881,DENY,FULL,DENY,1,34,8
2026091881,DENY,SEQUENTIAL,DENY,1,8,4
2026091881,DENY,CWR,STEP_UP,0,23,7
2026091881,DENY,DFMR,DENY,1,4,1
2026091882,DENY,FULL,DENY,1,36,8
2026091882,DENY,SEQUENTIAL,DENY,1,12,4
2026091882,DENY,CWR,STEP_UP,0,30,7
2026091882,DENY,DFMR,DENY,1,4,1
2026091883,ALLOW,FULL,ALLOW,1,32,8
2026091883,ALLOW,SEQUENTIAL,ALLOW,1,8,4
2026091883,ALLOW,CWR,ALLOW,1,3,1
2026091883,ALLOW,DFMR,ALLOW,1,7,2
2026091884,DENY,FULL,DENY,1,31,8
2026091884,DENY,SEQUENTIAL,DENY,1,6,4
2026091884,DENY,CWR,STEP_UP,0,27,7
2026091884,DENY,DFMR,DENY,1,3,1
2026091885,DENY,FULL,DENY,1,31,8
2026091885,DENY,SEQUENTIAL,DENY,1,8,4
2026091885,DENY,CWR,STEP_UP,0,24,7
2026091885,DENY,DFMR,DENY,1,3,1
2026091886,ALLOW,FULL,ALLOW,1,35,8
2026091886,ALLOW,SEQUENTIAL,ALLOW,1,7,4
2026091886,ALLOW,CWR,ALLOW,1,3,1
2026091886,ALLOW,DFMR,ALLOW,1,10,2
2026091887,ALLOW,FULL,ALLOW,1,35,8
2026091887,ALLOW,SEQUENTIAL,ALLOW,1,14,5
2026091887,ALLOW,CWR,ALLOW,1,14,5
2026091887,ALLOW,DFMR,ALLOW,1,10,2
2026091888,DENY,FULL,DENY,1,30,8
2026091888,DENY,SEQUENTIAL,DENY,1,14,5
2026091888,DENY,CWR,STEP_UP,0,25,7
2026091888,DENY,DFMR,DENY,1,7,2
2026091889,DENY,FULL,DENY,1,40,8
2026091889,DENY,SEQUENTIAL,DENY,1,10,4
2026091889,DENY,CWR,STEP_UP,0,31,7
2026091889,DENY,DFMR,DENY,1,4,1
2026091890,DENY,FULL,DENY,1,35,8
2026091890,DENY,SEQUENTIAL,DENY,1,9,4
2026091890,DENY,CWR,STEP_UP,0,28,7
2026091890,DENY,DFMR,DENY,1,4,1
2026091891,ALLOW,FULL,ALLOW,1,38,8
2026091891,ALLOW,SEQUENTIAL,ALLOW,1,10,4
2026091891,ALLOW,CWR,ALLOW,1,4,1
2026091891,ALLOW,DFMR,ALLOW,1,5,1
2026091892,ALLOW,FULL,ALLOW,1,32,8
2026091892,ALLOW,SEQUENTIAL,ALLOW,1,13,5
2026091892,ALLOW,CWR,ALLOW,1,13,5
2026091892,ALLOW,DFMR,ALLOW,1,6,2
2026091893,ALLOW,FULL,ALLOW,1,38,8
2026091893,ALLOW,SEQUENTIAL,ALLOW,1,16,5
2026091893,ALLOW,CWR,ALLOW,1,9,2
2026091893,ALLOW,DFMR,ALLOW,1,9,2
2026091894,DENY,FULL,DENY,1,33,8
2026091894,DENY,SEQUENTIAL,DENY,1,11,4
2026091894,DENY,CWR,STEP_UP,0,32,8
2026091894,DENY,DFMR,DENY,1,3,1
2026091895,DENY,FULL,DENY,1,36,8
2026091895,DENY,SEQUENTIAL,DENY,1,10,4
2026091895,DENY,CWR,STEP_UP,0,29,7
2026091895,DENY,DFMR,DENY,1,3,1
2026091896,DENY,FULL,DENY,1,33,8
2026091896,DENY,SEQUENTIAL,DENY,1,11,4
2026091896,DENY,CWR,STEP_UP,0,24,7
2026091896,DENY,DFMR,DENY,1,4,1
2026091897,DENY,FULL,DENY,1,38,8
2026091897,DENY,SEQUENTIAL,DENY,1,10,4
2026091897,DENY,CWR,STEP_UP,0,30,7
2026091897,DENY,DFMR,DENY,1,3,1
2026091898,ALLOW,FULL,ALLOW,1,33,8
2026091898,ALLOW,SEQUENTIAL,ALLOW,1,6,4
2026091898,ALLOW,CWR,ALLOW,1,3,1
2026091898,ALLOW,DFMR,ALLOW,1,3,1
2026091899,ALLOW,FULL,ALLOW,1,36,8
2026091899,ALLOW,SEQUENTIAL,ALLOW,1,14,5
2026091899,ALLOW,CWR,ALLOW,1,8,2
2026091899,ALLOW,DFMR,ALLOW,1,8,2
2026091900,ALLOW,FULL,ALLOW,1,36,8
2026091900,ALLOW,SEQUENTIAL,ALLOW,1,15,5
2026091900,ALLOW,CWR,ALLOW,1,6,1
2026091900,ALLOW,DFMR,ALLOW,1,6,1
2026091901,ALLOW,FULL,ALLOW,1,35,8
2026091901,ALLOW,SEQUENTIAL,ALLOW,1,11,4
2026091901,ALLOW,CWR,ALLOW,1,3,1
2026091901,ALLOW,DFMR,ALLOW,1,7,2
2026091902,ALLOW,FULL,ALLOW,1,38,8
2026091902,ALLOW,SEQUENTIAL,ALLOW,1,10,4
2026091902,ALLOW,CWR,ALLOW,1,5,1
2026091902,ALLOW,DFMR,ALLOW,1,5,1
2026091903,DENY,FULL,DENY,1,33,8
2026091903,DENY,SEQUENTIAL,DENY,1,13,5
2026091903,DENY,CWR,STEP_UP,0,24,5
2026091903,DENY,DFMR,DENY,1,7,2
2026091904,ALLOW,FULL,ALLOW,1,37,8
2026091904,ALLOW,SEQUENTIAL,ALLOW,1,11,4
2026091904,ALLOW,CWR,ALLOW,1,3,1
2026091904,ALLOW,DFMR,ALLOW,1,3,1
2026091905,ALLOW,FULL,ALLOW,1,37,8
2026091905,ALLOW,SEQUENTIAL,ALLOW,1,20,6
2026091905,ALLOW,CWR,ALLOW,1,9,2
2026091905,ALLOW,DFMR,ALLOW,1,6,1
2026091906,DENY,FULL,DENY,1,35,8
2026091906,DENY,SEQUENTIAL,DENY,1,7,4
2026091906,DENY,CWR,STEP_UP,0,32,8
2026091906,DENY,DFMR,DENY,1,3,1
2026091907,ALLOW,FULL,ALLOW,1,38,8
2026091907,ALLOW,SEQUENTIAL,ALLOW,1,12,4
2026091907,ALLOW,CWR,ALLOW,1,3,1
2026091907,ALLOW,DFMR,ALLOW,1,8,2
2026091908,ALLOW,FULL,ALLOW,1,34,8
2026091908,ALLOW,SEQUENTIAL,ALLOW,1,8,4
2026091908,ALLOW,CWR,ALLOW,1,3,1
2026091908,ALLOW,DFMR,ALLOW,1,5,1
2026091909,DENY,FULL,DENY,1,36,8
2026091909,DENY,SEQUENTIAL,DENY,1,14,5
2026091909,DENY,CWR,STEP_UP,0,29,7
2026091909,DENY,DFMR,DENY,1,4,1
2026091910,ALLOW,FULL,ALLOW,1,45,8
2026091910,ALLOW,SEQUENTIAL,ALLOW,1,13,4
2026091910,ALLOW,CWR,ALLOW,1,6,1
2026091910,ALLOW,DFMR,ALLOW,1,6,1
2026091911,DENY,FULL,DENY,1,37,8
2026091911,DENY,SEQUENTIAL,DENY,1,9,4
2026091911,DENY,CWR,STEP_UP,0,36,8
2026091911,DENY,DFMR,DENY,1,5,1
2026091912,ALLOW,FULL,ALLOW,1,30,8
2026091912,ALLOW,SEQUENTIAL,ALLOW,1,10,4
2026091912,ALLOW,CWR,ALLOW,1,3,1
2026091912,ALLOW,DFMR,ALLOW,1,3,1
2026091913,ALLOW,FULL,ALLOW,1,39,8
2026091913,ALLOW,SEQUENTIAL,ALLOW,1,10,4
2026091913,ALLOW,CWR,ALLOW,1,4,1
2026091913,ALLOW,DFMR,ALLOW,1,4,1
2026091914,DENY,FULL,DENY,1,37,8
2026091914,DENY,SEQUENTIAL,DENY,1,9,4
2026091914,DENY,CWR,STEP_UP,0,35,8
2026091914,DENY,DFMR,DENY,1,4,1
2026091915,ALLOW,FULL,ALLOW,1,30,8
2026091915,ALLOW,SEQUENTIAL,ALLOW,1,8,4
2026091915,ALLOW,CWR,ALLOW,1,3,1
2026091915,ALLOW,DFMR,ALLOW,1,3,1
2026091916,ALLOW,FULL,ALLOW,1,35,8
2026091916,ALLOW,SEQUENTIAL,ALLOW,1,10,4
2026091916,ALLOW,CWR,ALLOW,1,3,1
2026091916,ALLOW,DFMR,ALLOW,1,4,1
2026091917,DENY,FULL,DENY,1,33,8
2026091917,DENY,SEQUENTIAL,DENY,1,10,4
2026091917,DENY,CWR,STEP_UP,0,27,7
2026091917,DENY,DFMR,DENY,1,4,1
2026091918,ALLOW,FULL,ALLOW,1,43,8
2026091918,ALLOW,SEQUENTIAL,ALLOW,1,11,4
2026091918,ALLOW,CWR,ALLOW,1,7,1
2026091918,ALLOW,DFMR,ALLOW,1,7,1
2026091919,ALLOW,FULL,ALLOW,1,36,8
2026091919,ALLOW,SEQUENTIAL,ALLOW,1,10,4
2026091919,ALLOW,CWR,ALLOW,1,3,1
2026091919,ALLOW,DFMR,ALLOW,1,3,1
2026091920,DENY,FULL,DENY,1,31,8
2026091920,DENY,SEQUENTIAL,DENY,1,9,4
2026091920,DENY,CWR,STEP_UP,0,23,7
2026091920,DENY,DFMR,DENY,1,3,1
2026091921,ALLOW,FULL,ALLOW,1,37,8
2026091921,ALLOW,SEQUENTIAL,ALLOW,1,10,4
2026091921,ALLOW,CWR,ALLOW,1,5,1
2026091921,ALLOW,DFMR,ALLOW,1,5,1
2026091922,ALLOW,FULL,ALLOW,1,33,8
2026091922,ALLOW,SEQUENTIAL,ALLOW,1,9,4
2026091922,ALLOW,CWR,ALLOW,1,3,1
2026091922,ALLOW,DFMR,ALLOW,1,3,1
2026091923,ALLOW,FULL,ALLOW,1,37,8
2026091923,ALLOW,SEQUENTIAL,ALLOW,1,10,4
2026091923,ALLOW,CWR,ALLOW,1,3,1
2026091923,ALLOW,DFMR,ALLOW,1,3,1
2026091924,DENY,FULL,DENY,1,26,8
2026091924,DENY,SEQUENTIAL,DENY,1,7,4
2026091924,DENY,CWR,STEP_UP,0,20,7
2026091924,DENY,DFMR,DENY,1,4,1
2026091925,ALLOW,FULL,ALLOW,1,44,8
2026091925,ALLOW,SEQUENTIAL,ALLOW,1,12,4
2026091925,ALLOW,CWR,ALLOW,1,5,1
2026091925,ALLOW,DFMR,ALLOW,1,5,1
2026091926,ALLOW,FULL,ALLOW,1,32,8
2026091926,ALLOW,SEQUENTIAL,ALLOW,1,12,5
2026091926,ALLOW,CWR,ALLOW,1,4,1
2026091926,ALLOW,DFMR,ALLOW,1,6,1
2026091927,DENY,FULL,DENY,1,40,8
2026091927,DENY,SEQUENTIAL,DENY,1,11,4
2026091927,DENY,CWR,STEP_UP,0,26,6
2026091927,DENY,DFMR,DENY,1,5,1
2026091928,DENY,FULL,DENY,1,37,8
2026091928,DENY,SEQUENTIAL,DENY,1,12,4
2026091928,DENY,CWR,STEP_UP,0,28,7
2026091928,DENY,DFMR,DENY,1,4,1
2026091929,DENY,FULL,DENY,1,33,8
2026091929,DENY,SEQUENTIAL,DENY,1,13,5
2026091929,DENY,CWR,STEP_UP,0,26,7
2026091929,DENY,DFMR,DENY,1,4,1
2026091930,DENY,FULL,DENY,1,33,8
2026091930,DENY,SEQUENTIAL,DENY,1,9,4
2026091930,DENY,CWR,STEP_UP,0,25,5
2026091930,DENY,DFMR,DENY,1,6,2
2026091931,ALLOW,FULL,ALLOW,1,40,8
2026091931,ALLOW,SEQUENTIAL,ALLOW,1,13,4
2026091931,ALLOW,CWR,ALLOW,1,6,1
2026091931,ALLOW,DFMR,ALLOW,1,6,1
2026091932,DENY,FULL,DENY,1,27,8
2026091932,DENY,SEQUENTIAL,DENY,1,8,4
2026091932,DENY,CWR,STEP_UP,0,22,7
2026091932,DENY,DFMR,DENY,1,3,1
2026091933,DENY,FULL,DENY,1,35,8
2026091933,DENY,SEQUENTIAL,DENY,1,7,4
2026091933,DENY,CWR,STEP_UP,0,28,7
2026091933,DENY,DFMR,DENY,1,3,1
2026091934,ALLOW,FULL,ALLOW,1,42,8
2026091934,ALLOW,SEQUENTIAL,ALLOW,1,12,4
2026091934,ALLOW,CWR,ALLOW,1,3,1
2026091934,ALLOW,DFMR,ALLOW,1,3,1
2026091935,DENY,FULL,DENY,1,31,8
2026091935,DENY,SEQUENTIAL,DENY,1,11,4
2026091935,DENY,CWR,STEP_UP,0,26,7
2026091935,DENY,DFMR,DENY,1,4,1
2026091936,ALLOW,FULL,ALLOW,1,35,8
2026091936,ALLOW,SEQUENTIAL,ALLOW,1,8,4
2026091936,ALLOW,CWR,ALLOW,1,3,1
2026091936,ALLOW,DFMR,ALLOW,1,3,1
2026091937,ALLOW,FULL,ALLOW,1,38,8
2026091937,ALLOW,SEQUENTIAL,ALLOW,1,15,5
2026091937,ALLOW,CWR,ALLOW,1,10,2
2026091937,ALLOW,DFMR,ALLOW,1,10,2
2026091938,ALLOW,FULL,ALLOW,1,41,8
2026091938,ALLOW,SEQUENTIAL,ALLOW,1,10,4
2026091938,ALLOW,CWR,ALLOW,1,10,4
2026091938,ALLOW,DFMR,ALLOW,1,11,2
2026091939,DENY,FULL,DENY,1,33,8
2026091939,DENY,SEQUENTIAL,DENY,1,7,4
2026091939,DENY,CWR,STEP_UP,0,24,7
2026091939,DENY,DFMR,DENY,1,7,2
2026091940,ALLOW,FULL,ALLOW,1,34,8
2026091940,ALLOW,SEQUENTIAL,ALLOW,1,16,5
2026091940,ALLOW,CWR,ALLOW,1,8,2
2026091940,ALLOW,DFMR,ALLOW,1,8,2
2026091941,DENY,FULL,DENY,1,35,8
2026091941,DENY,SEQUENTIAL,DENY,1,9,4
2026091941,DENY,CWR,STEP_UP,0,28,7
2026091941,DENY,DFMR,DENY,1,9,2
2026091942,DENY,FULL,DENY,1,43,8
2026091942,DENY,SEQUENTIAL,DENY,1,11,4
2026091942,DENY,CWR,STEP_UP,0,25,6
2026091942,DENY,DFMR,DENY,1,7,1
2026091943,DENY,FULL,DENY,1,36,8
2026091943,DENY,SEQUENTIAL,DENY,1,10,4
2026091943,DENY,CWR,STEP_UP,0,22,6
2026091943,DENY,DFMR,DENY,1,5,1
2026091944,DENY,FULL,DENY,1,38,8
2026091944,DENY,SEQUENTIAL,DENY,1,8,4
2026091944,DENY,CWR,STEP_UP,0,28,7
2026091944,DENY,DFMR,DENY,1,3,1
2026091945,ALLOW,FULL,ALLOW,1,42,8
2026091945,ALLOW,SEQUENTIAL,ALLOW,1,11,4
2026091945,ALLOW,CWR,ALLOW,1,3,1
2026091945,ALLOW,DFMR,ALLOW,1,6,1
2026091946,ALLOW,FULL,ALLOW,1,34,8
2026091946,ALLOW,SEQUENTIAL,ALLOW,1,8,4
2026091946,ALLOW,CWR,ALLOW,1,3,1
2026091946,ALLOW,DFMR,ALLOW,1,3,1
2026091947,DENY,FULL,DENY,1,35,8
2026091947,DENY,SEQUENTIAL,DENY,1,10,4
2026091947,DENY,CWR,STEP_UP,0,34,8
2026091947,DENY,DFMR,DENY,1,3,1
2026091948,DENY,FULL,DENY,1,33,8
2026091948,DENY,SEQUENTIAL,DENY,1,8,4
2026091948,DENY,CWR,STEP_UP,0,27,7
2026091948,DENY,DFMR,DENY,1,5,1
2026091949,ALLOW,FULL,ALLOW,1,33,8
2026091949,ALLOW,SEQUENTIAL,ALLOW,1,8,4
2026091949,ALLOW,CWR,ALLOW,1,3,1
2026091949,ALLOW,DFMR,ALLOW,1,3,1
2026091950,DENY,FULL,DENY,1,33,8
2026091950,DENY,SEQUENTIAL,DENY,1,9,4
2026091950,DENY,CWR,STEP_UP,0,21,6
2026091950,DENY,DFMR,DENY,1,4,1
2026091951,DENY,FULL,DENY,1,38,8
2026091951,DENY,SEQUENTIAL,DENY,1,10,4
2026091951,DENY,CWR,STEP_UP,0,28,7
2026091951,DENY,DFMR,DENY,1,3,1
2026091952,ALLOW,FULL,ALLOW,1,33,8
2026091952,ALLOW,SEQUENTIAL,ALLOW,1,10,4
2026091952,ALLOW,CWR,ALLOW,1,3,1
2026091952,ALLOW,DFMR,ALLOW,1,3,1
2026091953,ALLOW,FULL,ALLOW,1,39,8
2026091953,ALLOW,SEQUENTIAL,ALLOW,1,12,4
2026091953,ALLOW,CWR,ALLOW,1,3,1
2026091953,ALLOW,DFMR,ALLOW,1,3,1
2026091954,ALLOW,FULL,ALLOW,1,33,8
2026091954,ALLOW,SEQUENTIAL,ALLOW,1,9,4
2026091954,ALLOW,CWR,ALLOW,1,3,1
2026091954,ALLOW,DFMR,ALLOW,1,3,1
2026091955,DENY,FULL,DENY,1,47,8
2026091955,DENY,SEQUENTIAL,DENY,1,14,4
2026091955,DENY,CWR,STEP_UP,0,37,7
2026091955,DENY,DFMR,DENY,1,7,1
2026091956,ALLOW,FULL,ALLOW,1,39,8
2026091956,ALLOW,SEQUENTIAL,ALLOW,1,10,4
2026091956,ALLOW,CWR,ALLOW,1,3,1
2026091956,ALLOW,DFMR,ALLOW,1,3,1
2026091957,DENY,FULL,DENY,1,35,8
2026091957,DENY,SEQUENTIAL,DENY,1,8,4
2026091957,DENY,CWR,STEP_UP,0,25,5
2026091957,DENY,DFMR,DENY,1,5,1
2026091958,ALLOW,FULL,ALLOW,1,38,8
2026091958,ALLOW,SEQUENTIAL,ALLOW,1,9,4
2026091958,ALLOW,CWR,ALLOW,1,4,1
2026091958,ALLOW,DFMR,ALLOW,1,4,1
2026091959,ALLOW,FULL,ALLOW,1,35,8
2026091959,ALLOW,SEQUENTIAL,ALLOW,1,10,4
2026091959,ALLOW,CWR,ALLOW,1,4,1
2026091959,ALLOW,DFMR,ALLOW,1,4,1
2026091960,DENY,FULL,DENY,1,41,8
2026091960,DENY,SEQUENTIAL,DENY,1,25,6
2026091960,DENY,CWR,STEP_UP,0,28,4
2026091960,DENY,DFMR,DENY,1,13,2
2026091961,DENY,FULL,DENY,1,37,8
2026091961,DENY,SEQUENTIAL,DENY,1,13,4
2026091961,DENY,CWR,STEP_UP,0,25,6
2026091961,DENY,DFMR,DENY,1,4,1
2026091962,ALLOW,FULL,ALLOW,1,33,8
2026091962,ALLOW,SEQUENTIAL,ALLOW,1,9,4
2026091962,ALLOW,CWR,ALLOW,1,3,1
2026091962,ALLOW,DFMR,ALLOW,1,4,1
2026091963,ALLOW,FULL,ALLOW,1,40,8
2026091963,ALLOW,SEQUENTIAL,ALLOW,1,11,4
2026091963,ALLOW,CWR,ALLOW,1,3,1
2026091963,ALLOW,DFMR,ALLOW,1,5,1
2026091964,DENY,FULL,DENY,1,26,8
2026091964,DENY,SEQUENTIAL,DENY,1,9,4
2026091964,DENY,CWR,STEP_UP,0,19,7
2026091964,DENY,DFMR,DENY,1,3,1
2026091965,DENY,FULL,DENY,1,35,8
2026091965,DENY,SEQUENTIAL,DENY,1,10,4
2026091965,DENY,CWR,STEP_UP,0,28,7
2026091965,DENY,DFMR,DENY,1,3,1
2026091966,DENY,FULL,DENY,1,32,8
2026091966,DENY,SEQUENTIAL,DENY,1,9,4
2026091966,DENY,CWR,STEP_UP,0,17,6
2026091966,DENY,DFMR,DENY,1,3,1
2026091967,ALLOW,FULL,ALLOW,1,34,8
2026091967,ALLOW,SEQUENTIAL,ALLOW,1,11,4
2026091967,ALLOW,CWR,ALLOW,1,4,1
2026091967,ALLOW,DFMR,ALLOW,1,4,1
2026091968,DENY,FULL,DENY,1,35,8
2026091968,DENY,SEQUENTIAL,DENY,1,10,4
2026091968,DENY,CWR,STEP_UP,0,30,7
2026091968,DENY,DFMR,DENY,1,5,1
2026091969,DENY,FULL,DENY,1,39,8
2026091969,DENY,SEQUENTIAL,DENY,1,12,4
2026091969,DENY,CWR,STEP_UP,0,31,7
2026091969,DENY,DFMR,DENY,1,5,1
2026091970,DENY,FULL,DENY,1,37,8
2026091970,DENY,SEQUENTIAL,DENY,1,9,4
2026091970,DENY,CWR,STEP_UP,0,27,7
2026091970,DENY,DFMR,DENY,1,5,1
2026091971,ALLOW,FULL,ALLOW,1,43,8
2026091971,ALLOW,SEQUENTIAL,ALLOW,1,12,4
2026091971,ALLOW,CWR,ALLOW,1,5,1
2026091971,ALLOW,DFMR,ALLOW,1,5,1
2026091972,ALLOW,FULL,ALLOW,1,35,8
2026091972,ALLOW,SEQUENTIAL,ALLOW,1,15,5
2026091972,ALLOW,CWR,ALLOW,1,15,5
2026091972,ALLOW,DFMR,ALLOW,1,9,2
2026091973,ALLOW,FULL,ALLOW,1,33,8
2026091973,ALLOW,SEQUENTIAL,ALLOW,1,11,4
2026091973,ALLOW,CWR,ALLOW,1,3,1
2026091973,ALLOW,DFMR,ALLOW,1,4,1
2026091974,ALLOW,FULL,ALLOW,1,37,8
2026091974,ALLOW,SEQUENTIAL,ALLOW,1,8,4
2026091974,ALLOW,CWR,ALLOW,1,5,1
2026091974,ALLOW,DFMR,ALLOW,1,12,2
2026091975,ALLOW,FULL,ALLOW,1,34,8
2026091975,ALLOW,SEQUENTIAL,ALLOW,1,9,4
2026091975,ALLOW,CWR,ALLOW,1,4,1
2026091975,ALLOW,DFMR,ALLOW,1,9,2
2026091976,DENY,FULL,DENY,1,41,8
2026091976,DENY,SEQUENTIAL,DENY,1,11,4
2026091976,DENY,CWR,STEP_UP,0,32,7
2026091976,DENY,DFMR,DENY,1,7,1
2026091977,ALLOW,FULL,ALLOW,1,31,8
2026091977,ALLOW,SEQUENTIAL,ALLOW,1,9,4
2026091977,ALLOW,CWR,ALLOW,1,3,1
2026091977,ALLOW,DFMR,ALLOW,1,4,1
2026091978,DENY,FULL,DENY,1,32,8
2026091978,DENY,SEQUENTIAL,DENY,1,14,5
2026091978,DENY,CWR,STEP_UP,0,25,7
2026091978,DENY,DFMR,DENY,1,6,2
2026091979,DENY,FULL,DENY,1,38,8
2026091979,DENY,SEQUENTIAL,DENY,1,9,4
2026091979,DENY,CWR,STEP_UP,0,30,7
2026091979,DENY,DFMR,DENY,1,3,1
2026091980,ALLOW,FULL,ALLOW,1,38,8
2026091980,ALLOW,SEQUENTIAL,ALLOW,1,10,4
2026091980,ALLOW,CWR,ALLOW,1,3,1
2026091980,ALLOW,DFMR,ALLOW,1,5,1
2026091981,DENY,FULL,DENY,1,30,8
2026091981,DENY,SEQUENTIAL,DENY,1,9,4
2026091981,DENY,CWR,STEP_UP,0,23,5
2026091981,DENY,DFMR,DENY,1,8,2
2026091982,ALLOW,FULL,ALLOW,1,40,8
2026091982,ALLOW,SEQUENTIAL,ALLOW,1,11,4
2026091982,ALLOW,CWR,ALLOW,1,3,1
2026091982,ALLOW,DFMR,ALLOW,1,4,1
2026091983,ALLOW,FULL,ALLOW,1,43,8
2026091983,ALLOW,SEQUENTIAL,ALLOW,1,13,4
2026091983,ALLOW,CWR,ALLOW,1,5,1
2026091983,ALLOW,DFMR,ALLOW,1,5,1
2026091984,ALLOW,FULL,ALLOW,1,34,8
2026091984,ALLOW,SEQUENTIAL,ALLOW,1,9,4
2026091984,ALLOW,CWR,ALLOW,1,4,1
2026091984,ALLOW,DFMR,ALLOW,1,9,2
2026091985,ALLOW,FULL,ALLOW,1,34,8
2026091985,ALLOW,SEQUENTIAL,ALLOW,1,12,4
2026091985,ALLOW,CWR,ALLOW,1,3,1
2026091985,ALLOW,DFMR,ALLOW,1,5,1
2026091986,DENY,FULL,DENY,1,36,8
2026091986,DENY,SEQUENTIAL,DENY,1,14,5
2026091986,DENY,CWR,STEP_UP,0,34,8
2026091986,DENY,DFMR,DENY,1,5,1
2026091987,DENY,FULL,DENY,1,36,8
2026091987,DENY,SEQUENTIAL,DENY,1,13,5
2026091987,DENY,CWR,STEP_UP,0,21,4
2026091987,DENY,DFMR,DENY,1,8,2
2026091988,ALLOW,FULL,ALLOW,1,38,8
2026091988,ALLOW,SEQUENTIAL,ALLOW,1,10,4
2026091988,ALLOW,CWR,ALLOW,1,4,1
2026091988,ALLOW,DFMR,ALLOW,1,4,1
2026091989,DENY,FULL,DENY,1,39,8
2026091989,DENY,SEQUENTIAL,DENY,1,9,4
2026091989,DENY,CWR,STEP_UP,0,24,4
2026091989,DENY,DFMR,DENY,1,8,2
2026091990,ALLOW,FULL,ALLOW,1,37,8
2026091990,ALLOW,SEQUENTIAL,ALLOW,1,14,5
2026091990,ALLOW,CWR,ALLOW,1,7,2
2026091990,ALLOW,DFMR,ALLOW,1,4,1
2026091991,ALLOW,FULL,ALLOW,1,40,8
2026091991,ALLOW,SEQUENTIAL,ALLOW,1,12,4
2026091991,ALLOW,CWR,ALLOW,1,4,1
2026091991,ALLOW,DFMR,ALLOW,1,4,1
2026091992,DENY,FULL,DENY,1,38,8
2026091992,DENY,SEQUENTIAL,DENY,1,10,4
2026091992,DENY,CWR,STEP_UP,0,30,7
2026091992,DENY,DFMR,DENY,1,9,2
2026091993,DENY,FULL,DENY,1,37,8
2026091993,DENY,SEQUENTIAL,DENY,1,12,4
2026091993,DENY,CWR,STEP_UP,0,27,7
2026091993,DENY,DFMR,DENY,1,4,1
2026091994,ALLOW,FULL,ALLOW,1,36,8
2026091994,ALLOW,SEQUENTIAL,ALLOW,1,10,4
2026091994,ALLOW,CWR,ALLOW,1,4,1
2026091994,ALLOW,DFMR,ALLOW,1,4,1
2026091995,DENY,FULL,DENY,1,38,8
2026091995,DENY,SEQUENTIAL,DENY,1,15,5
2026091995,DENY,CWR,STEP_UP,0,35,8
2026091995,DENY,DFMR,DENY,1,7,2
2026091996,ALLOW,FULL,ALLOW,1,34,8
2026091996,ALLOW,SEQUENTIAL,ALLOW,1,8,4
2026091996,ALLOW,CWR,ALLOW,1,4,1
2026091996,ALLOW,DFMR,ALLOW,1,5,1
2026091997,ALLOW,FULL,ALLOW,1,34,8
2026091997,ALLOW,SEQUENTIAL,ALLOW,1,7,4
2026091997,ALLOW,CWR,ALLOW,1,4,1
2026091997,ALLOW,DFMR,ALLOW,1,6,1
2026091998,ALLOW,FULL,ALLOW,1,38,8
2026091998,ALLOW,SEQUENTIAL,ALLOW,1,12,4
2026091998,ALLOW,CWR,ALLOW,1,4,1
2026091998,ALLOW,DFMR,ALLOW,1,4,1
2026091999,DENY,FULL,DENY,1,36,8
2026091999,DENY,SEQUENTIAL,DENY,1,9,4
2026091999,DENY,CWR,STEP_UP,0,26,7
2026091999,DENY,DFMR,DENY,1,3,1
2026092000,ALLOW,FULL,ALLOW,1,37,8
2026092000,ALLOW,SEQUENTIAL,ALLOW,1,9,4
2026092000,ALLOW,CWR,ALLOW,1,3,1
2026092000,ALLOW,DFMR,ALLOW,1,3,1
2026092001,ALLOW,FULL,ALLOW,1,44,8
2026092001,ALLOW,SEQUENTIAL,ALLOW,1,17,5
2026092001,ALLOW,CWR,ALLOW,1,9,2
2026092001,ALLOW,DFMR,ALLOW,1,9,2
2026092002,DENY,FULL,DENY,1,22,8
2026092002,DENY,SEQUENTIAL,DENY,1,7,4
2026092002,DENY,CWR,STEP_UP,0,16,7
2026092002,DENY,DFMR,DENY,1,3,1
2026092003,DENY,FULL,DENY,1,25,8
2026092003,DENY,SEQUENTIAL,DENY,1,8,4
2026092003,DENY,CWR,STEP_UP,0,20,7
2026092003,DENY,DFMR,DENY,1,3,1
2026092004,ALLOW,FULL,ALLOW,1,29,8
2026092004,ALLOW,SEQUENTIAL,ALLOW,1,8,4
2026092004,ALLOW,CWR,ALLOW,1,3,1
2026092004,ALLOW,DFMR,ALLOW,1,3,1
2026092005,DENY,FULL,DENY,1,38,8
2026092005,DENY,SEQUENTIAL,DENY,1,10,4
2026092005,DENY,CWR,STEP_UP,0,28,7
2026092005,DENY,DFMR,DENY,1,3,1
2026092006,DENY,FULL,DENY,1,34,8
2026092006,DENY,SEQUENTIAL,DENY,1,11,4
2026092006,DENY,CWR,STEP_UP,0,32,8
2026092006,DENY,DFMR,DENY,1,3,1
2026092007,ALLOW,FULL,ALLOW,1,34,8
2026092007,ALLOW,SEQUENTIAL,ALLOW,1,9,4
2026092007,ALLOW,CWR,ALLOW,1,3,1
2026092007,ALLOW,DFMR,ALLOW,1,3,1
2026092008,DENY,FULL,DENY,1,33,8
2026092008,DENY,SEQUENTIAL,DENY,1,9,4
2026092008,DENY,CWR,STEP_UP,0,26,5
2026092008,DENY,DFMR,DENY,1,8,2
2026092009,ALLOW,FULL,ALLOW,1,38,8
2026092009,ALLOW,SEQUENTIAL,ALLOW,1,11,4
2026092009,ALLOW,CWR,ALLOW,1,4,1
2026092009,ALLOW,DFMR,ALLOW,1,4,1
2026092010,ALLOW,FULL,ALLOW,1,37,8
2026092010,ALLOW,SEQUENTIAL,ALLOW,1,7,4
2026092010,ALLOW,CWR,ALLOW,1,3,1
2026092010,ALLOW,DFMR,ALLOW,1,3,1
2026092011,DENY,FULL,DENY,1,38,8
2026092011,DENY,SEQUENTIAL,DENY,1,11,4
2026092011,DENY,CWR,STEP_UP,0,27,5
2026092011,DENY,DFMR,DENY,1,7,2
2026092012,ALLOW,FULL,ALLOW,1,34,8
2026092012,ALLOW,SEQUENTIAL,ALLOW,1,8,4
2026092012,ALLOW,CWR,ALLOW,1,3,1
2026092012,ALLOW,DFMR,ALLOW,1,3,1
2026092013,DENY,FULL,DENY,1,33,8
2026092013,DENY,SEQUENTIAL,DENY,1,10,4
2026092013,DENY,CWR,STEP_UP,0,17,4
2026092013,DENY,DFMR,DENY,1,6,2
2026092014,DENY,FULL,DENY,1,39,8
2026092014,DENY,SEQUENTIAL,DENY,1,10,4
2026092014,DENY,CWR,STEP_UP,0,32,7
2026092014,DENY,DFMR,DENY,1,6,1
2026092015,ALLOW,FULL,ALLOW,1,39,8
2026092015,ALLOW,SEQUENTIAL,ALLOW,1,11,4
2026092015,ALLOW,CWR,ALLOW,1,3,1
2026092015,ALLOW,DFMR,ALLOW,1,3,1
2026092016,ALLOW,FULL,ALLOW,1,39,8
2026092016,ALLOW,SEQUENTIAL,ALLOW,1,16,5
2026092016,ALLOW,CWR,ALLOW,1,11,2
2026092016,ALLOW,DFMR,ALLOW,1,6,1
2026092017,DENY,FULL,DENY,1,30,8
2026092017,DENY,SEQUENTIAL,DENY,1,13,5
2026092017,DENY,CWR,STEP_UP,0,24,5
2026092017,DENY,DFMR,DENY,1,8,2
2026092018,DENY,FULL,DENY,1,34,8
2026092018,DENY,SEQUENTIAL,DENY,1,9,4
2026092018,DENY,CWR,STEP_UP,0,26,7
2026092018,DENY,DFMR,DENY,1,9,2
2026092019,ALLOW,FULL,ALLOW,1,32,8
2026092019,ALLOW,SEQUENTIAL,ALLOW,1,11,4
2026092019,ALLOW,CWR,ALLOW,1,3,1
2026092019,ALLOW,DFMR,ALLOW,1,4,1
2026092020,DENY,FULL,DENY,1,40,8
2026092020,DENY,SEQUENTIAL,DENY,1,10,4
2026092020,DENY,CWR,STEP_UP,0,33,7
2026092020,DENY,DFMR,DENY,1,7,1
2026092021,DENY,FULL,DENY,1,35,8
2026092021,DENY,SEQUENTIAL,DENY,1,21,6
2026092021,DENY,CWR,STEP_UP,0,24,4
2026092021,DENY,DFMR,DENY,1,11,2
2026092022,DENY,FULL,DENY,1,33,8
2026092022,DENY,SEQUENTIAL,DENY,1,9,4
2026092022,DENY,CWR,STEP_UP,0,28,7
2026092022,DENY,DFMR,DENY,1,3,1
2026092023,ALLOW,FULL,ALLOW,1,34,8
2026092023,ALLOW,SEQUENTIAL,ALLOW,1,9,4
2026092023,ALLOW,CWR,ALLOW,1,4,1
2026092023,ALLOW,DFMR,ALLOW,1,4,1
2026092024,DENY,FULL,DENY,1,37,8
2026092024,DENY,SEQUENTIAL,DENY,1,16,5
2026092024,DENY,CWR,STEP_UP,0,28,7
2026092024,DENY,DFMR,DENY,1,9,2
2026092025,DENY,FULL,DENY,1,36,8
2026092025,DENY,SEQUENTIAL,DENY,1,20,6
2026092025,DENY,CWR,STEP_UP,0,31,5
2026092025,DENY,DFMR,DENY,1,11,2
2026092026,DENY,FULL,DENY,1,31,8
2026092026,DENY,SEQUENTIAL,DENY,1,9,4
2026092026,DENY,CWR,STEP_UP,0,23,7
2026092026,DENY,DFMR,DENY,1,3,1
2026092027,DENY,FULL,DENY,1,38,8
2026092027,DENY,SEQUENTIAL,DENY,1,9,4
2026092027,DENY,CWR,STEP_UP,0,28,7
2026092027,DENY,DFMR,DENY,1,6,1
2026092028,DENY,FULL,DENY,1,35,8
2026092028,DENY,SEQUENTIAL,DENY,1,9,4
2026092028,DENY,CWR,STEP_UP,0,30,7
2026092028,DENY,DFMR,DENY,1,5,1
2026092029,DENY,FULL,DENY,1,33,8
2026092029,DENY,SEQUENTIAL,DENY,1,10,4
2026092029,DENY,CWR,STEP_UP,0,30,8
2026092029,DENY,DFMR,DENY,1,3,1
2026092030,ALLOW,FULL,ALLOW,1,33,8
2026092030,ALLOW,SEQUENTIAL,ALLOW,1,13,5
2026092030,ALLOW,CWR,ALLOW,1,8,2
2026092030,ALLOW,DFMR,ALLOW,1,8,2
2026092031,ALLOW,FULL,ALLOW,1,37,8
2026092031,ALLOW,SEQUENTIAL,ALLOW,1,19,6
2026092031,ALLOW,CWR,ALLOW,1,15,5
2026092031,ALLOW,DFMR,ALLOW,1,9,2
2026092032,ALLOW,FULL,ALLOW,1,38,8
2026092032,ALLOW,SEQUENTIAL,ALLOW,1,10,4
2026092032,ALLOW,CWR,ALLOW,1,7,3
2026092032,ALLOW,DFMR,ALLOW,1,10,2
2026092033,ALLOW,FULL,ALLOW,1,36,8
2026092033,ALLOW,SEQUENTIAL,ALLOW,1,9,4
2026092033,ALLOW,CWR,ALLOW,1,3,1
2026092033,ALLOW,DFMR,ALLOW,1,4,1
2026092034,DENY,FULL,DENY,1,44,8
2026092034,DENY,SEQUENTIAL,DENY,1,17,5
2026092034,DENY,CWR,STEP_UP,0,33,7
2026092034,DENY,DFMR,DENY,1,7,1
2026092035,ALLOW,FULL,ALLOW,1,35,8
2026092035,ALLOW,SEQUENTIAL,ALLOW,1,11,4
2026092035,ALLOW,CWR,ALLOW,1,4,1
2026092035,ALLOW,DFMR,ALLOW,1,4,1
2026092036,DENY,FULL,DENY,1,40,8
2026092036,DENY,SEQUENTIAL,DENY,1,7,4
2026092036,DENY,CWR,STEP_UP,0,38,8
2026092036,DENY,DFMR,DENY,1,8,1
2026092037,ALLOW,FULL,ALLOW,1,31,8
2026092037,ALLOW,SEQUENTIAL,ALLOW,1,11,5
2026092037,ALLOW,CWR,ALLOW,1,11,5
2026092037,ALLOW,DFMR,ALLOW,1,7,2
2026092038,DENY,FULL,DENY,1,36,8
2026092038,DENY,SEQUENTIAL,DENY,1,8,4
2026092038,DENY,CWR,STEP_UP,0,27,7
2026092038,DENY,DFMR,DENY,1,5,1
2026092039,ALLOW,FULL,ALLOW,1,31,8
2026092039,ALLOW,SEQUENTIAL,ALLOW,1,12,4
2026092039,ALLOW,CWR,ALLOW,1,3,1
2026092039,ALLOW,DFMR,ALLOW,1,3,1
2026092040,DENY,FULL,DENY,1,37,8
2026092040,DENY,SEQUENTIAL,DENY,1,6,4
2026092040,DENY,CWR,STEP_UP,0,34,8
2026092040,DENY,DFMR,DENY,1,9,2
2026092041,ALLOW,FULL,ALLOW,1,33,8
2026092041,ALLOW,SEQUENTIAL,ALLOW,1,8,4
2026092041,ALLOW,CWR,ALLOW,1,3,1
2026092041,ALLOW,DFMR,ALLOW,1,4,1
2026092042,ALLOW,FULL,ALLOW,1,39,8
2026092042,ALLOW,SEQUENTIAL,ALLOW,1,9,4
2026092042,ALLOW,CWR,ALLOW,1,3,1
2026092042,ALLOW,DFMR,ALLOW,1,4,1
2026092043,ALLOW,FULL,ALLOW,1,37,8
2026092043,ALLOW,SEQUENTIAL,ALLOW,1,15,5
2026092043,ALLOW,CWR,ALLOW,1,5,1
2026092043,ALLOW,DFMR,ALLOW,1,5,1
2026092044,DENY,FULL,DENY,1,43,8
2026092044,DENY,SEQUENTIAL,DENY,1,10,4
2026092044,DENY,CWR,STEP_UP,0,40,8
2026092044,DENY,DFMR,DENY,1,11,2
2026092045,DENY,FULL,DENY,1,37,8
2026092045,DENY,SEQUENTIAL,DENY,1,10,4
2026092045,DENY,CWR,STEP_UP,0,30,7
2026092045,DENY,DFMR,DENY,1,5,1
2026092046,DENY,FULL,DENY,1,32,8
2026092046,DENY,SEQUENTIAL,DENY,1,9,4
2026092046,DENY,CWR,STEP_UP,0,26,7
2026092046,DENY,DFMR,DENY,1,4,1
2026092047,DENY,FULL,DENY,1,42,8
2026092047,DENY,SEQUENTIAL,DENY,1,12,4
2026092047,DENY,CWR,STEP_UP,0,31,7
2026092047,DENY,DFMR,DENY,1,5,1
2026092048,DENY,FULL,DENY,1,35,8
2026092048,DENY,SEQUENTIAL,DENY,1,10,4
2026092048,DENY,CWR,STEP_UP,0,30,7
2026092048,DENY,DFMR,DENY,1,3,1
2026092049,DENY,FULL,DENY,1,32,8
2026092049,DENY,SEQUENTIAL,DENY,1,9,4
2026092049,DENY,CWR,STEP_UP,0,31,8
2026092049,DENY,DFMR,DENY,1,4,1
2026092050,DENY,FULL,DENY,1,39,8
2026092050,DENY,SEQUENTIAL,DENY,1,17,5
2026092050,DENY,CWR,STEP_UP,0,36,8
2026092050,DENY,DFMR,DENY,1,10,2
2026092051,DENY,FULL,DENY,1,31,8
2026092051,DENY,SEQUENTIAL,DENY,1,8,4
2026092051,DENY,CWR,STEP_UP,0,23,7
2026092051,DENY,DFMR,DENY,1,3,1
2026092052,DENY,FULL,DENY,1,31,8
2026092052,DENY,SEQUENTIAL,DENY,1,8,4
2026092052,DENY,CWR,STEP_UP,0,21,6
2026092052,DENY,DFMR,DENY,1,3,1
2026092053,ALLOW,FULL,ALLOW,1,37,8
2026092053,ALLOW,SEQUENTIAL,ALLOW,1,8,4
2026092053,ALLOW,CWR,ALLOW,1,5,1
2026092053,ALLOW,DFMR,ALLOW,1,5,1
2026092054,ALLOW,FULL,ALLOW,1,38,8
2026092054,ALLOW,SEQUENTIAL,ALLOW,1,10,4
2026092054,ALLOW,CWR,ALLOW,1,4,1
2026092054,ALLOW,DFMR,ALLOW,1,5,1
2026092055,DENY,FULL,DENY,1,34,8
2026092055,DENY,SEQUENTIAL,DENY,1,8,4
2026092055,DENY,CWR,STEP_UP,0,32,8
2026092055,DENY,DFMR,DENY,1,4,1
2026092056,ALLOW,FULL,ALLOW,1,31,8
2026092056,ALLOW,SEQUENTIAL,ALLOW,1,10,4
2026092056,ALLOW,CWR,ALLOW,1,4,1
2026092056,ALLOW,DFMR,ALLOW,1,5,1
2026092057,DENY,FULL,DENY,1,30,8
2026092057,DENY,SEQUENTIAL,DENY,1,8,4
2026092057,DENY,CWR,STEP_UP,0,25,7
2026092057,DENY,DFMR,DENY,1,4,1
2026092058,DENY,FULL,DENY,1,31,8
2026092058,DENY,SEQUENTIAL,DENY,1,10,4
2026092058,DENY,CWR,STEP_UP,0,22,7
2026092058,DENY,DFMR,DENY,1,3,1
2026092059,ALLOW,FULL,ALLOW,1,37,8
2026092059,ALLOW,SEQUENTIAL,ALLOW,1,9,4
2026092059,ALLOW,CWR,ALLOW,1,3,1
2026092059,ALLOW,DFMR,ALLOW,1,5,1
2026092060,DENY,FULL,DENY,1,39,8
2026092060,DENY,SEQUENTIAL,DENY,1,11,4
2026092060,DENY,CWR,STEP_UP,0,29,7
2026092060,DENY,DFMR,DENY,1,5,1
2026092061,ALLOW,FULL,ALLOW,1,30,8
2026092061,ALLOW,SEQUENTIAL,ALLOW,1,8,4
2026092061,ALLOW,CWR,ALLOW,1,3,1
2026092061,ALLOW,DFMR,ALLOW,1,3,1
2026092062,DENY,FULL,DENY,1,41,8
2026092062,DENY,SEQUENTIAL,DENY,1,15,5
2026092062,DENY,CWR,STEP_UP,0,35,5
2026092062,DENY,DFMR,DENY,1,11,2
2026092063,ALLOW,FULL,ALLOW,1,33,8
2026092063,ALLOW,SEQUENTIAL,ALLOW,1,9,4
2026092063,ALLOW,CWR,ALLOW,1,3,1
2026092063,ALLOW,DFMR,ALLOW,1,3,1
2026092064,DENY,FULL,DENY,1,33,8
2026092064,DENY,SEQUENTIAL,DENY,1,13,5
2026092064,DENY,CWR,STEP_UP,0,31,8
2026092064,DENY,DFMR,DENY,1,10,2
2026092065,DENY,FULL,DENY,1,34,8
2026092065,DENY,SEQUENTIAL,DENY,1,9,4
2026092065,DENY,CWR,STEP_UP,0,26,7
2026092065,DENY,DFMR,DENY,1,3,1
2026092066,DENY,FULL,DENY,1,41,8
2026092066,DENY,SEQUENTIAL,DENY,1,12,4
2026092066,DENY,CWR,STEP_UP,0,31,7
2026092066,DENY,DFMR,DENY,1,9,2
2026092067,DENY,FULL,DENY,1,39,8
2026092067,DENY,SEQUENTIAL,DENY,1,22,6
2026092067,DENY,CWR,STEP_UP,0,31,7
2026092067,DENY,DFMR,DENY,1,7,1
2026092068,DENY,FULL,DENY,1,34,8
2026092068,DENY,SEQUENTIAL,DENY,1,9,4
2026092068,DENY,CWR,STEP_UP,0,26,7
2026092068,DENY,DFMR,DENY,1,3,1
2026092069,DENY,FULL,DENY,1,30,8
2026092069,DENY,SEQUENTIAL,DENY,1,10,4
2026092069,DENY,CWR,STEP_UP,0,29,8
2026092069,DENY,DFMR,DENY,1,3,1
2026092070,DENY,FULL,DENY,1,35,8
2026092070,DENY,SEQUENTIAL,DENY,1,14,5
2026092070,DENY,CWR,STEP_UP,0,25,7
2026092070,DENY,DFMR,DENY,1,8,2
2026092071,ALLOW,FULL,ALLOW,1,29,8
2026092071,ALLOW,SEQUENTIAL,ALLOW,1,8,4
2026092071,ALLOW,CWR,ALLOW,1,3,1
2026092071,ALLOW,DFMR,ALLOW,1,3,1
2026092072,DENY,FULL,DENY,1,33,8
2026092072,DENY,SEQUENTIAL,DENY,1,6,4
2026092072,DENY,CWR,STEP_UP,0,18,6
2026092072,DENY,DFMR,DENY,1,6,1
2026092073,ALLOW,FULL,ALLOW,1,27,8
2026092073,ALLOW,SEQUENTIAL,ALLOW,1,14,5
2026092073,ALLOW,CWR,ALLOW,1,3,1
2026092073,ALLOW,DFMR,ALLOW,1,3,1
2026092074,DENY,FULL,DENY,1,37,8
2026092074,DENY,SEQUENTIAL,DENY,1,10,4
2026092074,DENY,CWR,STEP_UP,0,27,6
2026092074,DENY,DFMR,DENY,1,6,1
2026092075,ALLOW,FULL,ALLOW,1,29,8
2026092075,ALLOW,SEQUENTIAL,ALLOW,1,8,4
2026092075,ALLOW,CWR,ALLOW,1,3,1
2026092075,ALLOW,DFMR,ALLOW,1,3,1
2026092076,ALLOW,FULL,ALLOW,1,43,8
2026092076,ALLOW,SEQUENTIAL,ALLOW,1,10,4
2026092076,ALLOW,CWR,ALLOW,1,3,1
2026092076,ALLOW,DFMR,ALLOW,1,7,1
2026092077,DENY,FULL,DENY,1,28,8
2026092077,DENY,SEQUENTIAL,DENY,1,14,5
2026092077,DENY,CWR,STEP_UP,0,17,4
2026092077,DENY,DFMR,DENY,1,8,2
2026092078,DENY,FULL,DENY,1,39,8
2026092078,DENY,SEQUENTIAL,DENY,1,13,4
2026092078,DENY,CWR,STEP_UP,0,32,7
2026092078,DENY,DFMR,DENY,1,5,1
2026092079,DENY,FULL,DENY,1,36,8
2026092079,DENY,SEQUENTIAL,DENY,1,9,4
2026092079,DENY,CWR,STEP_UP,0,32,7
2026092079,DENY,DFMR,DENY,1,4,1
2026092080,ALLOW,FULL,ALLOW,1,35,8
2026092080,ALLOW,SEQUENTIAL,ALLOW,1,11,4
2026092080,ALLOW,CWR,ALLOW,1,4,1
2026092080,ALLOW,DFMR,ALLOW,1,4,1
2026092081,ALLOW,FULL,ALLOW,1,38,8
2026092081,ALLOW,SEQUENTIAL,ALLOW,1,13,5
2026092081,ALLOW,CWR,ALLOW,1,7,2
2026092081,ALLOW,DFMR,ALLOW,1,7,2
2026092082,ALLOW,FULL,ALLOW,1,35,8
2026092082,ALLOW,SEQUENTIAL,ALLOW,1,9,4
2026092082,ALLOW,CWR,ALLOW,1,3,1
2026092082,ALLOW,DFMR,ALLOW,1,5,1
2026092083,ALLOW,FULL,ALLOW,1,36,8
2026092083,ALLOW,SEQUENTIAL,ALLOW,1,9,4
2026092083,ALLOW,CWR,ALLOW,1,3,1
2026092083,ALLOW,DFMR,ALLOW,1,4,1
2026092084,DENY,FULL,DENY,1,38,8
2026092084,DENY,SEQUENTIAL,DENY,1,8,4
2026092084,DENY,CWR,STEP_UP,0,31,7
2026092084,DENY,DFMR,DENY,1,3,1
2026092085,ALLOW,FULL,ALLOW,1,34,8
2026092085,ALLOW,SEQUENTIAL,ALLOW,1,7,4
2026092085,ALLOW,CWR,ALLOW,1,3,1
2026092085,ALLOW,DFMR,ALLOW,1,3,1
2026092086,DENY,FULL,DENY,1,35,8
2026092086,DENY,SEQUENTIAL,DENY,1,13,5
2026092086,DENY,CWR,STEP_UP,0,32,8
2026092086,DENY,DFMR,DENY,1,4,1
2026092087,ALLOW,FULL,ALLOW,1,43,8
2026092087,ALLOW,SEQUENTIAL,ALLOW,1,12,4
2026092087,ALLOW,CWR,ALLOW,1,6,1
2026092087,ALLOW,DFMR,ALLOW,1,6,1
2026092088,ALLOW,FULL,ALLOW,1,34,8
2026092088,ALLOW,SEQUENTIAL,ALLOW,1,10,5
2026092088,ALLOW,CWR,ALLOW,1,10,5
2026092088,ALLOW,DFMR,ALLOW,1,7,2
2026092089,DENY,FULL,DENY,1,35,8
2026092089,DENY,SEQUENTIAL,DENY,1,9,4
2026092089,DENY,CWR,STEP_UP,0,30,7
2026092089,DENY,DFMR,DENY,1,3,1
2026092090,ALLOW,FULL,ALLOW,1,41,8
2026092090,ALLOW,SEQUENTIAL,ALLOW,1,11,4
2026092090,ALLOW,CWR,ALLOW,1,5,1
2026092090,ALLOW,DFMR,ALLOW,1,5,1
2026092091,ALLOW,FULL,ALLOW,1,33,8
2026092091,ALLOW,SEQUENTIAL,ALLOW,1,14,5
2026092091,ALLOW,CWR,ALLOW,1,7,2
2026092091,ALLOW,DFMR,ALLOW,1,9,2
2026092092,ALLOW,FULL,ALLOW,1,36,8
2026092092,ALLOW,SEQUENTIAL,ALLOW,1,16,5
2026092092,ALLOW,CWR,ALLOW,1,9,2
2026092092,ALLOW,DFMR,ALLOW,1,5,1
2026092093,ALLOW,FULL,ALLOW,1,33,8
2026092093,ALLOW,SEQUENTIAL,ALLOW,1,9,4
2026092093,ALLOW,CWR,ALLOW,1,4,1
2026092093,ALLOW,DFMR,ALLOW,1,4,1
2026092094,DENY,FULL,DENY,1,35,8
2026092094,DENY,SEQUENTIAL,DENY,1,14,5
2026092094,DENY,CWR,STEP_UP,0,28,5
2026092094,DENY,DFMR,DENY,1,8,2
2026092095,ALLOW,FULL,ALLOW,1,39,8
2026092095,ALLOW,SEQUENTIAL,ALLOW,1,10,4
2026092095,ALLOW,CWR,ALLOW,1,3,1
2026092095,ALLOW,DFMR,ALLOW,1,3,1
2026092096,ALLOW,FULL,ALLOW,1,36,8
2026092096,ALLOW,SEQUENTIAL,ALLOW,1,9,4
2026092096,ALLOW,CWR,ALLOW,1,3,1
2026092096,ALLOW,DFMR,ALLOW,1,4,1
2026092097,DENY,FULL,DENY,1,42,8
2026092097,DENY,SEQUENTIAL,DENY,1,19,5
2026092097,DENY,CWR,STEP_UP,0,33,7
2026092097,DENY,DFMR,DENY,1,7,1
2026092098,DENY,FULL,DENY,1,33,8
2026092098,DENY,SEQUENTIAL,DENY,1,8,4
2026092098,DENY,CWR,STEP_UP,0,30,8
2026092098,DENY,DFMR,DENY,1,6,2
2026092099,ALLOW,FULL,ALLOW,1,37,8
2026092099,ALLOW,SEQUENTIAL,ALLOW,1,12,4
2026092099,ALLOW,CWR,ALLOW,1,3,1
2026092099,ALLOW,DFMR,ALLOW,1,7,2
2026092100,ALLOW,FULL,ALLOW,1,38,8
2026092100,ALLOW,SEQUENTIAL,ALLOW,1,10,4
2026092100,ALLOW,CWR,ALLOW,1,5,1
2026092100,ALLOW,DFMR,ALLOW,1,5,1
2026092101,ALLOW,FULL,ALLOW,1,33,8
2026092101,ALLOW,SEQUENTIAL,ALLOW,1,12,5
2026092101,ALLOW,CWR,ALLOW,1,6,2
2026092101,ALLOW,DFMR,ALLOW,1,6,2
2026092102,DENY,FULL,DENY,1,35,8
2026092102,DENY,SEQUENTIAL,DENY,1,10,4
2026092102,DENY,CWR,STEP_UP,0,28,7
2026092102,DENY,DFMR,DENY,1,3,1
2026092103,DENY,FULL,DENY,1,36,8
2026092103,DENY,SEQUENTIAL,DENY,1,7,4
2026092103,DENY,CWR,STEP_UP,0,34,8
2026092103,DENY,DFMR,DENY,1,3,1
2026092104,ALLOW,FULL,ALLOW,1,38,8
2026092104,ALLOW,SEQUENTIAL,ALLOW,1,14,5
2026092104,ALLOW,CWR,ALLOW,1,5,1
2026092104,ALLOW,DFMR,ALLOW,1,7,1
2026092105,ALLOW,FULL,ALLOW,1,40,8
2026092105,ALLOW,SEQUENTIAL,ALLOW,1,15,5
2026092105,ALLOW,CWR,ALLOW,1,9,3
2026092105,ALLOW,DFMR,ALLOW,1,12,2
2026092106,DENY,FULL,DENY,1,32,8
2026092106,DENY,SEQUENTIAL,DENY,1,7,4
2026092106,DENY,CWR,STEP_UP,0,25,7
2026092106,DENY,DFMR,DENY,1,4,1
2026092107,ALLOW,FULL,ALLOW,1,38,8
2026092107,ALLOW,SEQUENTIAL,ALLOW,1,11,4
2026092107,ALLOW,CWR,ALLOW,1,3,1
2026092107,ALLOW,DFMR,ALLOW,1,4,1
2026092108,ALLOW,FULL,ALLOW,1,39,8
2026092108,ALLOW,SEQUENTIAL,ALLOW,1,11,4
2026092108,ALLOW,CWR,ALLOW,1,4,1
2026092108,ALLOW,DFMR,ALLOW,1,4,1
2026092109,ALLOW,FULL,ALLOW,1,39,8
2026092109,ALLOW,SEQUENTIAL,ALLOW,1,11,4
2026092109,ALLOW,CWR,ALLOW,1,3,1
2026092109,ALLOW,DFMR,ALLOW,1,5,1
2026092110,ALLOW,FULL,ALLOW,1,40,8
2026092110,ALLOW,SEQUENTIAL,ALLOW,1,12,4
2026092110,ALLOW,CWR,ALLOW,1,3,1
2026092110,ALLOW,DFMR,ALLOW,1,6,1
2026092111,DENY,FULL,DENY,1,35,8
2026092111,DENY,SEQUENTIAL,DENY,1,8,4
2026092111,DENY,CWR,STEP_UP,0,26,6
2026092111,DENY,DFMR,DENY,1,6,1
2026092112,DENY,FULL,DENY,1,33,8
2026092112,DENY,SEQUENTIAL,DENY,1,9,4
2026092112,DENY,CWR,STEP_UP,0,24,7
2026092112,DENY,DFMR,DENY,1,3,1
2026092113,DENY,FULL,DENY,1,39,8
2026092113,DENY,SEQUENTIAL,DENY,1,9,4
2026092113,DENY,CWR,STEP_UP,0,36,8
2026092113,DENY,DFMR,DENY,1,4,1
2026092114,DENY,FULL,DENY,1,39,8
2026092114,DENY,SEQUENTIAL,DENY,1,11,4
2026092114,DENY,CWR,STEP_UP,0,38,8
2026092114,DENY,DFMR,DENY,1,5,1
2026092115,DENY,FULL,DENY,1,33,8
2026092115,DENY,SEQUENTIAL,DENY,1,8,4
2026092115,DENY,CWR,STEP_UP,0,26,7
2026092115,DENY,DFMR,DENY,1,3,1
2026092116,DENY,FULL,DENY,1,36,8
2026092116,DENY,SEQUENTIAL,DENY,1,13,5
2026092116,DENY,CWR,STEP_UP,0,29,5
2026092116,DENY,DFMR,DENY,1,7,2
2026092117,ALLOW,FULL,ALLOW,1,40,8
2026092117,ALLOW,SEQUENTIAL,ALLOW,1,17,5
2026092117,ALLOW,CWR,ALLOW,1,17,5
2026092117,ALLOW,DFMR,ALLOW,1,10,2
2026092118,DENY,FULL,DENY,1,42,8
2026092118,DENY,SEQUENTIAL,DENY,1,16,5
2026092118,DENY,CWR,STEP_UP,0,32,7
2026092118,DENY,DFMR,DENY,1,8,1
2026092119,ALLOW,FULL,ALLOW,1,40,8
2026092119,ALLOW,SEQUENTIAL,ALLOW,1,10,4
2026092119,ALLOW,CWR,ALLOW,1,4,1
2026092119,ALLOW,DFMR,ALLOW,1,7,1
2026092120,DENY,FULL,DENY,1,36,8
2026092120,DENY,SEQUENTIAL,DENY,1,7,4
2026092120,DENY,CWR,STEP_UP,0,28,7
2026092120,DENY,DFMR,DENY,1,3,1
2026092121,ALLOW,FULL,ALLOW,1,37,8
2026092121,ALLOW,SEQUENTIAL,ALLOW,1,20,6
2026092121,ALLOW,CWR,ALLOW,1,14,3
2026092121,ALLOW,DFMR,ALLOW,1,6,1
2026092122,ALLOW,FULL,ALLOW,1,38,8
2026092122,ALLOW,SEQUENTIAL,ALLOW,1,10,4
2026092122,ALLOW,CWR,ALLOW,1,3,1
2026092122,ALLOW,DFMR,ALLOW,1,3,1
2026092123,DENY,FULL,DENY,1,34,8
2026092123,DENY,SEQUENTIAL,DENY,1,9,4
2026092123,DENY,CWR,STEP_UP,0,27,5
2026092123,DENY,DFMR,DENY,1,8,2
2026092124,ALLOW,FULL,ALLOW,1,38,8
2026092124,ALLOW,SEQUENTIAL,ALLOW,1,10,4
2026092124,ALLOW,CWR,ALLOW,1,4,1
2026092124,ALLOW,DFMR,ALLOW,1,4,1
2026092125,ALLOW,FULL,ALLOW,1,33,8
2026092125,ALLOW,SEQUENTIAL,ALLOW,1,10,4
2026092125,ALLOW,CWR,ALLOW,1,4,1
2026092125,ALLOW,DFMR,ALLOW,1,4,1
2026092126,ALLOW,FULL,ALLOW,1,41,8
2026092126,ALLOW,SEQUENTIAL,ALLOW,1,9,4
2026092126,ALLOW,CWR,ALLOW,1,6,1
2026092126,ALLOW,DFMR,ALLOW,1,6,1
2026092127,ALLOW,FULL,ALLOW,1,34,8
2026092127,ALLOW,SEQUENTIAL,ALLOW,1,10,4
2026092127,ALLOW,CWR,ALLOW,1,4,1
2026092127,ALLOW,DFMR,ALLOW,1,4,1
2026092128,DENY,FULL,DENY,1,37,8
2026092128,DENY,SEQUENTIAL,DENY,1,8,4
2026092128,DENY,CWR,STEP_UP,0,30,7
2026092128,DENY,DFMR,DENY,1,4,1
2026092129,ALLOW,FULL,ALLOW,1,41,8
2026092129,ALLOW,SEQUENTIAL,ALLOW,1,11,4
2026092129,ALLOW,CWR,ALLOW,1,3,1
2026092129,ALLOW,DFMR,ALLOW,1,6,1
2026092130,ALLOW,FULL,ALLOW,1,37,8
2026092130,ALLOW,SEQUENTIAL,ALLOW,1,16,5
2026092130,ALLOW,CWR,ALLOW,1,8,2
2026092130,ALLOW,DFMR,ALLOW,1,8,2
2026092131,DENY,FULL,DENY,1,44,8
2026092131,DENY,SEQUENTIAL,DENY,1,12,4
2026092131,DENY,CWR,STEP_UP,0,35,7
2026092131,DENY,DFMR,DENY,1,6,1
2026092132,DENY,FULL,DENY,1,33,8
2026092132,DENY,SEQUENTIAL,DENY,1,9,4
2026092132,DENY,CWR,STEP_UP,0,26,7
2026092132,DENY,DFMR,DENY,1,3,1
2026092133,ALLOW,FULL,ALLOW,1,37,8
2026092133,ALLOW,SEQUENTIAL,ALLOW,1,10,4
2026092133,ALLOW,CWR,ALLOW,1,3,1
2026092133,ALLOW,DFMR,ALLOW,1,7,2
2026092134,ALLOW,FULL,ALLOW,1,41,8
2026092134,ALLOW,SEQUENTIAL,ALLOW,1,11,4
2026092134,ALLOW,CWR,ALLOW,1,4,1
2026092134,ALLOW,DFMR,ALLOW,1,4,1
2026092135,ALLOW,FULL,ALLOW,1,38,8
2026092135,ALLOW,SEQUENTIAL,ALLOW,1,12,4
2026092135,ALLOW,CWR,ALLOW,1,4,1
2026092135,ALLOW,DFMR,ALLOW,1,5,1
2026092136,DENY,FULL,DENY,1,34,8
2026092136,DENY,SEQUENTIAL,DENY,1,10,4
2026092136,DENY,CWR,STEP_UP,0,19,4
2026092136,DENY,DFMR,DENY,1,7,2
2026092137,DENY,FULL,DENY,1,30,8
2026092137,DENY,SEQUENTIAL,DENY,1,7,4
2026092137,DENY,CWR,STEP_UP,0,23,7
2026092137,DENY,DFMR,DENY,1,4,1
2026092138,ALLOW,FULL,ALLOW,1,37,8
2026092138,ALLOW,SEQUENTIAL,ALLOW,1,15,5
2026092138,ALLOW,CWR,ALLOW,1,5,1
2026092138,ALLOW,DFMR,ALLOW,1,5,1
2026092139,ALLOW,FULL,ALLOW,1,33,8
2026092139,ALLOW,SEQUENTIAL,ALLOW,1,11,4
2026092139,ALLOW,CWR,ALLOW,1,3,1
2026092139,ALLOW,DFMR,ALLOW,1,4,1
2026092140,ALLOW,FULL,ALLOW,1,34,8
2026092140,ALLOW,SEQUENTIAL,ALLOW,1,8,4
2026092140,ALLOW,CWR,ALLOW,1,4,1
2026092140,ALLOW,DFMR,ALLOW,1,6,1
2026092141,ALLOW,FULL,ALLOW,1,42,8
2026092141,ALLOW,SEQUENTIAL,ALLOW,1,18,5
2026092141,ALLOW,CWR,ALLOW,1,11,2
2026092141,ALLOW,DFMR,ALLOW,1,7,1
2026092142,DENY,FULL,DENY,1,34,8
2026092142,DENY,SEQUENTIAL,DENY,1,10,4
2026092142,DENY,CWR,STEP_UP,0,32,8
2026092142,DENY,DFMR,DENY,1,4,1
2026092143,DENY,FULL,DENY,1,42,8
2026092143,DENY,SEQUENTIAL,DENY,1,12,4
2026092143,DENY,CWR,STEP_UP,0,32,7
2026092143,DENY,DFMR,DENY,1,3,1
2026092144,DENY,FULL,DENY,1,35,8
2026092144,DENY,SEQUENTIAL,DENY,1,10,4
2026092144,DENY,CWR,STEP_UP,0,25,6
2026092144,DENY,DFMR,DENY,1,5,1
2026092145,DENY,FULL,DENY,1,31,8
2026092145,DENY,SEQUENTIAL,DENY,1,8,4
2026092145,DENY,CWR,STEP_UP,0,23,7
2026092145,DENY,DFMR,DENY,1,4,1
2026092146,DENY,FULL,DENY,1,38,8
2026092146,DENY,SEQUENTIAL,DENY,1,9,4
2026092146,DENY,CWR,STEP_UP,0,25,4
2026092146,DENY,DFMR,DENY,1,9,2
2026092147,ALLOW,FULL,ALLOW,1,35,8
2026092147,ALLOW,SEQUENTIAL,ALLOW,1,13,5
2026092147,ALLOW,CWR,ALLOW,1,4,1
2026092147,ALLOW,DFMR,ALLOW,1,4,1
2026092148,ALLOW,FULL,ALLOW,1,42,8
2026092148,ALLOW,SEQUENTIAL,ALLOW,1,11,4
2026092148,ALLOW,CWR,ALLOW,1,5,1
2026092148,ALLOW,DFMR,ALLOW,1,5,1
2026092149,ALLOW,FULL,ALLOW,1,35,8
2026092149,ALLOW,SEQUENTIAL,ALLOW,1,9,4
2026092149,ALLOW,CWR,ALLOW,1,4,1
2026092149,ALLOW,DFMR,ALLOW,1,4,1
2026092150,ALLOW,FULL,ALLOW,1,43,8
2026092150,ALLOW,SEQUENTIAL,ALLOW,1,11,4
2026092150,ALLOW,CWR,ALLOW,1,6,1
2026092150,ALLOW,DFMR,ALLOW,1,6,1
2026092151,DENY,FULL,DENY,1,44,8
2026092151,DENY,SEQUENTIAL,DENY,1,25,6
2026092151,DENY,CWR,STEP_UP,0,41,8
2026092151,DENY,DFMR,DENY,1,13,2
2026092152,ALLOW,FULL,ALLOW,1,46,8
2026092152,ALLOW,SEQUENTIAL,ALLOW,1,15,4
2026092152,ALLOW,CWR,ALLOW,1,7,1
2026092152,ALLOW,DFMR,ALLOW,1,7,1
2026092153,DENY,FULL,DENY,1,37,8
2026092153,DENY,SEQUENTIAL,DENY,1,10,4
2026092153,DENY,CWR,STEP_UP,0,30,7
2026092153,DENY,DFMR,DENY,1,3,1
2026092154,ALLOW,FULL,ALLOW,1,38,8
2026092154,ALLOW,SEQUENTIAL,ALLOW,1,12,4
2026092154,ALLOW,CWR,ALLOW,1,3,1
2026092154,ALLOW,DFMR,ALLOW,1,3,1
2026092155,ALLOW,FULL,ALLOW,1,39,8
2026092155,ALLOW,SEQUENTIAL,ALLOW,1,12,5
2026092155,ALLOW,CWR,ALLOW,1,5,1
2026092155,ALLOW,DFMR,ALLOW,1,8,1
2026092156,ALLOW,FULL,ALLOW,1,31,8
2026092156,ALLOW,SEQUENTIAL,ALLOW,1,9,4
2026092156,ALLOW,CWR,ALLOW,1,4,1
2026092156,ALLOW,DFMR,ALLOW,1,4,1
2026092157,ALLOW,FULL,ALLOW,1,34,8
2026092157,ALLOW,SEQUENTIAL,ALLOW,1,13,5
2026092157,ALLOW,CWR,ALLOW,1,4,1
2026092157,ALLOW,DFMR,ALLOW,1,4,1
2026092158,DENY,FULL,DENY,1,28,8
2026092158,DENY,SEQUENTIAL,DENY,1,8,4
2026092158,DENY,CWR,STEP_UP,0,18,7
2026092158,DENY,DFMR,DENY,1,3,1
2026092159,ALLOW,FULL,ALLOW,1,39,8
2026092159,ALLOW,SEQUENTIAL,ALLOW,1,12,4
2026092159,ALLOW,CWR,ALLOW,1,4,1
2026092159,ALLOW,DFMR,ALLOW,1,4,1
2026092160,ALLOW,FULL,ALLOW,1,36,8
2026092160,ALLOW,SEQUENTIAL,ALLOW,1,8,4
2026092160,ALLOW,CWR,ALLOW,1,3,1
2026092160,ALLOW,DFMR,ALLOW,1,3,1
2026092161,ALLOW,FULL,ALLOW,1,37,8
2026092161,ALLOW,SEQUENTIAL,ALLOW,1,12,4
2026092161,ALLOW,CWR,ALLOW,1,5,1
2026092161,ALLOW,DFMR,ALLOW,1,5,1
2026092162,DENY,FULL,DENY,1,36,8
2026092162,DENY,SEQUENTIAL,DENY,1,8,4
2026092162,DENY,CWR,STEP_UP,0,33,8
2026092162,DENY,DFMR,DENY,1,4,1
2026092163,DENY,FULL,DENY,1,39,8
2026092163,DENY,SEQUENTIAL,DENY,1,11,4
2026092163,DENY,CWR,STEP_UP,0,30,7
2026092163,DENY,DFMR,DENY,1,4,1
2026092164,ALLOW,FULL,ALLOW,1,30,8
2026092164,ALLOW,SEQUENTIAL,ALLOW,1,7,4
2026092164,ALLOW,CWR,ALLOW,1,3,1
2026092164,ALLOW,DFMR,ALLOW,1,3,1
2026092165,ALLOW,FULL,ALLOW,1,26,8
2026092165,ALLOW,SEQUENTIAL,ALLOW,1,7,4
2026092165,ALLOW,CWR,ALLOW,1,3,1
2026092165,ALLOW,DFMR,ALLOW,1,3,1
2026092166,ALLOW,FULL,ALLOW,1,35,8
2026092166,ALLOW,SEQUENTIAL,ALLOW,1,8,4
2026092166,ALLOW,CWR,ALLOW,1,3,1
2026092166,ALLOW,DFMR,ALLOW,1,3,1
2026092167,DENY,FULL,DENY,1,37,8
2026092167,DENY,SEQUENTIAL,DENY,1,9,4
2026092167,DENY,CWR,STEP_UP,0,28,7
2026092167,DENY,DFMR,DENY,1,3,1
2026092168,ALLOW,FULL,ALLOW,1,33,8
2026092168,ALLOW,SEQUENTIAL,ALLOW,1,15,5
2026092168,ALLOW,CWR,ALLOW,1,5,1
2026092168,ALLOW,DFMR,ALLOW,1,5,1
2026092169,ALLOW,FULL,ALLOW,1,33,8
2026092169,ALLOW,SEQUENTIAL,ALLOW,1,9,4
2026092169,ALLOW,CWR,ALLOW,1,3,1
2026092169,ALLOW,DFMR,ALLOW,1,3,1
2026092170,DENY,FULL,DENY,1,38,8
2026092170,DENY,SEQUENTIAL,DENY,1,9,4
2026092170,DENY,CWR,STEP_UP,0,27,7
2026092170,DENY,DFMR,DENY,1,5,1
2026092171,ALLOW,FULL,ALLOW,1,47,8
2026092171,ALLOW,SEQUENTIAL,ALLOW,1,12,4
2026092171,ALLOW,CWR,ALLOW,1,4,1
2026092171,ALLOW,DFMR,ALLOW,1,8,1
2026092172,ALLOW,FULL,ALLOW,1,41,8
2026092172,ALLOW,SEQUENTIAL,ALLOW,1,13,4
2026092172,ALLOW,CWR,ALLOW,1,4,1
2026092172,ALLOW,DFMR,ALLOW,1,4,1
2026092173,ALLOW,FULL,ALLOW,1,33,8
2026092173,ALLOW,SEQUENTIAL,ALLOW,1,13,5
2026092173,ALLOW,CWR,ALLOW,1,13,5
2026092173,ALLOW,DFMR,ALLOW,1,8,2
2026092174,ALLOW,FULL,ALLOW,1,28,8
2026092174,ALLOW,SEQUENTIAL,ALLOW,1,8,4
2026092174,ALLOW,CWR,ALLOW,1,3,1
2026092174,ALLOW,DFMR,ALLOW,1,5,1
2026092175,DENY,FULL,DENY,1,36,8
2026092175,DENY,SEQUENTIAL,DENY,1,10,4
2026092175,DENY,CWR,STEP_UP,0,33,8
2026092175,DENY,DFMR,DENY,1,4,1
2026092176,ALLOW,FULL,ALLOW,1,35,8
2026092176,ALLOW,SEQUENTIAL,ALLOW,1,10,4
2026092176,ALLOW,CWR,ALLOW,1,3,1
2026092176,ALLOW,DFMR,ALLOW,1,3,1
2026092177,DENY,FULL,DENY,1,33,8
2026092177,DENY,SEQUENTIAL,DENY,1,18,6
2026092177,DENY,CWR,STEP_UP,0,23,4
2026092177,DENY,DFMR,DENY,1,9,2
2026092178,ALLOW,FULL,ALLOW,1,28,8
2026092178,ALLOW,SEQUENTIAL,ALLOW,1,10,4
2026092178,ALLOW,CWR,ALLOW,1,3,1
2026092178,ALLOW,DFMR,ALLOW,1,3,1
2026092179,ALLOW,FULL,ALLOW,1,27,8
2026092179,ALLOW,SEQUENTIAL,ALLOW,1,10,5
2026092179,ALLOW,CWR,ALLOW,1,7,2
2026092179,ALLOW,DFMR,ALLOW,1,4,1
2026092180,ALLOW,FULL,ALLOW,1,34,8
2026092180,ALLOW,SEQUENTIAL,ALLOW,1,8,4
2026092180,ALLOW,CWR,ALLOW,1,4,1
2026092180,ALLOW,DFMR,ALLOW,1,6,1
2026092181,ALLOW,FULL,ALLOW,1,33,8
2026092181,ALLOW,SEQUENTIAL,ALLOW,1,10,4
2026092181,ALLOW,CWR,ALLOW,1,3,1
2026092181,ALLOW,DFMR,ALLOW,1,3,1
2026092182,DENY,FULL,DENY,1,31,8
2026092182,DENY,SEQUENTIAL,DENY,1,8,4
2026092182,DENY,CWR,STEP_UP,0,26,7
2026092182,DENY,DFMR,DENY,1,4,1
2026092183,DENY,FULL,DENY,1,36,8
2026092183,DENY,SEQUENTIAL,DENY,1,11,4
2026092183,DENY,CWR,STEP_UP,0,24,6
2026092183,DENY,DFMR,DENY,1,4,1
2026092184,ALLOW,FULL,ALLOW,1,42,8
2026092184,ALLOW,SEQUENTIAL,ALLOW,1,11,4
2026092184,ALLOW,CWR,ALLOW,1,5,1
2026092184,ALLOW,DFMR,ALLOW,1,5,1
2026092185,ALLOW,FULL,ALLOW,1,31,8
2026092185,ALLOW,SEQUENTIAL,ALLOW,1,8,4
2026092185,ALLOW,CWR,ALLOW,1,4,1
2026092185,ALLOW,DFMR,ALLOW,1,4,1
2026092186,ALLOW,FULL,ALLOW,1,35,8
2026092186,ALLOW,SEQUENTIAL,ALLOW,1,9,4
2026092186,ALLOW,CWR,ALLOW,1,4,1
2026092186,ALLOW,DFMR,ALLOW,1,4,1
2026092187,DENY,FULL,DENY,1,34,8
2026092187,DENY,SEQUENTIAL,DENY,1,8,4
2026092187,DENY,CWR,STEP_UP,0,31,8
2026092187,DENY,DFMR,DENY,1,3,1
2026092188,ALLOW,FULL,ALLOW,1,36,8
2026092188,ALLOW,SEQUENTIAL,ALLOW,1,11,4
2026092188,ALLOW,CWR,ALLOW,1,4,1
2026092188,ALLOW,DFMR,ALLOW,1,4,1
2026092189,DENY,FULL,DENY,1,41,8
2026092189,DENY,SEQUENTIAL,DENY,1,12,4
2026092189,DENY,CWR,STEP_UP,0,32,7
2026092189,DENY,DFMR,DENY,1,6,1
2026092190,ALLOW,FULL,ALLOW,1,39,8
2026092190,ALLOW,SEQUENTIAL,ALLOW,1,10,4
2026092190,ALLOW,CWR,ALLOW,1,3,1
2026092190,ALLOW,DFMR,ALLOW,1,7,1
2026092191,ALLOW,FULL,ALLOW,1,37,8
2026092191,ALLOW,SEQUENTIAL,ALLOW,1,7,4
2026092191,ALLOW,CWR,ALLOW,1,3,1
2026092191,ALLOW,DFMR,ALLOW,1,7,1
2026092192,ALLOW,FULL,ALLOW,1,38,8
2026092192,ALLOW,SEQUENTIAL,ALLOW,1,10,4
2026092192,ALLOW,CWR,ALLOW,1,3,1
2026092192,ALLOW,DFMR,ALLOW,1,6,1
2026092193,DENY,FULL,DENY,1,38,8
2026092193,DENY,SEQUENTIAL,DENY,1,21,6
2026092193,DENY,CWR,STEP_UP,0,35,8
2026092193,DENY,DFMR,DENY,1,9,2
2026092194,DENY,FULL,DENY,1,34,8
2026092194,DENY,SEQUENTIAL,DENY,1,11,4
2026092194,DENY,CWR,STEP_UP,0,23,6
2026092194,DENY,DFMR,DENY,1,4,1
2026092195,DENY,FULL,DENY,1,33,8
2026092195,DENY,SEQUENTIAL,DENY,1,9,4
2026092195,DENY,CWR,STEP_UP,0,21,4
2026092195,DENY,DFMR,DENY,1,9,2
2026092196,ALLOW,FULL,ALLOW,1,32,8
2026092196,ALLOW,SEQUENTIAL,ALLOW,1,11,4
2026092196,ALLOW,CWR,ALLOW,1,4,1
2026092196,ALLOW,DFMR,ALLOW,1,4,1
2026092197,DENY,FULL,DENY,1,34,8
2026092197,DENY,SEQUENTIAL,DENY,1,10,4
2026092197,DENY,CWR,STEP_UP,0,23,7
2026092197,DENY,DFMR,DENY,1,3,1
2026092198,DENY,FULL,DENY,1,36,8
2026092198,DENY,SEQUENTIAL,DENY,1,7,4
2026092198,DENY,CWR,STEP_UP,0,27,7
2026092198,DENY,DFMR,DENY,1,3,1
2026092199,ALLOW,FULL,ALLOW,1,34,8
2026092199,ALLOW,SEQUENTIAL,ALLOW,1,14,5
2026092199,ALLOW,CWR,ALLOW,1,14,5
2026092199,ALLOW,DFMR,ALLOW,1,8,2
2026092200,ALLOW,FULL,ALLOW,1,37,8
2026092200,ALLOW,SEQUENTIAL,ALLOW,1,9,4
2026092200,ALLOW,CWR,ALLOW,1,3,1
2026092200,ALLOW,DFMR,ALLOW,1,3,1
2026092201,ALLOW,FULL,ALLOW,1,37,8
2026092201,ALLOW,SEQUENTIAL,ALLOW,1,10,4
2026092201,ALLOW,CWR,ALLOW,1,10,4
2026092201,ALLOW,DFMR,ALLOW,1,10,2
2026092202,DENY,FULL,DENY,1,33,8
2026092202,DENY,SEQUENTIAL,DENY,1,11,4
2026092202,DENY,CWR,STEP_UP,0,23,5
2026092202,DENY,DFMR,DENY,1,7,2
2026092203,DENY,FULL,DENY,1,32,8
2026092203,DENY,SEQUENTIAL,DENY,1,9,4
2026092203,DENY,CWR,STEP_UP,0,27,7
2026092203,DENY,DFMR,DENY,1,4,1
2026092204,DENY,FULL,DENY,1,34,8
2026092204,DENY,SEQUENTIAL,DENY,1,11,4
2026092204,DENY,CWR,STEP_UP,0,33,8
2026092204,DENY,DFMR,DENY,1,3,1
2026092205,ALLOW,FULL,ALLOW,1,35,8
2026092205,ALLOW,SEQUENTIAL,ALLOW,1,14,5
2026092205,ALLOW,CWR,ALLOW,1,6,2
2026092205,ALLOW,DFMR,ALLOW,1,6,2
2026092206,ALLOW,FULL,ALLOW,1,33,8
2026092206,ALLOW,SEQUENTIAL,ALLOW,1,10,4
2026092206,ALLOW,CWR,ALLOW,1,3,1
2026092206,ALLOW,DFMR,ALLOW,1,3,1
2026092207,ALLOW,FULL,ALLOW,1,35,8
2026092207,ALLOW,SEQUENTIAL,ALLOW,1,11,4
2026092207,ALLOW,CWR,ALLOW,1,3,1
2026092207,ALLOW,DFMR,ALLOW,1,7,2
2026092208,ALLOW,FULL,ALLOW,1,34,8
2026092208,ALLOW,SEQUENTIAL,ALLOW,1,8,4
2026092208,ALLOW,CWR,ALLOW,1,4,2
2026092208,ALLOW,DFMR,ALLOW,1,7,2
2026092209,ALLOW,FULL,ALLOW,1,31,8
2026092209,ALLOW,SEQUENTIAL,ALLOW,1,8,4
2026092209,ALLOW,CWR,ALLOW,1,4,1
2026092209,ALLOW,DFMR,ALLOW,1,4,1
2026092210,ALLOW,FULL,ALLOW,1,38,8
2026092210,ALLOW,SEQUENTIAL,ALLOW,1,9,4
2026092210,ALLOW,CWR,ALLOW,1,3,1
2026092210,ALLOW,DFMR,ALLOW,1,3,1
2026092211,DENY,FULL,DENY,1,34,8
2026092211,DENY,SEQUENTIAL,DENY,1,13,5
2026092211,DENY,CWR,STEP_UP,0,26,7
2026092211,DENY,DFMR,DENY,1,6,2
2026092212,DENY,FULL,DENY,1,28,8
2026092212,DENY,SEQUENTIAL,DENY,1,8,4
2026092212,DENY,CWR,STEP_UP,0,27,8
2026092212,DENY,DFMR,DENY,1,3,1
2026092213,ALLOW,FULL,ALLOW,1,41,8
2026092213,ALLOW,SEQUENTIAL,ALLOW,1,12,4
2026092213,ALLOW,CWR,ALLOW,1,5,1
2026092213,ALLOW,DFMR,ALLOW,1,5,1
2026092214,DENY,FULL,DENY,1,26,8
2026092214,DENY,SEQUENTIAL,DENY,1,16,6
2026092214,DENY,CWR,STEP_UP,0,18,5
2026092214,DENY,DFMR,DENY,1,7,2
2026092215,ALLOW,FULL,ALLOW,1,40,8
2026092215,ALLOW,SEQUENTIAL,ALLOW,1,12,4
2026092215,ALLOW,CWR,ALLOW,1,5,1
2026092215,ALLOW,DFMR,ALLOW,1,5,1
2026092216,ALLOW,FULL,ALLOW,1,38,8
2026092216,ALLOW,SEQUENTIAL,ALLOW,1,10,4
2026092216,ALLOW,CWR,ALLOW,1,4,1
2026092216,ALLOW,DFMR,ALLOW,1,4,1
2026092217,ALLOW,FULL,ALLOW,1,39,8
2026092217,ALLOW,SEQUENTIAL,ALLOW,1,12,4
2026092217,ALLOW,CWR,ALLOW,1,12,4
2026092217,ALLOW,DFMR,ALLOW,1,11,2
2026092218,ALLOW,FULL,ALLOW,1,36,8
2026092218,ALLOW,SEQUENTIAL,ALLOW,1,10,4
2026092218,ALLOW,CWR,ALLOW,1,4,1
2026092218,ALLOW,DFMR,ALLOW,1,4,1
2026092219,DENY,FULL,DENY,1,36,8
2026092219,DENY,SEQUENTIAL,DENY,1,10,4
2026092219,DENY,CWR,STEP_UP,0,29,7
2026092219,DENY,DFMR,DENY,1,3,1
2026092220,ALLOW,FULL,ALLOW,1,36,8
2026092220,ALLOW,SEQUENTIAL,ALLOW,1,16,5
2026092220,ALLOW,CWR,ALLOW,1,5,1
2026092220,ALLOW,DFMR,ALLOW,1,5,1
2026092221,DENY,FULL,DENY,1,43,8
2026092221,DENY,SEQUENTIAL,DENY,1,12,4
2026092221,DENY,CWR,STEP_UP,0,33,7
2026092221,DENY,DFMR,DENY,1,6,1
2026092222,ALLOW,FULL,ALLOW,1,31,8
2026092222,ALLOW,SEQUENTIAL,ALLOW,1,9,4
2026092222,ALLOW,CWR,ALLOW,1,3,1
2026092222,ALLOW,DFMR,ALLOW,1,4,1
2026092223,DENY,FULL,DENY,1,34,8
2026092223,DENY,SEQUENTIAL,DENY,1,14,5
2026092223,DENY,CWR,STEP_UP,0,26,7
2026092223,DENY,DFMR,DENY,1,5,1
2026092224,ALLOW,FULL,ALLOW,1,37,8
2026092224,ALLOW,SEQUENTIAL,ALLOW,1,14,5
2026092224,ALLOW,CWR,ALLOW,1,14,5
2026092224,ALLOW,DFMR,ALLOW,1,9,2
2026092225,ALLOW,FULL,ALLOW,1,36,8
2026092225,ALLOW,SEQUENTIAL,ALLOW,1,9,4
2026092225,ALLOW,CWR,ALLOW,1,3,1
2026092225,ALLOW,DFMR,ALLOW,1,3,1
2026092226,DENY,FULL,DENY,1,37,8
2026092226,DENY,SEQUENTIAL,DENY,1,12,4
2026092226,DENY,CWR,STEP_UP,0,29,7
2026092226,DENY,DFMR,DENY,1,5,1
2026092227,ALLOW,FULL,ALLOW,1,31,8
2026092227,ALLOW,SEQUENTIAL,ALLOW,1,14,5
2026092227,ALLOW,CWR,ALLOW,1,14,5
2026092227,ALLOW,DFMR,ALLOW,1,6,2
2026092228,DENY,FULL,DENY,1,42,8
2026092228,DENY,SEQUENTIAL,DENY,1,12,4
2026092228,DENY,CWR,STEP_UP,0,32,7
2026092228,DENY,DFMR,DENY,1,5,1
2026092229,ALLOW,FULL,ALLOW,1,35,8
2026092229,ALLOW,SEQUENTIAL,ALLOW,1,13,5
2026092229,ALLOW,CWR,ALLOW,1,4,1
2026092229,ALLOW,DFMR,ALLOW,1,4,1
2026092230,DENY,FULL,DENY,1,32,8
2026092230,DENY,SEQUENTIAL,DENY,1,13,5
2026092230,DENY,CWR,STEP_UP,0,31,8
2026092230,DENY,DFMR,DENY,1,7,2
2026092231,ALLOW,FULL,ALLOW,1,39,8
2026092231,ALLOW,SEQUENTIAL,ALLOW,1,15,5
2026092231,ALLOW,CWR,ALLOW,1,8,2
2026092231,ALLOW,DFMR,ALLOW,1,5,1
2026092232,ALLOW,FULL,ALLOW,1,41,8
2026092232,ALLOW,SEQUENTIAL,ALLOW,1,13,4
2026092232,ALLOW,CWR,ALLOW,1,4,1
2026092232,ALLOW,DFMR,ALLOW,1,4,1
2026092233,ALLOW,FULL,ALLOW,1,41,8
2026092233,ALLOW,SEQUENTIAL,ALLOW,1,9,4
2026092233,ALLOW,CWR,ALLOW,1,3,1
2026092233,ALLOW,DFMR,ALLOW,1,7,1
2026092234,DENY,FULL,DENY,1,32,8
2026092234,DENY,SEQUENTIAL,DENY,1,9,4
2026092234,DENY,CWR,STEP_UP,0,25,5
2026092234,DENY,DFMR,DENY,1,8,2
2026092235,ALLOW,FULL,ALLOW,1,34,8
2026092235,ALLOW,SEQUENTIAL,ALLOW,1,10,4
2026092235,ALLOW,CWR,ALLOW,1,4,1
2026092235,ALLOW,DFMR,ALLOW,1,4,1
2026092236,DENY,FULL,DENY,1,31,8
2026092236,DENY,SEQUENTIAL,DENY,1,10,4
2026092236,DENY,CWR,STEP_UP,0,27,7
2026092236,DENY,DFMR,DENY,1,5,1
2026092237,DENY,FULL,DENY,1,35,8
2026092237,DENY,SEQUENTIAL,DENY,1,10,4
2026092237,DENY,CWR,STEP_UP,0,27,5
2026092237,DENY,DFMR,DENY,1,6,2
2026092238,ALLOW,FULL,ALLOW,1,30,8
2026092238,ALLOW,SEQUENTIAL,ALLOW,1,9,4
2026092238,ALLOW,CWR,ALLOW,1,3,1
2026092238,ALLOW,DFMR,ALLOW,1,4,1
2026092239,ALLOW,FULL,ALLOW,1,41,8
2026092239,ALLOW,SEQUENTIAL,ALLOW,1,17,5
2026092239,ALLOW,CWR,ALLOW,1,11,2
2026092239,ALLOW,DFMR,ALLOW,1,6,1
2026092240,ALLOW,FULL,ALLOW,1,31,8
2026092240,ALLOW,SEQUENTIAL,ALLOW,1,14,5
2026092240,ALLOW,CWR,ALLOW,1,8,2
2026092240,ALLOW,DFMR,ALLOW,1,8,2
2026092241,ALLOW,FULL,ALLOW,1,43,8
2026092241,ALLOW,SEQUENTIAL,ALLOW,1,19,5
2026092241,ALLOW,CWR,ALLOW,1,11,2
2026092241,ALLOW,DFMR,ALLOW,1,11,2
2026092242,ALLOW,FULL,ALLOW,1,30,8
2026092242,ALLOW,SEQUENTIAL,ALLOW,1,6,4
2026092242,ALLOW,CWR,ALLOW,1,3,1
2026092242,ALLOW,DFMR,ALLOW,1,3,1
2026092243,ALLOW,FULL,ALLOW,1,32,8
2026092243,ALLOW,SEQUENTIAL,ALLOW,1,9,4
2026092243,ALLOW,CWR,ALLOW,1,3,1
2026092243,ALLOW,DFMR,ALLOW,1,3,1
2026092244,DENY,FULL,DENY,1,35,8
2026092244,DENY,SEQUENTIAL,DENY,1,7,4
2026092244,DENY,CWR,STEP_UP,0,25,7
2026092244,DENY,DFMR,DENY,1,3,1
2026092245,DENY,FULL,DENY,1,33,8
2026092245,DENY,SEQUENTIAL,DENY,1,6,4
2026092245,DENY,CWR,STEP_UP,0,32,8
2026092245,DENY,DFMR,DENY,1,4,1
2026092246,DENY,FULL,DENY,1,29,8
2026092246,DENY,SEQUENTIAL,DENY,1,9,4
2026092246,DENY,CWR,STEP_UP,0,22,7
2026092246,DENY,DFMR,DENY,1,7,2
2026092247,DENY,FULL,DENY,1,30,8
2026092247,DENY,SEQUENTIAL,DENY,1,7,4
2026092247,DENY,CWR,STEP_UP,0,17,6
2026092247,DENY,DFMR,DENY,1,3,1
2026092248,DENY,FULL,DENY,1,37,8
2026092248,DENY,SEQUENTIAL,DENY,1,6,4
2026092248,DENY,CWR,STEP_UP,0,20,6
2026092248,DENY,DFMR,DENY,1,3,1
2026092249,DENY,FULL,DENY,1,39,8
2026092249,DENY,SEQUENTIAL,DENY,1,10,4
2026092249,DENY,CWR,STEP_UP,0,30,7
2026092249,DENY,DFMR,DENY,1,6,1
2026092250,ALLOW,FULL,ALLOW,1,35,8
2026092250,ALLOW,SEQUENTIAL,ALLOW,1,10,4
2026092250,ALLOW,CWR,ALLOW,1,4,1
2026092250,ALLOW,DFMR,ALLOW,1,10,2
2026092251,DENY,FULL,DENY,1,38,8
2026092251,DENY,SEQUENTIAL,DENY,1,7,4
2026092251,DENY,CWR,STEP_UP,0,23,4
2026092251,DENY,DFMR,DENY,1,9,2
2026092252,ALLOW,FULL,ALLOW,1,38,8
2026092252,ALLOW,SEQUENTIAL,ALLOW,1,20,6
2026092252,ALLOW,CWR,ALLOW,1,20,6
2026092252,ALLOW,DFMR,ALLOW,1,10,2
2026092253,DENY,FULL,DENY,1,38,8
2026092253,DENY,SEQUENTIAL,DENY,1,16,5
2026092253,DENY,CWR,STEP_UP,0,24,4
2026092253,DENY,DFMR,DENY,1,11,2
2026092254,DENY,FULL,DENY,1,35,8
2026092254,DENY,SEQUENTIAL,DENY,1,8,4
2026092254,DENY,CWR,STEP_UP,0,27,7
2026092254,DENY,DFMR,DENY,1,6,1
2026092255,DENY,FULL,DENY,1,36,8
2026092255,DENY,SEQUENTIAL,DENY,1,11,4
2026092255,DENY,CWR,STEP_UP,0,35,8
2026092255,DENY,DFMR,DENY,1,4,1
2026092256,DENY,FULL,DENY,1,33,8
2026092256,DENY,SEQUENTIAL,DENY,1,8,4
2026092256,DENY,CWR,STEP_UP,0,22,4
2026092256,DENY,DFMR,DENY,1,8,2
2026092257,DENY,FULL,DENY,1,37,8
2026092257,DENY,SEQUENTIAL,DENY,1,10,4
2026092257,DENY,CWR,STEP_UP,0,30,7
2026092257,DENY,DFMR,DENY,1,6,1
2026092258,DENY,FULL,DENY,1,33,8
2026092258,DENY,SEQUENTIAL,DENY,1,11,4
2026092258,DENY,CWR,STEP_UP,0,20,6
2026092258,DENY,DFMR,DENY,1,4,1
2026092259,DENY,FULL,DENY,1,38,8
2026092259,DENY,SEQUENTIAL,DENY,1,10,4
2026092259,DENY,CWR,STEP_UP,0,29,5
2026092259,DENY,DFMR,DENY,1,9,2
2026092260,ALLOW,FULL,ALLOW,1,38,8
2026092260,ALLOW,SEQUENTIAL,ALLOW,1,10,4
2026092260,ALLOW,CWR,ALLOW,1,3,1
2026092260,ALLOW,DFMR,ALLOW,1,4,1
2026092261,DENY,FULL,DENY,1,31,8
2026092261,DENY,SEQUENTIAL,DENY,1,8,4
2026092261,DENY,CWR,STEP_UP,0,22,7
2026092261,DENY,DFMR,DENY,1,3,1
2026092262,ALLOW,FULL,ALLOW,1,28,8
2026092262,ALLOW,SEQUENTIAL,ALLOW,1,13,5
2026092262,ALLOW,CWR,ALLOW,1,6,2
2026092262,ALLOW,DFMR,ALLOW,1,6,2
2026092263,ALLOW,FULL,ALLOW,1,38,8
2026092263,ALLOW,SEQUENTIAL,ALLOW,1,10,4
2026092263,ALLOW,CWR,ALLOW,1,4,1
2026092263,ALLOW,DFMR,ALLOW,1,4,1
2026092264,ALLOW,FULL,ALLOW,1,33,8
2026092264,ALLOW,SEQUENTIAL,ALLOW,1,10,4
2026092264,ALLOW,CWR,ALLOW,1,3,1
2026092264,ALLOW,DFMR,ALLOW,1,3,1
2026092265,DENY,FULL,DENY,1,36,8
2026092265,DENY,SEQUENTIAL,DENY,1,9,4
2026092265,DENY,CWR,STEP_UP,0,27,7
2026092265,DENY,DFMR,DENY,1,3,1
2026092266,ALLOW,FULL,ALLOW,1,39,8
2026092266,ALLOW,SEQUENTIAL,ALLOW,1,10,4
2026092266,ALLOW,CWR,ALLOW,1,4,1
2026092266,ALLOW,DFMR,ALLOW,1,4,1
2026092267,DENY,FULL,DENY,1,42,8
2026092267,DENY,SEQUENTIAL,DENY,1,10,4
2026092267,DENY,CWR,STEP_UP,0,34,7
2026092267,DENY,DFMR,DENY,1,4,1
2026092268,ALLOW,FULL,ALLOW,1,31,8
2026092268,ALLOW,SEQUENTIAL,ALLOW,1,8,4
2026092268,ALLOW,CWR,ALLOW,1,3,1
2026092268,ALLOW,DFMR,ALLOW,1,3,1
2026092269,DENY,FULL,DENY,1,34,8
2026092269,DENY,SEQUENTIAL,DENY,1,8,4
2026092269,DENY,CWR,STEP_UP,0,33,8
2026092269,DENY,DFMR,DENY,1,4,1
2026092270,DENY,FULL,DENY,1,38,8
2026092270,DENY,SEQUENTIAL,DENY,1,10,4
2026092270,DENY,CWR,STEP_UP,0,31,7
2026092270,DENY,DFMR,DENY,1,6,1
2026092271,DENY,FULL,DENY,1,39,8
2026092271,DENY,SEQUENTIAL,DENY,1,18,5
2026092271,DENY,CWR,STEP_UP,0,31,7
2026092271,DENY,DFMR,DENY,1,6,1
2026092272,ALLOW,FULL,ALLOW,1,28,8
2026092272,ALLOW,SEQUENTIAL,ALLOW,1,10,5
2026092272,ALLOW,CWR,ALLOW,1,6,2
2026092272,ALLOW,DFMR,ALLOW,1,6,2
2026092273,ALLOW,FULL,ALLOW,1,39,8
2026092273,ALLOW,SEQUENTIAL,ALLOW,1,9,4
2026092273,ALLOW,CWR,ALLOW,1,4,1
2026092273,ALLOW,DFMR,ALLOW,1,5,1
2026092274,ALLOW,FULL,ALLOW,1,33,8
2026092274,ALLOW,SEQUENTIAL,ALLOW,1,7,4
2026092274,ALLOW,CWR,ALLOW,1,3,1
2026092274,ALLOW,DFMR,ALLOW,1,3,1
2026092275,DENY,FULL,DENY,1,33,8
2026092275,DENY,SEQUENTIAL,DENY,1,14,5
2026092275,DENY,CWR,STEP_UP,0,18,4
2026092275,DENY,DFMR,DENY,1,8,2
2026092276,ALLOW,FULL,ALLOW,1,45,8
2026092276,ALLOW,SEQUENTIAL,ALLOW,1,13,4
2026092276,ALLOW,CWR,ALLOW,1,7,1
2026092276,ALLOW,DFMR,ALLOW,1,7,1
2026092277,DENY,FULL,DENY,1,34,8
2026092277,DENY,SEQUENTIAL,DENY,1,9,4
2026092277,DENY,CWR,STEP_UP,0,27,7
2026092277,DENY,DFMR,DENY,1,3,1
2026092278,ALLOW,FULL,ALLOW,1,24,8
2026092278,ALLOW,SEQUENTIAL,ALLOW,1,11,5
2026092278,ALLOW,CWR,ALLOW,1,6,2
2026092278,ALLOW,DFMR,ALLOW,1,6,2
2026092279,DENY,FULL,DENY,1,40,8
2026092279,DENY,SEQUENTIAL,DENY,1,11,4
2026092279,DENY,CWR,STEP_UP,0,37,8
2026092279,DENY,DFMR,DENY,1,4,1
2026092280,DENY,FULL,DENY,1,34,8
2026092280,DENY,SEQUENTIAL,DENY,1,9,4
2026092280,DENY,CWR,STEP_UP,0,28,7
2026092280,DENY,DFMR,DENY,1,3,1
2026092281,ALLOW,FULL,ALLOW,1,36,8
2026092281,ALLOW,SEQUENTIAL,ALLOW,1,16,5
2026092281,ALLOW,CWR,ALLOW,1,4,1
2026092281,ALLOW,DFMR,ALLOW,1,4,1
2026092282,DENY,FULL,DENY,1,36,8
2026092282,DENY,SEQUENTIAL,DENY,1,13,5
2026092282,DENY,CWR,STEP_UP,0,26,7
2026092282,DENY,DFMR,DENY,1,5,1
2026092283,DENY,FULL,DENY,1,45,8
2026092283,DENY,SEQUENTIAL,DENY,1,12,4
2026092283,DENY,CWR,STEP_UP,0,34,7
2026092283,DENY,DFMR,DENY,1,6,1
2026092284,ALLOW,FULL,ALLOW,1,39,8
2026092284,ALLOW,SEQUENTIAL,ALLOW,1,8,4
2026092284,ALLOW,CWR,ALLOW,1,3,1
2026092284,ALLOW,DFMR,ALLOW,1,6,1
2026092285,DENY,FULL,DENY,1,30,8
2026092285,DENY,SEQUENTIAL,DENY,1,9,4
2026092285,DENY,CWR,STEP_UP,0,24,7
2026092285,DENY,DFMR,DENY,1,3,1
2026092286,DENY,FULL,DENY,1,33,8
2026092286,DENY,SEQUENTIAL,DENY,1,8,4
2026092286,DENY,CWR,STEP_UP,0,25,7
2026092286,DENY,DFMR,DENY,1,3,1
2026092287,ALLOW,FULL,ALLOW,1,33,8
2026092287,ALLOW,SEQUENTIAL,ALLOW,1,13,5
2026092287,ALLOW,CWR,ALLOW,1,7,2
2026092287,ALLOW,DFMR,ALLOW,1,7,2
2026092288,DENY,FULL,DENY,1,32,8
2026092288,DENY,SEQUENTIAL,DENY,1,14,5
2026092288,DENY,CWR,STEP_UP,0,26,7
2026092288,DENY,DFMR,DENY,1,5,1
2026092289,DENY,FULL,DENY,1,32,8
2026092289,DENY,SEQUENTIAL,DENY,1,10,5
2026092289,DENY,CWR,STEP_UP,0,23,7
2026092289,DENY,DFMR,DENY,1,4,1
2026092290,ALLOW,FULL,ALLOW,1,38,8
2026092290,ALLOW,SEQUENTIAL,ALLOW,1,9,4
2026092290,ALLOW,CWR,ALLOW,1,5,1
2026092290,ALLOW,DFMR,ALLOW,1,6,1
2026092291,DENY,FULL,DENY,1,33,8
2026092291,DENY,SEQUENTIAL,DENY,1,8,4
2026092291,DENY,CWR,STEP_UP,0,20,6
2026092291,DENY,DFMR,DENY,1,3,1
2026092292,ALLOW,FULL,ALLOW,1,38,8
2026092292,ALLOW,SEQUENTIAL,ALLOW,1,15,5
2026092292,ALLOW,CWR,ALLOW,1,7,2
2026092292,ALLOW,DFMR,ALLOW,1,7,2
2026092293,ALLOW,FULL,ALLOW,1,32,8
2026092293,ALLOW,SEQUENTIAL,ALLOW,1,13,5
2026092293,ALLOW,CWR,ALLOW,1,6,2
2026092293,ALLOW,DFMR,ALLOW,1,6,2
2026092294,ALLOW,FULL,ALLOW,1,40,8
2026092294,ALLOW,SEQUENTIAL,ALLOW,1,10,4
2026092294,ALLOW,CWR,ALLOW,1,3,1
2026092294,ALLOW,DFMR,ALLOW,1,6,1
2026092295,ALLOW,FULL,ALLOW,1,35,8
2026092295,ALLOW,SEQUENTIAL,ALLOW,1,9,4
2026092295,ALLOW,CWR,ALLOW,1,3,1
2026092295,ALLOW,DFMR,ALLOW,1,3,1
2026092296,DENY,FULL,DENY,1,34,8
2026092296,DENY,SEQUENTIAL,DENY,1,9,4
2026092296,DENY,CWR,STEP_UP,0,27,7
2026092296,DENY,DFMR,DENY,1,3,1
2026092297,DENY,FULL,DENY,1,28,8
2026092297,DENY,SEQUENTIAL,DENY,1,6,4
2026092297,DENY,CWR,STEP_UP,0,21,7
2026092297,DENY,DFMR,DENY,1,4,1
2026092298,DENY,FULL,DENY,1,33,8
2026092298,DENY,SEQUENTIAL,DENY,1,11,4
2026092298,DENY,CWR,STEP_UP,0,29,7
2026092298,DENY,DFMR,DENY,1,4,1
2026092299,ALLOW,FULL,ALLOW,1,39,8
2026092299,ALLOW,SEQUENTIAL,ALLOW,1,20,6
2026092299,ALLOW,CWR,ALLOW,1,10,2
2026092299,ALLOW,DFMR,ALLOW,1,10,2
2026092300,DENY,FULL,DENY,1,36,8
2026092300,DENY,SEQUENTIAL,DENY,1,12,5
2026092300,DENY,CWR,STEP_UP,0,32,7
2026092300,DENY,DFMR,DENY,1,5,1
2026092301,ALLOW,FULL,ALLOW,1,41,8
2026092301,ALLOW,SEQUENTIAL,ALLOW,1,17,5
2026092301,ALLOW,CWR,ALLOW,1,5,1
2026092301,ALLOW,DFMR,ALLOW,1,5,1
2026092302,DENY,FULL,DENY,1,35,8
2026092302,DENY,SEQUENTIAL,DENY,1,9,4
2026092302,DENY,CWR,STEP_UP,0,32,8
2026092302,DENY,DFMR,DENY,1,4,1
2026092303,DENY,FULL,DENY,1,38,8
2026092303,DENY,SEQUENTIAL,DENY,1,11,4
2026092303,DENY,CWR,STEP_UP,0,22,6
2026092303,DENY,DFMR,DENY,1,5,1
2026092304,ALLOW,FULL,ALLOW,1,31,8
2026092304,ALLOW,SEQUENTIAL,ALLOW,1,9,4
2026092304,ALLOW,CWR,ALLOW,1,3,1
2026092304,ALLOW,DFMR,ALLOW,1,3,1
2026092305,DENY,FULL,DENY,1,33,8
2026092305,DENY,SEQUENTIAL,DENY,1,10,4
2026092305,DENY,CWR,STEP_UP,0,32,8
2026092305,DENY,DFMR,DENY,1,4,1
2026092306,DENY,FULL,DENY,1,35,8
2026092306,DENY,SEQUENTIAL,DENY,1,9,4
2026092306,DENY,CWR,STEP_UP,0,32,8
2026092306,DENY,DFMR,DENY,1,4,1
2026092307,DENY,FULL,DENY,1,41,8
2026092307,DENY,SEQUENTIAL,DENY,1,19,5
2026092307,DENY,CWR,STEP_UP,0,33,7
2026092307,DENY,DFMR,DENY,1,6,1
2026092308,ALLOW,FULL,ALLOW,1,40,8
2026092308,ALLOW,SEQUENTIAL,ALLOW,1,9,4
2026092308,ALLOW,CWR,ALLOW,1,5,1
2026092308,ALLOW,DFMR,ALLOW,1,5,1
2026092309,DENY,FULL,DENY,1,34,8
2026092309,DENY,SEQUENTIAL,DENY,1,10,4
2026092309,DENY,CWR,STEP_UP,0,29,7
2026092309,DENY,DFMR,DENY,1,4,1
2026092310,DENY,FULL,DENY,1,41,8
2026092310,DENY,SEQUENTIAL,DENY,1,11,4
2026092310,DENY,CWR,STEP_UP,0,34,7
2026092310,DENY,DFMR,DENY,1,5,1
2026092311,DENY,FULL,DENY,1,36,8
2026092311,DENY,SEQUENTIAL,DENY,1,11,4
2026092311,DENY,CWR,STEP_UP,0,28,6
2026092311,DENY,DFMR,DENY,1,5,1
2026092312,DENY,FULL,DENY,1,28,8
2026092312,DENY,SEQUENTIAL,DENY,1,10,4
2026092312,DENY,CWR,STEP_UP,0,17,6
2026092312,DENY,DFMR,DENY,1,3,1
2026092313,DENY,FULL,DENY,1,37,8
2026092313,DENY,SEQUENTIAL,DENY,1,16,5
2026092313,DENY,CWR,STEP_UP,0,30,7
2026092313,DENY,DFMR,DENY,1,5,1
2026092314,ALLOW,FULL,ALLOW,1,44,8
2026092314,ALLOW,SEQUENTIAL,ALLOW,1,12,4
2026092314,ALLOW,CWR,ALLOW,1,6,1
2026092314,ALLOW,DFMR,ALLOW,1,7,1
2026092315,DENY,FULL,DENY,1,33,8
2026092315,DENY,SEQUENTIAL,DENY,1,8,4
2026092315,DENY,CWR,STEP_UP,0,23,7
2026092315,DENY,DFMR,DENY,1,3,1
2026092316,ALLOW,FULL,ALLOW,1,33,8
2026092316,ALLOW,SEQUENTIAL,ALLOW,1,9,4
2026092316,ALLOW,CWR,ALLOW,1,3,1
2026092316,ALLOW,DFMR,ALLOW,1,3,1
2026092317,DENY,FULL,DENY,1,39,8
2026092317,DENY,SEQUENTIAL,DENY,1,9,4
2026092317,DENY,CWR,STEP_UP,0,28,7
2026092317,DENY,DFMR,DENY,1,4,1
2026092318,ALLOW,FULL,ALLOW,1,36,8
2026092318,ALLOW,SEQUENTIAL,ALLOW,1,11,4
2026092318,ALLOW,CWR,ALLOW,1,3,1
2026092318,ALLOW,DFMR,ALLOW,1,3,1
2026092319,ALLOW,FULL,ALLOW,1,35,8
2026092319,ALLOW,SEQUENTIAL,ALLOW,1,11,4
2026092319,ALLOW,CWR,ALLOW,1,4,1
2026092319,ALLOW,DFMR,ALLOW,1,4,1
2026092320,DENY,FULL,DENY,1,37,8
2026092320,DENY,SEQUENTIAL,DENY,1,11,4
2026092320,DENY,CWR,STEP_UP,0,26,7
2026092320,DENY,DFMR,DENY,1,3,1
2026092321,ALLOW,FULL,ALLOW,1,33,8
2026092321,ALLOW,SEQUENTIAL,ALLOW,1,16,5
2026092321,ALLOW,CWR,ALLOW,1,4,1
2026092321,ALLOW,DFMR,ALLOW,1,4,1
2026092322,DENY,FULL,DENY,1,41,8
2026092322,DENY,SEQUENTIAL,DENY,1,12,4
2026092322,DENY,CWR,STEP_UP,0,39,8
2026092322,DENY,DFMR,DENY,1,6,1
2026092323,ALLOW,FULL,ALLOW,1,42,8
2026092323,ALLOW,SEQUENTIAL,ALLOW,1,16,5
2026092323,ALLOW,CWR,ALLOW,1,17,3
2026092323,ALLOW,DFMR,ALLOW,1,7,1
2026092324,ALLOW,FULL,ALLOW,1,43,8
2026092324,ALLOW,SEQUENTIAL,ALLOW,1,11,4
2026092324,ALLOW,CWR,ALLOW,1,4,1
2026092324,ALLOW,DFMR,ALLOW,1,7,1
2026092325,ALLOW,FULL,ALLOW,1,32,8
2026092325,ALLOW,SEQUENTIAL,ALLOW,1,10,4
2026092325,ALLOW,CWR,ALLOW,1,4,1
2026092325,ALLOW,DFMR,ALLOW,1,4,1
2026092326,ALLOW,FULL,ALLOW,1,41,8
2026092326,ALLOW,SEQUENTIAL,ALLOW,1,13,4
2026092326,ALLOW,CWR,ALLOW,1,5,1
2026092326,ALLOW,DFMR,ALLOW,1,5,1
2026092327,DENY,FULL,DENY,1,29,8
2026092327,DENY,SEQUENTIAL,DENY,1,9,4
2026092327,DENY,CWR,STEP_UP,0,23,7
2026092327,DENY,DFMR,DENY,1,4,1
2026092328,ALLOW,FULL,ALLOW,1,41,8
2026092328,ALLOW,SEQUENTIAL,ALLOW,1,10,4
2026092328,ALLOW,CWR,ALLOW,1,3,1
2026092328,ALLOW,DFMR,ALLOW,1,7,1
2026092329,DENY,FULL,DENY,1,33,8
2026092329,DENY,SEQUENTIAL,DENY,1,9,4
2026092329,DENY,CWR,STEP_UP,0,23,7
2026092329,DENY,DFMR,DENY,1,3,1
2026092330,DENY,FULL,DENY,1,32,8
2026092330,DENY,SEQUENTIAL,DENY,1,9,4
2026092330,DENY,CWR,STEP_UP,0,31,8
2026092330,DENY,DFMR,DENY,1,3,1
2026092331,DENY,FULL,DENY,1,32,8
2026092331,DENY,SEQUENTIAL,DENY,1,8,4
2026092331,DENY,CWR,STEP_UP,0,23,7
2026092331,DENY,DFMR,DENY,1,3,1
2026092332,DENY,FULL,DENY,1,35,8
2026092332,DENY,SEQUENTIAL,DENY,1,13,5
2026092332,DENY,CWR,STEP_UP,0,19,4
2026092332,DENY,DFMR,DENY,1,7,2
2026092333,ALLOW,FULL,ALLOW,1,33,8
2026092333,ALLOW,SEQUENTIAL,ALLOW,1,16,6
2026092333,ALLOW,CWR,ALLOW,1,13,5
2026092333,ALLOW,DFMR,ALLOW,1,7,2
2026092334,ALLOW,FULL,ALLOW,1,33,8
2026092334,ALLOW,SEQUENTIAL,ALLOW,1,9,4
2026092334,ALLOW,CWR,ALLOW,1,3,1
2026092334,ALLOW,DFMR,ALLOW,1,3,1
2026092335,ALLOW,FULL,ALLOW,1,37,8
2026092335,ALLOW,SEQUENTIAL,ALLOW,1,9,4
2026092335,ALLOW,CWR,ALLOW,1,6,2
2026092335,ALLOW,DFMR,ALLOW,1,11,2
2026092336,ALLOW,FULL,ALLOW,1,33,8
2026092336,ALLOW,SEQUENTIAL,ALLOW,1,12,5
2026092336,ALLOW,CWR,ALLOW,1,12,5
2026092336,ALLOW,DFMR,ALLOW,1,7,2
2026092337,ALLOW,FULL,ALLOW,1,32,8
2026092337,ALLOW,SEQUENTIAL,ALLOW,1,8,4
2026092337,ALLOW,CWR,ALLOW,1,4,1
2026092337,ALLOW,DFMR,ALLOW,1,5,1
2026092338,ALLOW,FULL,ALLOW,1,40,8
2026092338,ALLOW,SEQUENTIAL,ALLOW,1,8,4
2026092338,ALLOW,CWR,ALLOW,1,3,1
2026092338,ALLOW,DFMR,ALLOW,1,7,1
2026092339,DENY,FULL,DENY,1,34,8
2026092339,DENY,SEQUENTIAL,DENY,1,12,5
2026092339,DENY,CWR,STEP_UP,0,29,7
2026092339,DENY,DFMR,DENY,1,9,2
2026092340,DENY,FULL,DENY,1,41,8
2026092340,DENY,SEQUENTIAL,DENY,1,11,4
2026092340,DENY,CWR,STEP_UP,0,33,7
2026092340,DENY,DFMR,DENY,1,7,1
2026092341,ALLOW,FULL,ALLOW,1,33,8
2026092341,ALLOW,SEQUENTIAL,ALLOW,1,7,4
2026092341,ALLOW,CWR,ALLOW,1,3,1
2026092341,ALLOW,DFMR,ALLOW,1,3,1
2026092342,ALLOW,FULL,ALLOW,1,33,8
2026092342,ALLOW,SEQUENTIAL,ALLOW,1,13,5
2026092342,ALLOW,CWR,ALLOW,1,5,1
2026092342,ALLOW,DFMR,ALLOW,1,5,1
2026092343,DENY,FULL,DENY,1,37,8
2026092343,DENY,SEQUENTIAL,DENY,1,13,5
2026092343,DENY,CWR,STEP_UP,0,28,7
2026092343,DENY,DFMR,DENY,1,4,1
2026092344,ALLOW,FULL,ALLOW,1,40,8
2026092344,ALLOW,SEQUENTIAL,ALLOW,1,10,4
2026092344,ALLOW,CWR,ALLOW,1,4,1
2026092344,ALLOW,DFMR,ALLOW,1,5,1
2026092345,ALLOW,FULL,ALLOW,1,28,8
2026092345,ALLOW,SEQUENTIAL,ALLOW,1,11,5
2026092345,ALLOW,CWR,ALLOW,1,6,2
2026092345,ALLOW,DFMR,ALLOW,1,6,2
2026092346,DENY,FULL,DENY,1,37,8
2026092346,DENY,SEQUENTIAL,DENY,1,7,4
2026092346,DENY,CWR,STEP_UP,0,31,7
2026092346,DENY,DFMR,DENY,1,7,1
2026092347,ALLOW,FULL,ALLOW,1,31,8
2026092347,ALLOW,SEQUENTIAL,ALLOW,1,11,5
2026092347,ALLOW,CWR,ALLOW,1,6,2
2026092347,ALLOW,DFMR,ALLOW,1,6,2
2026092348,DENY,FULL,DENY,1,35,8
2026092348,DENY,SEQUENTIAL,DENY,1,10,4
2026092348,DENY,CWR,STEP_UP,0,25,5
2026092348,DENY,DFMR,DENY,1,8,2
2026092349,ALLOW,FULL,ALLOW,1,36,8
2026092349,ALLOW,SEQUENTIAL,ALLOW,1,13,5
2026092349,ALLOW,CWR,ALLOW,1,6,2
2026092349,ALLOW,DFMR,ALLOW,1,6,2
2026092350,ALLOW,FULL,ALLOW,1,33,8
2026092350,ALLOW,SEQUENTIAL,ALLOW,1,7,4
2026092350,ALLOW,CWR,ALLOW,1,3,1
2026092350,ALLOW,DFMR,ALLOW,1,4,1
2026092351,ALLOW,FULL,ALLOW,1,41,8
2026092351,ALLOW,SEQUENTIAL,ALLOW,1,12,4
2026092351,ALLOW,CWR,ALLOW,1,4,1
2026092351,ALLOW,DFMR,ALLOW,1,4,1
2026092352,DENY,FULL,DENY,1,32,8
2026092352,DENY,SEQUENTIAL,DENY,1,11,4
2026092352,DENY,CWR,STEP_UP,0,29,8
2026092352,DENY,DFMR,DENY,1,3,1
2026092353,ALLOW,FULL,ALLOW,1,35,8
2026092353,ALLOW,SEQUENTIAL,ALLOW,1,10,4
2026092353,ALLOW,CWR,ALLOW,1,3,1
2026092353,ALLOW,DFMR,ALLOW,1,3,1
2026092354,ALLOW,FULL,ALLOW,1,31,8
2026092354,ALLOW,SEQUENTIAL,ALLOW,1,6,4
2026092354,ALLOW,CWR,ALLOW,1,4,2
2026092354,ALLOW,DFMR,ALLOW,1,8,2
2026092355,ALLOW,FULL,ALLOW,1,36,8
2026092355,ALLOW,SEQUENTIAL,ALLOW,1,21,6
2026092355,ALLOW,CWR,ALLOW,1,9,2
2026092355,ALLOW,DFMR,ALLOW,1,9,2
2026092356,DENY,FULL,DENY,1,30,8
2026092356,DENY,SEQUENTIAL,DENY,1,11,5
2026092356,DENY,CWR,STEP_UP,0,18,4
2026092356,DENY,DFMR,DENY,1,6,2
2026092357,ALLOW,FULL,ALLOW,1,34,8
2026092357,ALLOW,SEQUENTIAL,ALLOW,1,10,4
2026092357,ALLOW,CWR,ALLOW,1,3,1
2026092357,ALLOW,DFMR,ALLOW,1,3,1
2026092358,ALLOW,FULL,ALLOW,1,36,8
2026092358,ALLOW,SEQUENTIAL,ALLOW,1,8,4
2026092358,ALLOW,CWR,ALLOW,1,5,2
2026092358,ALLOW,DFMR,ALLOW,1,10,2
2026092359,ALLOW,FULL,ALLOW,1,40,8
2026092359,ALLOW,SEQUENTIAL,ALLOW,1,14,4
2026092359,ALLOW,CWR,ALLOW,1,5,1
2026092359,ALLOW,DFMR,ALLOW,1,5,1
2026092360,DENY,FULL,DENY,1,45,8
2026092360,DENY,SEQUENTIAL,DENY,1,20,5
2026092360,DENY,CWR,STEP_UP,0,44,8
2026092360,DENY,DFMR,DENY,1,14,2
2026092361,ALLOW,FULL,ALLOW,1,36,8
2026092361,ALLOW,SEQUENTIAL,ALLOW,1,10,4
2026092361,ALLOW,CWR,ALLOW,1,3,1
2026092361,ALLOW,DFMR,ALLOW,1,3,1
2026092362,ALLOW,FULL,ALLOW,1,36,8
2026092362,ALLOW,SEQUENTIAL,ALLOW,1,9,4
2026092362,ALLOW,CWR,ALLOW,1,3,1
2026092362,ALLOW,DFMR,ALLOW,1,3,1
2026092363,ALLOW,FULL,ALLOW,1,32,8
2026092363,ALLOW,SEQUENTIAL,ALLOW,1,14,5
2026092363,ALLOW,CWR,ALLOW,1,11,3
2026092363,ALLOW,DFMR,ALLOW,1,7,2
2026092364,DENY,FULL,DENY,1,38,8
2026092364,DENY,SEQUENTIAL,DENY,1,12,4
2026092364,DENY,CWR,STEP_UP,0,27,7
2026092364,DENY,DFMR,DENY,1,5,1
2026092365,DENY,FULL,DENY,1,35,8
2026092365,DENY,SEQUENTIAL,DENY,1,8,4
2026092365,DENY,CWR,STEP_UP,0,27,7
2026092365,DENY,DFMR,DENY,1,4,1
2026092366,DENY,FULL,DENY,1,42,8
2026092366,DENY,SEQUENTIAL,DENY,1,10,4
2026092366,DENY,CWR,STEP_UP,0,33,7
2026092366,DENY,DFMR,DENY,1,4,1
2026092367,ALLOW,FULL,ALLOW,1,31,8
2026092367,ALLOW,SEQUENTIAL,ALLOW,1,7,4
2026092367,ALLOW,CWR,ALLOW,1,3,1
2026092367,ALLOW,DFMR,ALLOW,1,5,1
2026092368,DENY,FULL,DENY,1,39,8
2026092368,DENY,SEQUENTIAL,DENY,1,9,4
2026092368,DENY,CWR,STEP_UP,0,30,7
2026092368,DENY,DFMR,DENY,1,4,1
2026092369,DENY,FULL,DENY,1,37,8
2026092369,DENY,SEQUENTIAL,DENY,1,8,4
2026092369,DENY,CWR,STEP_UP,0,27,7
2026092369,DENY,DFMR,DENY,1,4,1
2026092370,DENY,FULL,DENY,1,30,8
2026092370,DENY,SEQUENTIAL,DENY,1,8,4
2026092370,DENY,CWR,STEP_UP,0,19,6
2026092370,DENY,DFMR,DENY,1,3,1
2026092371,ALLOW,FULL,ALLOW,1,37,8
2026092371,ALLOW,SEQUENTIAL,ALLOW,1,10,4
2026092371,ALLOW,CWR,ALLOW,1,4,1
2026092371,ALLOW,DFMR,ALLOW,1,5,1
2026092372,DENY,FULL,DENY,1,36,8
2026092372,DENY,SEQUENTIAL,DENY,1,8,4
2026092372,DENY,CWR,STEP_UP,0,28,7
2026092372,DENY,DFMR,DENY,1,3,1
2026092373,DENY,FULL,DENY,1,36,8
2026092373,DENY,SEQUENTIAL,DENY,1,20,6
2026092373,DENY,CWR,STEP_UP,0,28,5
2026092373,DENY,DFMR,DENY,1,9,2
2026092374,DENY,FULL,DENY,1,33,8
2026092374,DENY,SEQUENTIAL,DENY,1,14,5
2026092374,DENY,CWR,STEP_UP,0,26,7
2026092374,DENY,DFMR,DENY,1,10,2
2026092375,ALLOW,FULL,ALLOW,1,35,8
2026092375,ALLOW,SEQUENTIAL,ALLOW,1,9,4
2026092375,ALLOW,CWR,ALLOW,1,3,1
2026092375,ALLOW,DFMR,ALLOW,1,3,1
2026092376,DENY,FULL,DENY,1,42,8
2026092376,DENY,SEQUENTIAL,DENY,1,14,4
2026092376,DENY,CWR,STEP_UP,0,41,8
2026092376,DENY,DFMR,DENY,1,5,1
2026092377,DENY,FULL,DENY,1,35,8
2026092377,DENY,SEQUENTIAL,DENY,1,10,4
2026092377,DENY,CWR,STEP_UP,0,29,7
2026092377,DENY,DFMR,DENY,1,3,1
2026092378,ALLOW,FULL,ALLOW,1,35,8
2026092378,ALLOW,SEQUENTIAL,ALLOW,1,14,5
2026092378,ALLOW,CWR,ALLOW,1,9,2
2026092378,ALLOW,DFMR,ALLOW,1,5,1
2026092379,DENY,FULL,DENY,1,33,8
2026092379,DENY,SEQUENTIAL,DENY,1,8,4
2026092379,DENY,CWR,STEP_UP,0,27,5
2026092379,DENY,DFMR,DENY,1,6,2
2026092380,ALLOW,FULL,ALLOW,1,38,8
2026092380,ALLOW,SEQUENTIAL,ALLOW,1,9,4
2026092380,ALLOW,CWR,ALLOW,1,5,1
2026092380,ALLOW,DFMR,ALLOW,1,6,1
2026092381,ALLOW,FULL,ALLOW,1,26,8
2026092381,ALLOW,SEQUENTIAL,ALLOW,1,8,4
2026092381,ALLOW,CWR,ALLOW,1,3,1
2026092381,ALLOW,DFMR,ALLOW,1,3,1
2026092382,DENY,FULL,DENY,1,35,8
2026092382,DENY,SEQUENTIAL,DENY,1,13,5
2026092382,DENY,CWR,STEP_UP,0,27,7
2026092382,DENY,DFMR,DENY,1,8,2
2026092383,DENY,FULL,DENY,1,36,8
2026092383,DENY,SEQUENTIAL,DENY,1,10,4
2026092383,DENY,CWR,STEP_UP,0,23,6
2026092383,DENY,DFMR,DENY,1,4,1
2026092384,DENY,FULL,DENY,1,28,8
2026092384,DENY,SEQUENTIAL,DENY,1,8,4
2026092384,DENY,CWR,STEP_UP,0,23,7
2026092384,DENY,DFMR,DENY,1,3,1
2026092385,ALLOW,FULL,ALLOW,1,33,8
2026092385,ALLOW,SEQUENTIAL,ALLOW,1,7,4
2026092385,ALLOW,CWR,ALLOW,1,3,1
2026092385,ALLOW,DFMR,ALLOW,1,3,1
2026092386,ALLOW,FULL,ALLOW,1,32,8
2026092386,ALLOW,SEQUENTIAL,ALLOW,1,8,4
2026092386,ALLOW,CWR,ALLOW,1,3,1
2026092386,ALLOW,DFMR,ALLOW,1,4,1
2026092387,ALLOW,FULL,ALLOW,1,39,8
2026092387,ALLOW,SEQUENTIAL,ALLOW,1,11,4
2026092387,ALLOW,CWR,ALLOW,1,3,1
2026092387,ALLOW,DFMR,ALLOW,1,4,1
2026092388,ALLOW,FULL,ALLOW,1,35,8
2026092388,ALLOW,SEQUENTIAL,ALLOW,1,10,4
2026092388,ALLOW,CWR,ALLOW,1,3,1
2026092388,ALLOW,DFMR,ALLOW,1,3,1
2026092389,DENY,FULL,DENY,1,27,8
2026092389,DENY,SEQUENTIAL,DENY,1,8,4
2026092389,DENY,CWR,STEP_UP,0,22,6
2026092389,DENY,DFMR,DENY,1,3,1
2026092390,ALLOW,FULL,ALLOW,1,41,8
2026092390,ALLOW,SEQUENTIAL,ALLOW,1,12,4
2026092390,ALLOW,CWR,ALLOW,1,6,1
2026092390,ALLOW,DFMR,ALLOW,1,6,1
2026092391,DENY,FULL,DENY,1,33,8
2026092391,DENY,SEQUENTIAL,DENY,1,9,4
2026092391,DENY,CWR,STEP_UP,0,20,6
2026092391,DENY,DFMR,DENY,1,5,1
2026092392,ALLOW,FULL,ALLOW,1,32,8
2026092392,ALLOW,SEQUENTIAL,ALLOW,1,11,5
2026092392,ALLOW,CWR,ALLOW,1,7,2
2026092392,ALLOW,DFMR,ALLOW,1,4,1
2026092393,ALLOW,FULL,ALLOW,1,39,8
2026092393,ALLOW,SEQUENTIAL,ALLOW,1,9,4
2026092393,ALLOW,CWR,ALLOW,1,4,1
2026092393,ALLOW,DFMR,ALLOW,1,9,2
2026092394,ALLOW,FULL,ALLOW,1,31,8
2026092394,ALLOW,SEQUENTIAL,ALLOW,1,8,4
2026092394,ALLOW,CWR,ALLOW,1,4,1
2026092394,ALLOW,DFMR,ALLOW,1,4,1
2026092395,DENY,FULL,DENY,1,32,8
2026092395,DENY,SEQUENTIAL,DENY,1,11,4
2026092395,DENY,CWR,STEP_UP,0,20,6
2026092395,DENY,DFMR,DENY,1,4,1
2026092396,ALLOW,FULL,ALLOW,1,28,8
2026092396,ALLOW,SEQUENTIAL,ALLOW,1,7,4
2026092396,ALLOW,CWR,ALLOW,1,3,1
2026092396,ALLOW,DFMR,ALLOW,1,3,1
2026092397,ALLOW,FULL,ALLOW,1,42,8
2026092397,ALLOW,SEQUENTIAL,ALLOW,1,12,4
2026092397,ALLOW,CWR,ALLOW,1,5,1
2026092397,ALLOW,DFMR,ALLOW,1,5,1
2026092398,DENY,FULL,DENY,1,30,8
2026092398,DENY,SEQUENTIAL,DENY,1,10,4
2026092398,DENY,CWR,STEP_UP,0,24,7
2026092398,DENY,DFMR,DENY,1,3,1
2026092399,ALLOW,FULL,ALLOW,1,39,8
2026092399,ALLOW,SEQUENTIAL,ALLOW,1,11,4
2026092399,ALLOW,CWR,ALLOW,1,10,2
2026092399,ALLOW,DFMR,ALLOW,1,11,2
2026092400,ALLOW,FULL,ALLOW,1,27,8
2026092400,ALLOW,SEQUENTIAL,ALLOW,1,9,4
2026092400,ALLOW,CWR,ALLOW,1,3,1
2026092400,ALLOW,DFMR,ALLOW,1,3,1
2026092401,ALLOW,FULL,ALLOW,1,28,8
2026092401,ALLOW,SEQUENTIAL,ALLOW,1,12,5
2026092401,ALLOW,CWR,ALLOW,1,12,5
2026092401,ALLOW,DFMR,ALLOW,1,7,2
2026092402,ALLOW,FULL,ALLOW,1,32,8
2026092402,ALLOW,SEQUENTIAL,ALLOW,1,12,5
2026092402,ALLOW,CWR,ALLOW,1,12,5
2026092402,ALLOW,DFMR,ALLOW,1,7,2
2026092403,ALLOW,FULL,ALLOW,1,39,8
2026092403,ALLOW,SEQUENTIAL,ALLOW,1,19,5
2026092403,ALLOW,CWR,ALLOW,1,10,2
2026092403,ALLOW,DFMR,ALLOW,1,10,2
2026092404,DENY,FULL,DENY,1,40,8
2026092404,DENY,SEQUENTIAL,DENY,1,9,4
2026092404,DENY,CWR,STEP_UP,0,30,7
2026092404,DENY,DFMR,DENY,1,4,1
2026092405,ALLOW,FULL,ALLOW,1,38,8
2026092405,ALLOW,SEQUENTIAL,ALLOW,1,9,4
2026092405,ALLOW,CWR,ALLOW,1,4,1
2026092405,ALLOW,DFMR,ALLOW,1,10,2
2026092406,ALLOW,FULL,ALLOW,1,34,8
2026092406,ALLOW,SEQUENTIAL,ALLOW,1,9,4
2026092406,ALLOW,CWR,ALLOW,1,3,1
2026092406,ALLOW,DFMR,ALLOW,1,5,1
2026092407,ALLOW,FULL,ALLOW,1,39,8
2026092407,ALLOW,SEQUENTIAL,ALLOW,1,11,4
2026092407,ALLOW,CWR,ALLOW,1,3,1
2026092407,ALLOW,DFMR,ALLOW,1,3,1
2026092408,ALLOW,FULL,ALLOW,1,29,8
2026092408,ALLOW,SEQUENTIAL,ALLOW,1,13,5
2026092408,ALLOW,CWR,ALLOW,1,6,2
2026092408,ALLOW,DFMR,ALLOW,1,6,2
2026092409,ALLOW,FULL,ALLOW,1,38,8
2026092409,ALLOW,SEQUENTIAL,ALLOW,1,11,4
2026092409,ALLOW,CWR,ALLOW,1,3,1
2026092409,ALLOW,DFMR,ALLOW,1,5,1
2026092410,DENY,FULL,DENY,1,34,8
2026092410,DENY,SEQUENTIAL,DENY,1,9,4
2026092410,DENY,CWR,STEP_UP,0,28,7
2026092410,DENY,DFMR,DENY,1,3,1
2026092411,ALLOW,FULL,ALLOW,1,40,8
2026092411,ALLOW,SEQUENTIAL,ALLOW,1,13,4
2026092411,ALLOW,CWR,ALLOW,1,7,2
2026092411,ALLOW,DFMR,ALLOW,1,10,2
2026092412,DENY,FULL,DENY,1,34,8
2026092412,DENY,SEQUENTIAL,DENY,1,7,4
2026092412,DENY,CWR,STEP_UP,0,23,7
2026092412,DENY,DFMR,DENY,1,5,1
2026092413,DENY,FULL,DENY,1,39,8
2026092413,DENY,SEQUENTIAL,DENY,1,10,4
2026092413,DENY,CWR,STEP_UP,0,33,7
2026092413,DENY,DFMR,DENY,1,5,1
2026092414,ALLOW,FULL,ALLOW,1,38,8
2026092414,ALLOW,SEQUENTIAL,ALLOW,1,17,5
2026092414,ALLOW,CWR,ALLOW,1,17,5
2026092414,ALLOW,DFMR,ALLOW,1,8,2
2026092415,DENY,FULL,DENY,1,34,8
2026092415,DENY,SEQUENTIAL,DENY,1,9,4
2026092415,DENY,CWR,STEP_UP,0,32,8
2026092415,DENY,DFMR,DENY,1,4,1
2026092416,ALLOW,FULL,ALLOW,1,36,8
2026092416,ALLOW,SEQUENTIAL,ALLOW,1,10,4
2026092416,ALLOW,CWR,ALLOW,1,4,1
2026092416,ALLOW,DFMR,ALLOW,1,4,1
2026092417,DENY,FULL,DENY,1,36,8
2026092417,DENY,SEQUENTIAL,DENY,1,11,4
2026092417,DENY,CWR,STEP_UP,0,35,8
2026092417,DENY,DFMR,DENY,1,9,2
2026092418,DENY,FULL,DENY,1,42,8
2026092418,DENY,SEQUENTIAL,DENY,1,9,4
2026092418,DENY,CWR,STEP_UP,0,35,7
2026092418,DENY,DFMR,DENY,1,6,1
2026092419,DENY,FULL,DENY,1,29,8
2026092419,DENY,SEQUENTIAL,DENY,1,7,4
2026092419,DENY,CWR,STEP_UP,0,28,8
2026092419,DENY,DFMR,DENY,1,3,1
2026092420,ALLOW,FULL,ALLOW,1,30,8
2026092420,ALLOW,SEQUENTIAL,ALLOW,1,8,4
2026092420,ALLOW,CWR,ALLOW,1,3,1
2026092420,ALLOW,DFMR,ALLOW,1,3,1
2026092421,DENY,FULL,DENY,1,39,8
2026092421,DENY,SEQUENTIAL,DENY,1,11,4
2026092421,DENY,CWR,STEP_UP,0,23,6
2026092421,DENY,DFMR,DENY,1,5,1
2026092422,DENY,FULL,DENY,1,33,8
2026092422,DENY,SEQUENTIAL,DENY,1,9,4
2026092422,DENY,CWR,STEP_UP,0,24,7
2026092422,DENY,DFMR,DENY,1,4,1
2026092423,ALLOW,FULL,ALLOW,1,32,8
2026092423,ALLOW,SEQUENTIAL,ALLOW,1,13,5
2026092423,ALLOW,CWR,ALLOW,1,13,5
2026092423,ALLOW,DFMR,ALLOW,1,8,2
2026092424,ALLOW,FULL,ALLOW,1,32,8
2026092424,ALLOW,SEQUENTIAL,ALLOW,1,6,4
2026092424,ALLOW,CWR,ALLOW,1,3,1
2026092424,ALLOW,DFMR,ALLOW,1,3,1
2026092425,ALLOW,FULL,ALLOW,1,46,8
2026092425,ALLOW,SEQUENTIAL,ALLOW,1,12,4
2026092425,ALLOW,CWR,ALLOW,1,5,1
2026092425,ALLOW,DFMR,ALLOW,1,5,1
2026092426,DENY,FULL,DENY,1,42,8
2026092426,DENY,SEQUENTIAL,DENY,1,17,5
2026092426,DENY,CWR,STEP_UP,0,34,7
2026092426,DENY,DFMR,DENY,1,7,1
2026092427,ALLOW,FULL,ALLOW,1,31,8
2026092427,ALLOW,SEQUENTIAL,ALLOW,1,8,4
2026092427,ALLOW,CWR,ALLOW,1,6,2
2026092427,ALLOW,DFMR,ALLOW,1,6,2
2026092428,ALLOW,FULL,ALLOW,1,34,8
2026092428,ALLOW,SEQUENTIAL,ALLOW,1,10,4
2026092428,ALLOW,CWR,ALLOW,1,4,1
2026092428,ALLOW,DFMR,ALLOW,1,4,1
2026092429,ALLOW,FULL,ALLOW,1,36,8
2026092429,ALLOW,SEQUENTIAL,ALLOW,1,9,4
2026092429,ALLOW,CWR,ALLOW,1,3,1
2026092429,ALLOW,DFMR,ALLOW,1,8,2
2026092430,ALLOW,FULL,ALLOW,1,35,8
2026092430,ALLOW,SEQUENTIAL,ALLOW,1,9,4
2026092430,ALLOW,CWR,ALLOW,1,4,1
2026092430,ALLOW,DFMR,ALLOW,1,5,1
2026092431,ALLOW,FULL,ALLOW,1,36,8
2026092431,ALLOW,SEQUENTIAL,ALLOW,1,9,4
2026092431,ALLOW,CWR,ALLOW,1,3,1
2026092431,ALLOW,DFMR,ALLOW,1,3,1
2026092432,DENY,FULL,DENY,1,35,8
2026092432,DENY,SEQUENTIAL,DENY,1,9,4
2026092432,DENY,CWR,STEP_UP,0,25,7
2026092432,DENY,DFMR,DENY,1,4,1
2026092433,DENY,FULL,DENY,1,29,8
2026092433,DENY,SEQUENTIAL,DENY,1,9,4
2026092433,DENY,CWR,STEP_UP,0,22,7
2026092433,DENY,DFMR,DENY,1,3,1
2026092434,ALLOW,FULL,ALLOW,1,36,8
2026092434,ALLOW,SEQUENTIAL,ALLOW,1,9,4
2026092434,ALLOW,CWR,ALLOW,1,3,1
2026092434,ALLOW,DFMR,ALLOW,1,3,1
2026092435,ALLOW,FULL,ALLOW,1,34,8
2026092435,ALLOW,SEQUENTIAL,ALLOW,1,12,5
2026092435,ALLOW,CWR,ALLOW,1,9,2
2026092435,ALLOW,DFMR,ALLOW,1,5,1
2026092436,DENY,FULL,DENY,1,44,8
2026092436,DENY,SEQUENTIAL,DENY,1,12,4
2026092436,DENY,CWR,STEP_UP,0,33,7
2026092436,DENY,DFMR,DENY,1,6,1
2026092437,ALLOW,FULL,ALLOW,1,36,8
2026092437,ALLOW,SEQUENTIAL,ALLOW,1,9,4
2026092437,ALLOW,CWR,ALLOW,1,3,1
2026092437,ALLOW,DFMR,ALLOW,1,8,2
2026092438,ALLOW,FULL,ALLOW,1,31,8
2026092438,ALLOW,SEQUENTIAL,ALLOW,1,9,4
2026092438,ALLOW,CWR,ALLOW,1,4,1
2026092438,ALLOW,DFMR,ALLOW,1,4,1
2026092439,DENY,FULL,DENY,1,28,8
2026092439,DENY,SEQUENTIAL,DENY,1,11,4
2026092439,DENY,CWR,STEP_UP,0,24,7
2026092439,DENY,DFMR,DENY,1,3,1
2026092440,DENY,FULL,DENY,1,38,8
2026092440,DENY,SEQUENTIAL,DENY,1,14,5
2026092440,DENY,CWR,STEP_UP,0,29,5
2026092440,DENY,DFMR,DENY,1,8,2
2026092441,ALLOW,FULL,ALLOW,1,42,8
2026092441,ALLOW,SEQUENTIAL,ALLOW,1,10,4
2026092441,ALLOW,CWR,ALLOW,1,3,1
2026092441,ALLOW,DFMR,ALLOW,1,6,1
2026092442,ALLOW,FULL,ALLOW,1,43,8
2026092442,ALLOW,SEQUENTIAL,ALLOW,1,10,4
2026092442,ALLOW,CWR,ALLOW,1,3,1
2026092442,ALLOW,DFMR,ALLOW,1,10,2
2026092443,ALLOW,FULL,ALLOW,1,32,8
2026092443,ALLOW,SEQUENTIAL,ALLOW,1,12,5
2026092443,ALLOW,CWR,ALLOW,1,6,2
2026092443,ALLOW,DFMR,ALLOW,1,6,2
2026092444,DENY,FULL,DENY,1,34,8
2026092444,DENY,SEQUENTIAL,DENY,1,9,4
2026092444,DENY,CWR,STEP_UP,0,26,7
2026092444,DENY,DFMR,DENY,1,3,1
2026092445,ALLOW,FULL,ALLOW,1,32,8
2026092445,ALLOW,SEQUENTIAL,ALLOW,1,9,4
2026092445,ALLOW,CWR,ALLOW,1,4,1
2026092445,ALLOW,DFMR,ALLOW,1,5,1
2026092446,DENY,FULL,DENY,1,28,8
2026092446,DENY,SEQUENTIAL,DENY,1,9,4
2026092446,DENY,CWR,STEP_UP,0,18,6
2026092446,DENY,DFMR,DENY,1,3,1
2026092447,DENY,FULL,DENY,1,41,8
2026092447,DENY,SEQUENTIAL,DENY,1,13,4
2026092447,DENY,CWR,STEP_UP,0,32,7
2026092447,DENY,DFMR,DENY,1,5,1
2026092448,ALLOW,FULL,ALLOW,1,31,8
2026092448,ALLOW,SEQUENTIAL,ALLOW,1,7,4
2026092448,ALLOW,CWR,ALLOW,1,4,1
2026092448,ALLOW,DFMR,ALLOW,1,4,1
2026092449,ALLOW,FULL,ALLOW,1,40,8
2026092449,ALLOW,SEQUENTIAL,ALLOW,1,21,6
2026092449,ALLOW,CWR,ALLOW,1,11,2
2026092449,ALLOW,DFMR,ALLOW,1,6,1
2026092450,ALLOW,FULL,ALLOW,1,39,8
2026092450,ALLOW,SEQUENTIAL,ALLOW,1,16,5
2026092450,ALLOW,CWR,ALLOW,1,5,1
2026092450,ALLOW,DFMR,ALLOW,1,5,1
2026092451,DENY,FULL,DENY,1,37,8
2026092451,DENY,SEQUENTIAL,DENY,1,16,5
2026092451,DENY,CWR,STEP_UP,0,32,7
2026092451,DENY,DFMR,DENY,1,5,1
2026092452,DENY,FULL,DENY,1,38,8
2026092452,DENY,SEQUENTIAL,DENY,1,12,4
2026092452,DENY,CWR,STEP_UP,0,22,5
2026092452,DENY,DFMR,DENY,1,3,1
2026092453,DENY,FULL,DENY,1,36,8
2026092453,DENY,SEQUENTIAL,DENY,1,8,4
2026092453,DENY,CWR,STEP_UP,0,35,8
2026092453,DENY,DFMR,DENY,1,3,1
2026092454,ALLOW,FULL,ALLOW,1,33,8
2026092454,ALLOW,SEQUENTIAL,ALLOW,1,10,4
2026092454,ALLOW,CWR,ALLOW,1,4,1
2026092454,ALLOW,DFMR,ALLOW,1,9,2
2026092455,DENY,FULL,DENY,1,42,8
2026092455,DENY,SEQUENTIAL,DENY,1,23,6
2026092455,DENY,CWR,STEP_UP,0,39,8
2026092455,DENY,DFMR,DENY,1,8,1
2026092456,ALLOW,FULL,ALLOW,1,39,8
2026092456,ALLOW,SEQUENTIAL,ALLOW,1,13,4
2026092456,ALLOW,CWR,ALLOW,1,4,1
2026092456,ALLOW,DFMR,ALLOW,1,5,1
2026092457,DENY,FULL,DENY,1,36,8
2026092457,DENY,SEQUENTIAL,DENY,1,10,4
2026092457,DENY,CWR,STEP_UP,0,35,8
2026092457,DENY,DFMR,DENY,1,8,2
2026092458,DENY,FULL,DENY,1,29,8
2026092458,DENY,SEQUENTIAL,DENY,1,8,4
2026092458,DENY,CWR,STEP_UP,0,21,7
2026092458,DENY,DFMR,DENY,1,5,1
2026092459,DENY,FULL,DENY,1,32,8
2026092459,DENY,SEQUENTIAL,DENY,1,8,4
2026092459,DENY,CWR,STEP_UP,0,24,7
2026092459,DENY,DFMR,DENY,1,4,1
2026092460,DENY,FULL,DENY,1,38,8
2026092460,DENY,SEQUENTIAL,DENY,1,9,4
2026092460,DENY,CWR,STEP_UP,0,30,7
2026092460,DENY,DFMR,DENY,1,3,1
2026092461,ALLOW,FULL,ALLOW,1,34,8
2026092461,ALLOW,SEQUENTIAL,ALLOW,1,8,4
2026092461,ALLOW,CWR,ALLOW,1,3,1
2026092461,ALLOW,DFMR,ALLOW,1,3,1
2026092462,DENY,FULL,DENY,1,31,8
2026092462,DENY,SEQUENTIAL,DENY,1,15,5
2026092462,DENY,CWR,STEP_UP,0,30,8
2026092462,DENY,DFMR,DENY,1,4,1
2026092463,ALLOW,FULL,ALLOW,1,39,8
2026092463,ALLOW,SEQUENTIAL,ALLOW,1,16,5
2026092463,ALLOW,CWR,ALLOW,1,6,1
2026092463,ALLOW,DFMR,ALLOW,1,7,1
2026092464,ALLOW,FULL,ALLOW,1,38,8
2026092464,ALLOW,SEQUENTIAL,ALLOW,1,10,4
2026092464,ALLOW,CWR,ALLOW,1,3,1
2026092464,ALLOW,DFMR,ALLOW,1,3,1
2026092465,DENY,FULL,DENY,1,41,8
2026092465,DENY,SEQUENTIAL,DENY,1,10,4
2026092465,DENY,CWR,STEP_UP,0,31,7
2026092465,DENY,DFMR,DENY,1,5,1
2026092466,DENY,FULL,DENY,1,39,8
2026092466,DENY,SEQUENTIAL,DENY,1,9,4
2026092466,DENY,CWR,STEP_UP,0,32,7
2026092466,DENY,DFMR,DENY,1,4,1
2026092467,ALLOW,FULL,ALLOW,1,38,8
2026092467,ALLOW,SEQUENTIAL,ALLOW,1,15,5
2026092467,ALLOW,CWR,ALLOW,1,10,2
2026092467,ALLOW,DFMR,ALLOW,1,10,2
2026092468,DENY,FULL,DENY,1,37,8
2026092468,DENY,SEQUENTIAL,DENY,1,10,4
2026092468,DENY,CWR,STEP_UP,0,31,7
2026092468,DENY,DFMR,DENY,1,4,1
2026092469,ALLOW,FULL,ALLOW,1,35,8
2026092469,ALLOW,SEQUENTIAL,ALLOW,1,10,4
2026092469,ALLOW,CWR,ALLOW,1,7,3
2026092469,ALLOW,DFMR,ALLOW,1,7,2
2026092470,ALLOW,FULL,ALLOW,1,41,8
2026092470,ALLOW,SEQUENTIAL,ALLOW,1,12,4
2026092470,ALLOW,CWR,ALLOW,1,5,1
2026092470,ALLOW,DFMR,ALLOW,1,5,1
2026092471,DENY,FULL,DENY,1,32,8
2026092471,DENY,SEQUENTIAL,DENY,1,10,4
2026092471,DENY,CWR,STEP_UP,0,28,7
2026092471,DENY,DFMR,DENY,1,3,1
2026092472,DENY,FULL,DENY,1,36,8
2026092472,DENY,SEQUENTIAL,DENY,1,8,4
2026092472,DENY,CWR,STEP_UP,0,33,8
2026092472,DENY,DFMR,DENY,1,7,2
2026092473,DENY,FULL,DENY,1,48,8
2026092473,DENY,SEQUENTIAL,DENY,1,16,4
2026092473,DENY,CWR,STEP_UP,0,47,8
2026092473,DENY,DFMR,DENY,1,7,1
2026092474,ALLOW,FULL,ALLOW,1,37,8
2026092474,ALLOW,SEQUENTIAL,ALLOW,1,12,4
2026092474,ALLOW,CWR,ALLOW,1,3,1
2026092474,ALLOW,DFMR,ALLOW,1,4,1
2026092475,DENY,FULL,DENY,1,33,8
2026092475,DENY,SEQUENTIAL,DENY,1,12,5
2026092475,DENY,CWR,STEP_UP,0,16,4
2026092475,DENY,DFMR,DENY,1,6,2
2026092476,ALLOW,FULL,ALLOW,1,40,8
2026092476,ALLOW,SEQUENTIAL,ALLOW,1,17,5
2026092476,ALLOW,CWR,ALLOW,1,11,2
2026092476,ALLOW,DFMR,ALLOW,1,11,2
2026092477,DENY,FULL,DENY,1,38,8
2026092477,DENY,SEQUENTIAL,DENY,1,11,4
2026092477,DENY,CWR,STEP_UP,0,37,8
2026092477,DENY,DFMR,DENY,1,4,1
2026092478,DENY,FULL,DENY,1,31,8
2026092478,DENY,SEQUENTIAL,DENY,1,8,4
2026092478,DENY,CWR,STEP_UP,0,28,8
2026092478,DENY,DFMR,DENY,1,3,1
2026092479,ALLOW,FULL,ALLOW,1,38,8
2026092479,ALLOW,SEQUENTIAL,ALLOW,1,10,4
2026092479,ALLOW,CWR,ALLOW,1,3,1
2026092479,ALLOW,DFMR,ALLOW,1,5,1
2026092480,ALLOW,FULL,ALLOW,1,41,8
2026092480,ALLOW,SEQUENTIAL,ALLOW,1,15,5
2026092480,ALLOW,CWR,ALLOW,1,15,5
2026092480,ALLOW,DFMR,ALLOW,1,10,2
2026092481,DENY,FULL,DENY,1,36,8
2026092481,DENY,SEQUENTIAL,DENY,1,8,4
2026092481,DENY,CWR,STEP_UP,0,27,7
2026092481,DENY,DFMR,DENY,1,4,1
2026092482,ALLOW,FULL,ALLOW,1,39,8
2026092482,ALLOW,SEQUENTIAL,ALLOW,1,12,4
2026092482,ALLOW,CWR,ALLOW,1,4,1
2026092482,ALLOW,DFMR,ALLOW,1,4,1
2026092483,DENY,FULL,DENY,1,37,8
2026092483,DENY,SEQUENTIAL,DENY,1,12,5
2026092483,DENY,CWR,STEP_UP,0,30,5
2026092483,DENY,DFMR,DENY,1,7,2
2026092484,ALLOW,FULL,ALLOW,1,25,8
2026092484,ALLOW,SEQUENTIAL,ALLOW,1,10,5
2026092484,ALLOW,CWR,ALLOW,1,7,2
2026092484,ALLOW,DFMR,ALLOW,1,7,2
2026092485,DENY,FULL,DENY,1,34,8
2026092485,DENY,SEQUENTIAL,DENY,1,20,6
2026092485,DENY,CWR,STEP_UP,0,32,8
2026092485,DENY,DFMR,DENY,1,9,2
2026092486,DENY,FULL,DENY,1,27,8
2026092486,DENY,SEQUENTIAL,DENY,1,11,5
2026092486,DENY,CWR,STEP_UP,0,18,4
2026092486,DENY,DFMR,DENY,1,7,2
2026092487,ALLOW,FULL,ALLOW,1,37,8
2026092487,ALLOW,SEQUENTIAL,ALLOW,1,10,4
2026092487,ALLOW,CWR,ALLOW,1,4,1
2026092487,ALLOW,DFMR,ALLOW,1,4,1
2026092488,ALLOW,FULL,ALLOW,1,36,8
2026092488,ALLOW,SEQUENTIAL,ALLOW,1,8,4
2026092488,ALLOW,CWR,ALLOW,1,3,1
2026092488,ALLOW,DFMR,ALLOW,1,3,1
2026092489,DENY,FULL,DENY,1,37,8
2026092489,DENY,SEQUENTIAL,DENY,1,12,4
2026092489,DENY,CWR,STEP_UP,0,36,8
2026092489,DENY,DFMR,DENY,1,4,1
2026092490,ALLOW,FULL,ALLOW,1,44,8
2026092490,ALLOW,SEQUENTIAL,ALLOW,1,12,4
2026092490,ALLOW,CWR,ALLOW,1,5,1
2026092490,ALLOW,DFMR,ALLOW,1,5,1
2026092491,ALLOW,FULL,ALLOW,1,37,8
2026092491,ALLOW,SEQUENTIAL,ALLOW,1,9,4
2026092491,ALLOW,CWR,ALLOW,1,3,1
2026092491,ALLOW,DFMR,ALLOW,1,3,1
2026092492,ALLOW,FULL,ALLOW,1,33,8
2026092492,ALLOW,SEQUENTIAL,ALLOW,1,9,4
2026092492,ALLOW,CWR,ALLOW,1,4,1
2026092492,ALLOW,DFMR,ALLOW,1,4,1
2026092493,DENY,FULL,DENY,1,34,8
2026092493,DENY,SEQUENTIAL,DENY,1,13,5
2026092493,DENY,CWR,STEP_UP,0,33,8
2026092493,DENY,DFMR,DENY,1,5,1
2026092494,ALLOW,FULL,ALLOW,1,39,8
2026092494,ALLOW,SEQUENTIAL,ALLOW,1,10,4
2026092494,ALLOW,CWR,ALLOW,1,5,1
2026092494,ALLOW,DFMR,ALLOW,1,5,1
2026092495,DENY,FULL,DENY,1,38,8
2026092495,DENY,SEQUENTIAL,DENY,1,10,4
2026092495,DENY,CWR,STEP_UP,0,27,7
2026092495,DENY,DFMR,DENY,1,3,1
2026092496,DENY,FULL,DENY,1,27,8
2026092496,DENY,SEQUENTIAL,DENY,1,8,4
2026092496,DENY,CWR,STEP_UP,0,17,6
2026092496,DENY,DFMR,DENY,1,3,1
2026092497,DENY,FULL,DENY,1,40,8
2026092497,DENY,SEQUENTIAL,DENY,1,19,5
2026092497,DENY,CWR,STEP_UP,0,33,7
2026092497,DENY,DFMR,DENY,1,11,2
2026092498,ALLOW,FULL,ALLOW,1,36,8
2026092498,ALLOW,SEQUENTIAL,ALLOW,1,10,4
2026092498,ALLOW,CWR,ALLOW,1,3,1
2026092498,ALLOW,DFMR,ALLOW,1,3,1
2026092499,ALLOW,FULL,ALLOW,1,37,8
2026092499,ALLOW,SEQUENTIAL,ALLOW,1,9,4
2026092499,ALLOW,CWR,ALLOW,1,4,1
2026092499,ALLOW,DFMR,ALLOW,1,4,1
2026092500,ALLOW,FULL,ALLOW,1,30,8
2026092500,ALLOW,SEQUENTIAL,ALLOW,1,8,4
2026092500,ALLOW,CWR,ALLOW,1,3,1
2026092500,ALLOW,DFMR,ALLOW,1,3,1
2026092501,DENY,FULL,DENY,1,32,8
2026092501,DENY,SEQUENTIAL,DENY,1,9,4
2026092501,DENY,CWR,STEP_UP,0,24,7
2026092501,DENY,DFMR,DENY,1,3,1
2026092502,DENY,FULL,DENY,1,31,8
2026092502,DENY,SEQUENTIAL,DENY,1,10,4
2026092502,DENY,CWR,STEP_UP,0,29,8
2026092502,DENY,DFMR,DENY,1,3,1
2026092503,ALLOW,FULL,ALLOW,1,32,8
2026092503,ALLOW,SEQUENTIAL,ALLOW,1,9,4
2026092503,ALLOW,CWR,ALLOW,1,3,1
2026092503,ALLOW,DFMR,ALLOW,1,3,1
2026092504,ALLOW,FULL,ALLOW,1,37,8
2026092504,ALLOW,SEQUENTIAL,ALLOW,1,8,4
2026092504,ALLOW,CWR,ALLOW,1,4,1
2026092504,ALLOW,DFMR,ALLOW,1,4,1
2026092505,DENY,FULL,DENY,1,36,8
2026092505,DENY,SEQUENTIAL,DENY,1,11,4
2026092505,DENY,CWR,STEP_UP,0,22,6
2026092505,DENY,DFMR,DENY,1,5,1
2026092506,ALLOW,FULL,ALLOW,1,40,8
2026092506,ALLOW,SEQUENTIAL,ALLOW,1,13,4
2026092506,ALLOW,CWR,ALLOW,1,4,1
2026092506,ALLOW,DFMR,ALLOW,1,5,1
2026092507,ALLOW,FULL,ALLOW,1,33,8
2026092507,ALLOW,SEQUENTIAL,ALLOW,1,11,5
2026092507,ALLOW,CWR,ALLOW,1,8,2
2026092507,ALLOW,DFMR,ALLOW,1,5,1
2026092508,ALLOW,FULL,ALLOW,1,37,8
2026092508,ALLOW,SEQUENTIAL,ALLOW,1,12,4
2026092508,ALLOW,CWR,ALLOW,1,4,1
2026092508,ALLOW,DFMR,ALLOW,1,4,1
2026092509,DENY,FULL,DENY,1,34,8
2026092509,DENY,SEQUENTIAL,DENY,1,10,4
2026092509,DENY,CWR,STEP_UP,0,25,7
2026092509,DENY,DFMR,DENY,1,5,1
2026092510,DENY,FULL,DENY,1,34,8
2026092510,DENY,SEQUENTIAL,DENY,1,9,4
2026092510,DENY,CWR,STEP_UP,0,22,5
2026092510,DENY,DFMR,DENY,1,4,1
2026092511,ALLOW,FULL,ALLOW,1,37,8
2026092511,ALLOW,SEQUENTIAL,ALLOW,1,9,4
2026092511,ALLOW,CWR,ALLOW,1,3,1
2026092511,ALLOW,DFMR,ALLOW,1,3,1
2026092512,DENY,FULL,DENY,1,34,8
2026092512,DENY,SEQUENTIAL,DENY,1,8,4
2026092512,DENY,CWR,STEP_UP,0,24,7
2026092512,DENY,DFMR,DENY,1,4,1
2026092513,DENY,FULL,DENY,1,42,8
2026092513,DENY,SEQUENTIAL,DENY,1,18,5
2026092513,DENY,CWR,STEP_UP,0,31,5
2026092513,DENY,DFMR,DENY,1,10,2
2026092514,ALLOW,FULL,ALLOW,1,32,8
2026092514,ALLOW,SEQUENTIAL,ALLOW,1,8,4
2026092514,ALLOW,CWR,ALLOW,1,4,1
2026092514,ALLOW,DFMR,ALLOW,1,4,1
2026092515,ALLOW,FULL,ALLOW,1,35,8
2026092515,ALLOW,SEQUENTIAL,ALLOW,1,8,4
2026092515,ALLOW,CWR,ALLOW,1,3,1
2026092515,ALLOW,DFMR,ALLOW,1,6,1
2026092516,DENY,FULL,DENY,1,38,8
2026092516,DENY,SEQUENTIAL,DENY,1,9,4
2026092516,DENY,CWR,STEP_UP,0,35,8
2026092516,DENY,DFMR,DENY,1,3,1
2026092517,ALLOW,FULL,ALLOW,1,34,8
2026092517,ALLOW,SEQUENTIAL,ALLOW,1,10,4
2026092517,ALLOW,CWR,ALLOW,1,3,1
2026092517,ALLOW,DFMR,ALLOW,1,3,1
2026092518,ALLOW,FULL,ALLOW,1,42,8
2026092518,ALLOW,SEQUENTIAL,ALLOW,1,12,4
2026092518,ALLOW,CWR,ALLOW,1,3,1
2026092518,ALLOW,DFMR,ALLOW,1,3,1
2026092519,DENY,FULL,DENY,1,40,8
2026092519,DENY,SEQUENTIAL,DENY,1,16,5
2026092519,DENY,CWR,STEP_UP,0,31,7
2026092519,DENY,DFMR,DENY,1,10,2
2026092520,DENY,FULL,DENY,1,36,8
2026092520,DENY,SEQUENTIAL,DENY,1,8,4
2026092520,DENY,CWR,STEP_UP,0,22,4
2026092520,DENY,DFMR,DENY,1,8,2
2026092521,DENY,FULL,DENY,1,41,8
2026092521,DENY,SEQUENTIAL,DENY,1,11,4
2026092521,DENY,CWR,STEP_UP,0,40,8
2026092521,DENY,DFMR,DENY,1,6,1
2026092522,DENY,FULL,DENY,1,37,8
2026092522,DENY,SEQUENTIAL,DENY,1,7,4
2026092522,DENY,CWR,STEP_UP,0,27,7
2026092522,DENY,DFMR,DENY,1,7,1
2026092523,DENY,FULL,DENY,1,36,8
2026092523,DENY,SEQUENTIAL,DENY,1,8,4
2026092523,DENY,CWR,STEP_UP,0,27,7
2026092523,DENY,DFMR,DENY,1,5,1
2026092524,ALLOW,FULL,ALLOW,1,34,8
2026092524,ALLOW,SEQUENTIAL,ALLOW,1,10,4
2026092524,ALLOW,CWR,ALLOW,1,4,1
2026092524,ALLOW,DFMR,ALLOW,1,4,1
2026092525,ALLOW,FULL,ALLOW,1,36,8
2026092525,ALLOW,SEQUENTIAL,ALLOW,1,8,4
2026092525,ALLOW,CWR,ALLOW,1,4,1
2026092525,ALLOW,DFMR,ALLOW,1,5,1
2026092526,ALLOW,FULL,ALLOW,1,44,8
2026092526,ALLOW,SEQUENTIAL,ALLOW,1,12,4
2026092526,ALLOW,CWR,ALLOW,1,6,1
2026092526,ALLOW,DFMR,ALLOW,1,6,1
2026092527,ALLOW,FULL,ALLOW,1,41,8
2026092527,ALLOW,SEQUENTIAL,ALLOW,1,23,6
2026092527,ALLOW,CWR,ALLOW,1,21,5
2026092527,ALLOW,DFMR,ALLOW,1,10,2
2026092528,ALLOW,FULL,ALLOW,1,36,8
2026092528,ALLOW,SEQUENTIAL,ALLOW,1,9,4
2026092528,ALLOW,CWR,ALLOW,1,3,1
2026092528,ALLOW,DFMR,ALLOW,1,6,1
2026092529,ALLOW,FULL,ALLOW,1,35,8
2026092529,ALLOW,SEQUENTIAL,ALLOW,1,20,6
2026092529,ALLOW,CWR,ALLOW,1,9,2
2026092529,ALLOW,DFMR,ALLOW,1,5,1
2026092530,ALLOW,FULL,ALLOW,1,39,8
2026092530,ALLOW,SEQUENTIAL,ALLOW,1,16,5
2026092530,ALLOW,CWR,ALLOW,1,9,3
2026092530,ALLOW,DFMR,ALLOW,1,12,2
2026092531,DENY,FULL,DENY,1,37,8
2026092531,DENY,SEQUENTIAL,DENY,1,8,4
2026092531,DENY,CWR,STEP_UP,0,35,8
2026092531,DENY,DFMR,DENY,1,4,1
2026092532,ALLOW,FULL,ALLOW,1,36,8
2026092532,ALLOW,SEQUENTIAL,ALLOW,1,12,5
2026092532,ALLOW,CWR,ALLOW,1,5,1
2026092532,ALLOW,DFMR,ALLOW,1,5,1
2026092533,DENY,FULL,DENY,1,36,8
2026092533,DENY,SEQUENTIAL,DENY,1,15,5
2026092533,DENY,CWR,STEP_UP,0,21,4
2026092533,DENY,DFMR,DENY,1,8,2
2026092534,ALLOW,FULL,ALLOW,1,40,8
2026092534,ALLOW,SEQUENTIAL,ALLOW,1,10,4
2026092534,ALLOW,CWR,ALLOW,1,4,1
2026092534,ALLOW,DFMR,ALLOW,1,4,1
2026092535,ALLOW,FULL,ALLOW,1,37,8
2026092535,ALLOW,SEQUENTIAL,ALLOW,1,8,4
2026092535,ALLOW,CWR,ALLOW,1,3,1
2026092535,ALLOW,DFMR,ALLOW,1,3,1
2026092536,ALLOW,FULL,ALLOW,1,36,8
2026092536,ALLOW,SEQUENTIAL,ALLOW,1,10,4
2026092536,ALLOW,CWR,ALLOW,1,4,1
2026092536,ALLOW,DFMR,ALLOW,1,4,1
2026092537,ALLOW,FULL,ALLOW,1,35,8
2026092537,ALLOW,SEQUENTIAL,ALLOW,1,10,4
2026092537,ALLOW,CWR,ALLOW,1,4,1
2026092537,ALLOW,DFMR,ALLOW,1,4,1
2026092538,DENY,FULL,DENY,1,40,8
2026092538,DENY,SEQUENTIAL,DENY,1,10,4
2026092538,DENY,CWR,STEP_UP,0,31,7
2026092538,DENY,DFMR,DENY,1,6,1
2026092539,DENY,FULL,DENY,1,32,8
2026092539,DENY,SEQUENTIAL,DENY,1,7,4
2026092539,DENY,CWR,STEP_UP,0,24,7
2026092539,DENY,DFMR,DENY,1,3,1
2026092540,ALLOW,FULL,ALLOW,1,38,8
2026092540,ALLOW,SEQUENTIAL,ALLOW,1,10,4
2026092540,ALLOW,CWR,ALLOW,1,10,4
2026092540,ALLOW,DFMR,ALLOW,1,10,2
2026092541,ALLOW,FULL,ALLOW,1,28,8
2026092541,ALLOW,SEQUENTIAL,ALLOW,1,10,4
2026092541,ALLOW,CWR,ALLOW,1,6,2
2026092541,ALLOW,DFMR,ALLOW,1,6,2
2026092542,DENY,FULL,DENY,1,31,8
2026092542,DENY,SEQUENTIAL,DENY,1,9,4
2026092542,DENY,CWR,STEP_UP,0,17,6
2026092542,DENY,DFMR,DENY,1,4,1
2026092543,ALLOW,FULL,ALLOW,1,33,8
2026092543,ALLOW,SEQUENTIAL,ALLOW,1,10,4
2026092543,ALLOW,CWR,ALLOW,1,7,3
2026092543,ALLOW,DFMR,ALLOW,1,8,2
2026092544,DENY,FULL,DENY,1,40,8
2026092544,DENY,SEQUENTIAL,DENY,1,22,6
2026092544,DENY,CWR,STEP_UP,0,37,8
2026092544,DENY,DFMR,DENY,1,12,2
2026092545,DENY,FULL,DENY,1,34,8
2026092545,DENY,SEQUENTIAL,DENY,1,10,4
2026092545,DENY,CWR,STEP_UP,0,23,7
2026092545,DENY,DFMR,DENY,1,3,1
2026092546,ALLOW,FULL,ALLOW,1,39,8
2026092546,ALLOW,SEQUENTIAL,ALLOW,1,11,4
2026092546,ALLOW,CWR,ALLOW,1,4,1
2026092546,ALLOW,DFMR,ALLOW,1,4,1
2026092547,DENY,FULL,DENY,1,38,8
2026092547,DENY,SEQUENTIAL,DENY,1,14,5
2026092547,DENY,CWR,STEP_UP,0,35,8
2026092547,DENY,DFMR,DENY,1,4,1
2026092548,ALLOW,FULL,ALLOW,1,35,8
2026092548,ALLOW,SEQUENTIAL,ALLOW,1,10,4
2026092548,ALLOW,CWR,ALLOW,1,3,1
2026092548,ALLOW,DFMR,ALLOW,1,3,1
2026092549,ALLOW,FULL,ALLOW,1,38,8
2026092549,ALLOW,SEQUENTIAL,ALLOW,1,8,4
2026092549,ALLOW,CWR,ALLOW,1,4,1
2026092549,ALLOW,DFMR,ALLOW,1,4,1
2026092550,DENY,FULL,DENY,1,38,8
2026092550,DENY,SEQUENTIAL,DENY,1,15,5
2026092550,DENY,CWR,STEP_UP,0,31,7
2026092550,DENY,DFMR,DENY,1,5,1
2026092551,DENY,FULL,DENY,1,48,8
2026092551,DENY,SEQUENTIAL,DENY,1,15,4
2026092551,DENY,CWR,STEP_UP,0,46,8
2026092551,DENY,DFMR,DENY,1,7,1
2026092552,ALLOW,FULL,ALLOW,1,35,8
2026092552,ALLOW,SEQUENTIAL,ALLOW,1,14,5
2026092552,ALLOW,CWR,ALLOW,1,5,1
2026092552,ALLOW,DFMR,ALLOW,1,5,1
2026092553,DENY,FULL,DENY,1,44,8
2026092553,DENY,SEQUENTIAL,DENY,1,13,4
2026092553,DENY,CWR,STEP_UP,0,36,7
2026092553,DENY,DFMR,DENY,1,6,1
2026092554,ALLOW,FULL,ALLOW,1,39,8
2026092554,ALLOW,SEQUENTIAL,ALLOW,1,21,6
2026092554,ALLOW,CWR,ALLOW,1,12,2
2026092554,ALLOW,DFMR,ALLOW,1,12,2
2026092555,DENY,FULL,DENY,1,31,8
2026092555,DENY,SEQUENTIAL,DENY,1,8,4
2026092555,DENY,CWR,STEP_UP,0,28,8
2026092555,DENY,DFMR,DENY,1,3,1
2026092556,ALLOW,FULL,ALLOW,1,40,8
2026092556,ALLOW,SEQUENTIAL,ALLOW,1,15,5
2026092556,ALLOW,CWR,ALLOW,1,5,1
2026092556,ALLOW,DFMR,ALLOW,1,5,1
2026092557,DENY,FULL,DENY,1,35,8
2026092557,DENY,SEQUENTIAL,DENY,1,9,4
2026092557,DENY,CWR,STEP_UP,0,26,7
2026092557,DENY,DFMR,DENY,1,3,1
2026092558,ALLOW,FULL,ALLOW,1,32,8
2026092558,ALLOW,SEQUENTIAL,ALLOW,1,10,4
2026092558,ALLOW,CWR,ALLOW,1,3,1
2026092558,ALLOW,DFMR,ALLOW,1,3,1
2026092559,ALLOW,FULL,ALLOW,1,46,8
2026092559,ALLOW,SEQUENTIAL,ALLOW,1,12,4
2026092559,ALLOW,CWR,ALLOW,1,6,1
2026092559,ALLOW,DFMR,ALLOW,1,6,1
2026092560,ALLOW,FULL,ALLOW,1,33,8
2026092560,ALLOW,SEQUENTIAL,ALLOW,1,11,5
2026092560,ALLOW,CWR,ALLOW,1,4,1
2026092560,ALLOW,DFMR,ALLOW,1,4,1
2026092561,DENY,FULL,DENY,1,38,8
2026092561,DENY,SEQUENTIAL,DENY,1,10,4
2026092561,DENY,CWR,STEP_UP,0,36,8
2026092561,DENY,DFMR,DENY,1,5,1
2026092562,ALLOW,FULL,ALLOW,1,36,8
2026092562,ALLOW,SEQUENTIAL,ALLOW,1,9,4
2026092562,ALLOW,CWR,ALLOW,1,3,1
2026092562,ALLOW,DFMR,ALLOW,1,8,2
2026092563,DENY,FULL,DENY,1,31,8
2026092563,DENY,SEQUENTIAL,DENY,1,9,4
2026092563,DENY,CWR,STEP_UP,0,30,8
2026092563,DENY,DFMR,DENY,1,8,2
2026092564,ALLOW,FULL,ALLOW,1,44,8
2026092564,ALLOW,SEQUENTIAL,ALLOW,1,14,4
2026092564,ALLOW,CWR,ALLOW,1,7,1
2026092564,ALLOW,DFMR,ALLOW,1,7,1
2026092565,DENY,FULL,DENY,1,35,8
2026092565,DENY,SEQUENTIAL,DENY,1,11,4
2026092565,DENY,CWR,STEP_UP,0,29,7
2026092565,DENY,DFMR,DENY,1,3,1
2026092566,DENY,FULL,DENY,1,40,8
2026092566,DENY,SEQUENTIAL,DENY,1,10,4
2026092566,DENY,CWR,STEP_UP,0,31,7
2026092566,DENY,DFMR,DENY,1,7,1
2026092567,DENY,FULL,DENY,1,36,8
2026092567,DENY,SEQUENTIAL,DENY,1,13,5
2026092567,DENY,CWR,STEP_UP,0,34,8
2026092567,DENY,DFMR,DENY,1,5,1
2026092568,DENY,FULL,DENY,1,30,8
2026092568,DENY,SEQUENTIAL,DENY,1,8,4
2026092568,DENY,CWR,STEP_UP,0,15,6
2026092568,DENY,DFMR,DENY,1,3,1
2026092569,DENY,FULL,DENY,1,29,8
2026092569,DENY,SEQUENTIAL,DENY,1,10,4
2026092569,DENY,CWR,STEP_UP,0,23,7
2026092569,DENY,DFMR,DENY,1,3,1
2026092570,ALLOW,FULL,ALLOW,1,42,8
2026092570,ALLOW,SEQUENTIAL,ALLOW,1,19,5
2026092570,ALLOW,CWR,ALLOW,1,19,5
2026092570,ALLOW,DFMR,ALLOW,1,10,2
2026092571,ALLOW,FULL,ALLOW,1,36,8
2026092571,ALLOW,SEQUENTIAL,ALLOW,1,8,4
2026092571,ALLOW,CWR,ALLOW,1,3,1
2026092571,ALLOW,DFMR,ALLOW,1,3,1
2026092572,DENY,FULL,DENY,1,35,8
2026092572,DENY,SEQUENTIAL,DENY,1,10,4
2026092572,DENY,CWR,STEP_UP,0,33,8
2026092572,DENY,DFMR,DENY,1,9,2
2026092573,DENY,FULL,DENY,1,32,8
2026092573,DENY,SEQUENTIAL,DENY,1,13,5
2026092573,DENY,CWR,STEP_UP,0,24,7
2026092573,DENY,DFMR,DENY,1,4,1
2026092574,DENY,FULL,DENY,1,35,8
2026092574,DENY,SEQUENTIAL,DENY,1,7,4
2026092574,DENY,CWR,STEP_UP,0,28,5
2026092574,DENY,DFMR,DENY,1,6,2
2026092575,ALLOW,FULL,ALLOW,1,41,8
2026092575,ALLOW,SEQUENTIAL,ALLOW,1,11,4
2026092575,ALLOW,CWR,ALLOW,1,3,1
2026092575,ALLOW,DFMR,ALLOW,1,5,1
2026092576,DENY,FULL,DENY,1,38,8
2026092576,DENY,SEQUENTIAL,DENY,1,8,4
2026092576,DENY,CWR,STEP_UP,0,31,6
2026092576,DENY,DFMR,DENY,1,5,1
2026092577,ALLOW,FULL,ALLOW,1,29,8
2026092577,ALLOW,SEQUENTIAL,ALLOW,1,11,4
2026092577,ALLOW,CWR,ALLOW,1,3,1
2026092577,ALLOW,DFMR,ALLOW,1,3,1
2026092578,DENY,FULL,DENY,1,39,8
2026092578,DENY,SEQUENTIAL,DENY,1,21,6
2026092578,DENY,CWR,STEP_UP,0,28,4
2026092578,DENY,DFMR,DENY,1,12,2
2026092579,DENY,FULL,DENY,1,36,8
2026092579,DENY,SEQUENTIAL,DENY,1,8,4
2026092579,DENY,CWR,STEP_UP,0,31,7
2026092579,DENY,DFMR,DENY,1,3,1
2026092580,ALLOW,FULL,ALLOW,1,39,8
2026092580,ALLOW,SEQUENTIAL,ALLOW,1,22,6
2026092580,ALLOW,CWR,ALLOW,1,9,2
2026092580,ALLOW,DFMR,ALLOW,1,9,2
2026092581,DENY,FULL,DENY,1,28,8
2026092581,DENY,SEQUENTIAL,DENY,1,7,4
2026092581,DENY,CWR,STEP_UP,0,22,7
2026092581,DENY,DFMR,DENY,1,4,1
2026092582,ALLOW,FULL,ALLOW,1,34,8
2026092582,ALLOW,SEQUENTIAL,ALLOW,1,10,4
2026092582,ALLOW,CWR,ALLOW,1,3,1
2026092582,ALLOW,DFMR,ALLOW,1,5,1
2026092583,ALLOW,FULL,ALLOW,1,32,8
2026092583,ALLOW,SEQUENTIAL,ALLOW,1,12,5
2026092583,ALLOW,CWR,ALLOW,1,4,1
2026092583,ALLOW,DFMR,ALLOW,1,6,1
2026092584,ALLOW,FULL,ALLOW,1,34,8
2026092584,ALLOW,SEQUENTIAL,ALLOW,1,8,4
2026092584,ALLOW,CWR,ALLOW,1,3,1
2026092584,ALLOW,DFMR,ALLOW,1,4,1
2026092585,ALLOW,FULL,ALLOW,1,35,8
2026092585,ALLOW,SEQUENTIAL,ALLOW,1,11,4
2026092585,ALLOW,CWR,ALLOW,1,3,1
2026092585,ALLOW,DFMR,ALLOW,1,3,1
2026092586,DENY,FULL,DENY,1,27,8
2026092586,DENY,SEQUENTIAL,DENY,1,6,4
2026092586,DENY,CWR,STEP_UP,0,23,7
2026092586,DENY,DFMR,DENY,1,3,1
2026092587,ALLOW,FULL,ALLOW,1,35,8
2026092587,ALLOW,SEQUENTIAL,ALLOW,1,13,5
2026092587,ALLOW,CWR,ALLOW,1,9,2
2026092587,ALLOW,DFMR,ALLOW,1,5,1
2026092588,ALLOW,FULL,ALLOW,1,41,8
2026092588,ALLOW,SEQUENTIAL,ALLOW,1,10,4
2026092588,ALLOW,CWR,ALLOW,1,4,1
2026092588,ALLOW,DFMR,ALLOW,1,6,1
2026092589,DENY,FULL,DENY,1,39,8
2026092589,DENY,SEQUENTIAL,DENY,1,9,4
2026092589,DENY,CWR,STEP_UP,0,36,8
2026092589,DENY,DFMR,DENY,1,5,1
2026092590,ALLOW,FULL,ALLOW,1,39,8
2026092590,ALLOW,SEQUENTIAL,ALLOW,1,10,4
2026092590,ALLOW,CWR,ALLOW,1,4,1
2026092590,ALLOW,DFMR,ALLOW,1,4,1
2026092591,DENY,FULL,DENY,1,35,8
2026092591,DENY,SEQUENTIAL,DENY,1,8,4
2026092591,DENY,CWR,STEP_UP,0,29,7
2026092591,DENY,DFMR,DENY,1,3,1
2026092592,DENY,FULL,DENY,1,37,8
2026092592,DENY,SEQUENTIAL,DENY,1,8,4
2026092592,DENY,CWR,STEP_UP,0,22,6
2026092592,DENY,DFMR,DENY,1,4,1
2026092593,ALLOW,FULL,ALLOW,1,42,8
2026092593,ALLOW,SEQUENTIAL,ALLOW,1,11,4
2026092593,ALLOW,CWR,ALLOW,1,4,1
2026092593,ALLOW,DFMR,ALLOW,1,6,1
2026092594,ALLOW,FULL,ALLOW,1,34,8
2026092594,ALLOW,SEQUENTIAL,ALLOW,1,10,4
2026092594,ALLOW,CWR,ALLOW,1,3,1
2026092594,ALLOW,DFMR,ALLOW,1,3,1
2026092595,ALLOW,FULL,ALLOW,1,43,8
2026092595,ALLOW,SEQUENTIAL,ALLOW,1,16,5
2026092595,ALLOW,CWR,ALLOW,1,16,5
2026092595,ALLOW,DFMR,ALLOW,1,9,2
2026092596,ALLOW,FULL,ALLOW,1,39,8
2026092596,ALLOW,SEQUENTIAL,ALLOW,1,18,5
2026092596,ALLOW,CWR,ALLOW,1,11,2
2026092596,ALLOW,DFMR,ALLOW,1,11,2
2026092597,ALLOW,FULL,ALLOW,1,26,8
2026092597,ALLOW,SEQUENTIAL,ALLOW,1,8,4
2026092597,ALLOW,CWR,ALLOW,1,3,1
2026092597,ALLOW,DFMR,ALLOW,1,3,1
2026092598,DENY,FULL,DENY,1,36,8
2026092598,DENY,SEQUENTIAL,DENY,1,16,5
2026092598,DENY,CWR,STEP_UP,0,25,5
2026092598,DENY,DFMR,DENY,1,7,2
2026092599,ALLOW,FULL,ALLOW,1,28,8
2026092599,ALLOW,SEQUENTIAL,ALLOW,1,8,4
2026092599,ALLOW,CWR,ALLOW,1,3,1
2026092599,ALLOW,DFMR,ALLOW,1,3,1
2026092600,ALLOW,FULL,ALLOW,1,38,8
2026092600,ALLOW,SEQUENTIAL,ALLOW,1,10,4
2026092600,ALLOW,CWR,ALLOW,1,5,1
2026092600,ALLOW,DFMR,ALLOW,1,5,1
2026092601,DENY,FULL,DENY,1,41,8
2026092601,DENY,SEQUENTIAL,DENY,1,13,4
2026092601,DENY,CWR,STEP_UP,0,34,7
2026092601,DENY,DFMR,DENY,1,5,1
2026092602,ALLOW,FULL,ALLOW,1,38,8
2026092602,ALLOW,SEQUENTIAL,ALLOW,1,8,4
2026092602,ALLOW,CWR,ALLOW,1,3,1
2026092602,ALLOW,DFMR,ALLOW,1,3,1
2026092603,DENY,FULL,DENY,1,36,8
2026092603,DENY,SEQUENTIAL,DENY,1,10,4
2026092603,DENY,CWR,STEP_UP,0,35,8
2026092603,DENY,DFMR,DENY,1,4,1
2026092604,ALLOW,FULL,ALLOW,1,37,8
2026092604,ALLOW,SEQUENTIAL,ALLOW,1,9,4
2026092604,ALLOW,CWR,ALLOW,1,3,1
2026092604,ALLOW,DFMR,ALLOW,1,6,1
2026092605,ALLOW,FULL,ALLOW,1,36,8
2026092605,ALLOW,SEQUENTIAL,ALLOW,1,14,5
2026092605,ALLOW,CWR,ALLOW,1,14,5
2026092605,ALLOW,DFMR,ALLOW,1,8,2
2026092606,DENY,FULL,DENY,1,41,8
2026092606,DENY,SEQUENTIAL,DENY,1,12,4
2026092606,DENY,CWR,STEP_UP,0,32,7
2026092606,DENY,DFMR,DENY,1,5,1
2026092607,DENY,FULL,DENY,1,40,8
2026092607,DENY,SEQUENTIAL,DENY,1,11,4
2026092607,DENY,CWR,STEP_UP,0,33,7
2026092607,DENY,DFMR,DENY,1,6,1
2026092608,DENY,FULL,DENY,1,34,8
2026092608,DENY,SEQUENTIAL,DENY,1,10,4
2026092608,DENY,CWR,STEP_UP,0,25,7
2026092608,DENY,DFMR,DENY,1,3,1
2026092609,DENY,FULL,DENY,1,43,8
2026092609,DENY,SEQUENTIAL,DENY,1,17,5
2026092609,DENY,CWR,STEP_UP,0,32,7
2026092609,DENY,DFMR,DENY,1,7,1
2026092610,ALLOW,FULL,ALLOW,1,39,8
2026092610,ALLOW,SEQUENTIAL,ALLOW,1,14,5
2026092610,ALLOW,CWR,ALLOW,1,9,2
2026092610,ALLOW,DFMR,ALLOW,1,6,1
2026092611,ALLOW,FULL,ALLOW,1,30,8
2026092611,ALLOW,SEQUENTIAL,ALLOW,1,8,4
2026092611,ALLOW,CWR,ALLOW,1,4,1
2026092611,ALLOW,DFMR,ALLOW,1,4,1
2026092612,DENY,FULL,DENY,1,41,8
2026092612,DENY,SEQUENTIAL,DENY,1,24,6
2026092612,DENY,CWR,STEP_UP,0,39,8
2026092612,DENY,DFMR,DENY,1,13,2
2026092613,DENY,FULL,DENY,1,39,8
2026092613,DENY,SEQUENTIAL,DENY,1,8,4
2026092613,DENY,CWR,STEP_UP,0,29,7
2026092613,DENY,DFMR,DENY,1,6,1
2026092614,DENY,FULL,DENY,1,36,8
2026092614,DENY,SEQUENTIAL,DENY,1,10,4
2026092614,DENY,CWR,STEP_UP,0,33,8
2026092614,DENY,DFMR,DENY,1,4,1
2026092615,ALLOW,FULL,ALLOW,1,39,8
2026092615,ALLOW,SEQUENTIAL,ALLOW,1,11,4
2026092615,ALLOW,CWR,ALLOW,1,3,1
2026092615,ALLOW,DFMR,ALLOW,1,3,1
2026092616,DENY,FULL,DENY,1,41,8
2026092616,DENY,SEQUENTIAL,DENY,1,10,4
2026092616,DENY,CWR,STEP_UP,0,30,7
2026092616,DENY,DFMR,DENY,1,5,1
2026092617,DENY,FULL,DENY,1,37,8
2026092617,DENY,SEQUENTIAL,DENY,1,11,4
2026092617,DENY,CWR,STEP_UP,0,30,7
2026092617,DENY,DFMR,DENY,1,6,1
2026092618,DENY,FULL,DENY,1,29,8
2026092618,DENY,SEQUENTIAL,DENY,1,8,4
2026092618,DENY,CWR,STEP_UP,0,19,5
2026092618,DENY,DFMR,DENY,1,3,1
2026092619,DENY,FULL,DENY,1,33,8
2026092619,DENY,SEQUENTIAL,DENY,1,8,4
2026092619,DENY,CWR,STEP_UP,0,24,7
2026092619,DENY,DFMR,DENY,1,3,1
2026092620,DENY,FULL,DENY,1,33,8
2026092620,DENY,SEQUENTIAL,DENY,1,8,4
2026092620,DENY,CWR,STEP_UP,0,21,6
2026092620,DENY,DFMR,DENY,1,3,1
2026092621,ALLOW,FULL,ALLOW,1,41,8
2026092621,ALLOW,SEQUENTIAL,ALLOW,1,10,4
2026092621,ALLOW,CWR,ALLOW,1,7,3
2026092621,ALLOW,DFMR,ALLOW,1,9,2
2026092622,DENY,FULL,DENY,1,39,8
2026092622,DENY,SEQUENTIAL,DENY,1,16,5
2026092622,DENY,CWR,STEP_UP,0,32,5
2026092622,DENY,DFMR,DENY,1,10,2
2026092623,DENY,FULL,DENY,1,28,8
2026092623,DENY,SEQUENTIAL,DENY,1,10,4
2026092623,DENY,CWR,STEP_UP,0,23,7
2026092623,DENY,DFMR,DENY,1,3,1
2026092624,ALLOW,FULL,ALLOW,1,40,8
2026092624,ALLOW,SEQUENTIAL,ALLOW,1,9,4
2026092624,ALLOW,CWR,ALLOW,1,6,1
2026092624,ALLOW,DFMR,ALLOW,1,6,1
2026092625,ALLOW,FULL,ALLOW,1,38,8
2026092625,ALLOW,SEQUENTIAL,ALLOW,1,10,4
2026092625,ALLOW,CWR,ALLOW,1,3,1
2026092625,ALLOW,DFMR,ALLOW,1,3,1
2026092626,ALLOW,FULL,ALLOW,1,31,8
2026092626,ALLOW,SEQUENTIAL,ALLOW,1,8,4
2026092626,ALLOW,CWR,ALLOW,1,3,1
2026092626,ALLOW,DFMR,ALLOW,1,3,1
2026092627,DENY,FULL,DENY,1,33,8
2026092627,DENY,SEQUENTIAL,DENY,1,9,4
2026092627,DENY,CWR,STEP_UP,0,24,7
2026092627,DENY,DFMR,DENY,1,3,1
2026092628,ALLOW,FULL,ALLOW,1,31,8
2026092628,ALLOW,SEQUENTIAL,ALLOW,1,10,4
2026092628,ALLOW,CWR,ALLOW,1,3,1
2026092628,ALLOW,DFMR,ALLOW,1,3,1
2026092629,DENY,FULL,DENY,1,29,8
2026092629,DENY,SEQUENTIAL,DENY,1,8,4
2026092629,DENY,CWR,STEP_UP,0,23,7
2026092629,DENY,DFMR,DENY,1,3,1
2026092630,ALLOW,FULL,ALLOW,1,33,8
2026092630,ALLOW,SEQUENTIAL,ALLOW,1,11,4
2026092630,ALLOW,CWR,ALLOW,1,3,1
2026092630,ALLOW,DFMR,ALLOW,1,3,1
2026092631,DENY,FULL,DENY,1,36,8
2026092631,DENY,SEQUENTIAL,DENY,1,9,4
2026092631,DENY,CWR,STEP_UP,0,27,7
2026092631,DENY,DFMR,DENY,1,6,1
2026092632,ALLOW,FULL,ALLOW,1,40,8
2026092632,ALLOW,SEQUENTIAL,ALLOW,1,11,4
2026092632,ALLOW,CWR,ALLOW,1,4,1
2026092632,ALLOW,DFMR,ALLOW,1,5,1
2026092633,DENY,FULL,DENY,1,35,8
2026092633,DENY,SEQUENTIAL,DENY,1,8,4
2026092633,DENY,CWR,STEP_UP,0,19,6
2026092633,DENY,DFMR,DENY,1,3,1
2026092634,DENY,FULL,DENY,1,36,8
2026092634,DENY,SEQUENTIAL,DENY,1,11,4
2026092634,DENY,CWR,STEP_UP,0,29,7
2026092634,DENY,DFMR,DENY,1,3,1
2026092635,DENY,FULL,DENY,1,35,8
2026092635,DENY,SEQUENTIAL,DENY,1,12,4
2026092635,DENY,CWR,STEP_UP,0,28,7
2026092635,DENY,DFMR,DENY,1,4,1
2026092636,ALLOW,FULL,ALLOW,1,36,8
2026092636,ALLOW,SEQUENTIAL,ALLOW,1,12,4
2026092636,ALLOW,CWR,ALLOW,1,4,1
2026092636,ALLOW,DFMR,ALLOW,1,4,1
2026092637,ALLOW,FULL,ALLOW,1,35,8
2026092637,ALLOW,SEQUENTIAL,ALLOW,1,11,4
2026092637,ALLOW,CWR,ALLOW,1,4,1
2026092637,ALLOW,DFMR,ALLOW,1,4,1
2026092638,ALLOW,FULL,ALLOW,1,34,8
2026092638,ALLOW,SEQUENTIAL,ALLOW,1,12,4
2026092638,ALLOW,CWR,ALLOW,1,4,1
2026092638,ALLOW,DFMR,ALLOW,1,4,1
2026092639,DENY,FULL,DENY,1,36,8
2026092639,DENY,SEQUENTIAL,DENY,1,10,4
2026092639,DENY,CWR,STEP_UP,0,29,7
2026092639,DENY,DFMR,DENY,1,10,2
2026092640,DENY,FULL,DENY,1,35,8
2026092640,DENY,SEQUENTIAL,DENY,1,10,4
2026092640,DENY,CWR,STEP_UP,0,21,6
2026092640,DENY,DFMR,DENY,1,4,1
2026092641,DENY,FULL,DENY,1,39,8
2026092641,DENY,SEQUENTIAL,DENY,1,12,4
2026092641,DENY,CWR,STEP_UP,0,29,7
2026092641,DENY,DFMR,DENY,1,3,1
2026092642,DENY,FULL,DENY,1,42,8
2026092642,DENY,SEQUENTIAL,DENY,1,12,4
2026092642,DENY,CWR,STEP_UP,0,28,6
2026092642,DENY,DFMR,DENY,1,4,1
2026092643,DENY,FULL,DENY,1,39,8
2026092643,DENY,SEQUENTIAL,DENY,1,21,6
2026092643,DENY,CWR,STEP_UP,0,31,7
2026092643,DENY,DFMR,DENY,1,9,2
2026092644,DENY,FULL,DENY,1,35,8
2026092644,DENY,SEQUENTIAL,DENY,1,16,5
2026092644,DENY,CWR,STEP_UP,0,29,7
2026092644,DENY,DFMR,DENY,1,4,1
2026092645,DENY,FULL,DENY,1,38,8
2026092645,DENY,SEQUENTIAL,DENY,1,14,5
2026092645,DENY,CWR,STEP_UP,0,36,8
2026092645,DENY,DFMR,DENY,1,5,1
2026092646,DENY,FULL,DENY,1,38,8
2026092646,DENY,SEQUENTIAL,DENY,1,16,5
2026092646,DENY,CWR,STEP_UP,0,37,8
2026092646,DENY,DFMR,DENY,1,9,2
2026092647,ALLOW,FULL,ALLOW,1,32,8
2026092647,ALLOW,SEQUENTIAL,ALLOW,1,10,4
2026092647,ALLOW,CWR,ALLOW,1,4,1
2026092647,ALLOW,DFMR,ALLOW,1,4,1
2026092648,DENY,FULL,DENY,1,36,8
2026092648,DENY,SEQUENTIAL,DENY,1,7,4
2026092648,DENY,CWR,STEP_UP,0,22,4
2026092648,DENY,DFMR,DENY,1,7,2
2026092649,ALLOW,FULL,ALLOW,1,28,8
2026092649,ALLOW,SEQUENTIAL,ALLOW,1,11,5
2026092649,ALLOW,CWR,ALLOW,1,7,2
2026092649,ALLOW,DFMR,ALLOW,1,4,1
2026092650,ALLOW,FULL,ALLOW,1,31,8
2026092650,ALLOW,SEQUENTIAL,ALLOW,1,11,5
2026092650,ALLOW,CWR,ALLOW,1,7,2
2026092650,ALLOW,DFMR,ALLOW,1,4,1
2026092651,ALLOW,FULL,ALLOW,1,33,8
2026092651,ALLOW,SEQUENTIAL,ALLOW,1,11,4
2026092651,ALLOW,CWR,ALLOW,1,3,1
2026092651,ALLOW,DFMR,ALLOW,1,4,1
2026092652,ALLOW,FULL,ALLOW,1,35,8
2026092652,ALLOW,SEQUENTIAL,ALLOW,1,10,4
2026092652,ALLOW,CWR,ALLOW,1,3,1
2026092652,ALLOW,DFMR,ALLOW,1,4,1
2026092653,DENY,FULL,DENY,1,34,8
2026092653,DENY,SEQUENTIAL,DENY,1,7,4
2026092653,DENY,CWR,STEP_UP,0,25,7
2026092653,DENY,DFMR,DENY,1,5,1
2026092654,DENY,FULL,DENY,1,35,8
2026092654,DENY,SEQUENTIAL,DENY,1,9,4
2026092654,DENY,CWR,STEP_UP,0,25,7
2026092654,DENY,DFMR,DENY,1,5,1
2026092655,DENY,FULL,DENY,1,38,8
2026092655,DENY,SEQUENTIAL,DENY,1,11,4
2026092655,DENY,CWR,STEP_UP,0,31,7
2026092655,DENY,DFMR,DENY,1,4,1
2026092656,ALLOW,FULL,ALLOW,1,32,8
2026092656,ALLOW,SEQUENTIAL,ALLOW,1,8,4
2026092656,ALLOW,CWR,ALLOW,1,4,1
2026092656,ALLOW,DFMR,ALLOW,1,4,1
2026092657,DENY,FULL,DENY,1,38,8
2026092657,DENY,SEQUENTIAL,DENY,1,11,4
2026092657,DENY,CWR,STEP_UP,0,32,7
2026092657,DENY,DFMR,DENY,1,5,1
2026092658,ALLOW,FULL,ALLOW,1,43,8
2026092658,ALLOW,SEQUENTIAL,ALLOW,1,12,4
2026092658,ALLOW,CWR,ALLOW,1,3,1
2026092658,ALLOW,DFMR,ALLOW,1,3,1
2026092659,DENY,FULL,DENY,1,31,8
2026092659,DENY,SEQUENTIAL,DENY,1,8,4
2026092659,DENY,CWR,STEP_UP,0,25,7
2026092659,DENY,DFMR,DENY,1,3,1
2026092660,ALLOW,FULL,ALLOW,1,46,8
2026092660,ALLOW,SEQUENTIAL,ALLOW,1,13,4
2026092660,ALLOW,CWR,ALLOW,1,7,1
2026092660,ALLOW,DFMR,ALLOW,1,7,1
2026092661,ALLOW,FULL,ALLOW,1,31,8
2026092661,ALLOW,SEQUENTIAL,ALLOW,1,8,4
2026092661,ALLOW,CWR,ALLOW,1,3,1
2026092661,ALLOW,DFMR,ALLOW,1,5,1
2026092662,ALLOW,FULL,ALLOW,1,38,8
2026092662,ALLOW,SEQUENTIAL,ALLOW,1,10,4
2026092662,ALLOW,CWR,ALLOW,1,3,1
2026092662,ALLOW,DFMR,ALLOW,1,6,1
2026092663,DENY,FULL,DENY,1,35,8
2026092663,DENY,SEQUENTIAL,DENY,1,12,4
2026092663,DENY,CWR,STEP_UP,0,22,6
2026092663,DENY,DFMR,DENY,1,3,1
2026092664,DENY,FULL,DENY,1,40,8
2026092664,DENY,SEQUENTIAL,DENY,1,9,4
2026092664,DENY,CWR,STEP_UP,0,38,8
2026092664,DENY,DFMR,DENY,1,4,1
2026092665,DENY,FULL,DENY,1,35,8
2026092665,DENY,SEQUENTIAL,DENY,1,8,4
2026092665,DENY,CWR,STEP_UP,0,27,7
2026092665,DENY,DFMR,DENY,1,4,1
2026092666,DENY,FULL,DENY,1,37,8
2026092666,DENY,SEQUENTIAL,DENY,1,9,4
2026092666,DENY,CWR,STEP_UP,0,27,7
2026092666,DENY,DFMR,DENY,1,4,1
2026092667,ALLOW,FULL,ALLOW,1,31,8
2026092667,ALLOW,SEQUENTIAL,ALLOW,1,8,4
2026092667,ALLOW,CWR,ALLOW,1,3,1
2026092667,ALLOW,DFMR,ALLOW,1,3,1
2026092668,DENY,FULL,DENY,1,39,8
2026092668,DENY,SEQUENTIAL,DENY,1,8,4
2026092668,DENY,CWR,STEP_UP,0,23,4
2026092668,DENY,DFMR,DENY,1,7,2
2026092669,ALLOW,FULL,ALLOW,1,41,8
2026092669,ALLOW,SEQUENTIAL,ALLOW,1,19,5
2026092669,ALLOW,CWR,ALLOW,1,6,1
2026092669,ALLOW,DFMR,ALLOW,1,7,1
2026092670,ALLOW,FULL,ALLOW,1,38,8
2026092670,ALLOW,SEQUENTIAL,ALLOW,1,13,5
2026092670,ALLOW,CWR,ALLOW,1,7,2
2026092670,ALLOW,DFMR,ALLOW,1,7,2
2026092671,DENY,FULL,DENY,1,29,8
2026092671,DENY,SEQUENTIAL,DENY,1,8,4
2026092671,DENY,CWR,STEP_UP,0,22,7
2026092671,DENY,DFMR,DENY,1,3,1
2026092672,DENY,FULL,DENY,1,41,8
2026092672,DENY,SEQUENTIAL,DENY,1,10,4
2026092672,DENY,CWR,STEP_UP,0,32,7
2026092672,DENY,DFMR,DENY,1,4,1
2026092673,DENY,FULL,DENY,1,37,8
2026092673,DENY,SEQUENTIAL,DENY,1,10,4
2026092673,DENY,CWR,STEP_UP,0,28,7
2026092673,DENY,DFMR,DENY,1,5,1
2026092674,DENY,FULL,DENY,1,23,8
2026092674,DENY,SEQUENTIAL,DENY,1,6,4
2026092674,DENY,CWR,STEP_UP,0,19,7
2026092674,DENY,DFMR,DENY,1,3,1
2026092675,DENY,FULL,DENY,1,42,8
2026092675,DENY,SEQUENTIAL,DENY,1,13,4
2026092675,DENY,CWR,STEP_UP,0,27,4
2026092675,DENY,DFMR,DENY,1,11,2
2026092676,DENY,FULL,DENY,1,36,8
2026092676,DENY,SEQUENTIAL,DENY,1,9,4
2026092676,DENY,CWR,STEP_UP,0,31,7
2026092676,DENY,DFMR,DENY,1,3,1
2026092677,DENY,FULL,DENY,1,35,8
2026092677,DENY,SEQUENTIAL,DENY,1,8,4
2026092677,DENY,CWR,STEP_UP,0,24,7
2026092677,DENY,DFMR,DENY,1,4,1
2026092678,DENY,FULL,DENY,1,35,8
2026092678,DENY,SEQUENTIAL,DENY,1,8,4
2026092678,DENY,CWR,STEP_UP,0,24,7
2026092678,DENY,DFMR,DENY,1,4,1
2026092679,ALLOW,FULL,ALLOW,1,38,8
2026092679,ALLOW,SEQUENTIAL,ALLOW,1,11,4
2026092679,ALLOW,CWR,ALLOW,1,3,1
2026092679,ALLOW,DFMR,ALLOW,1,5,1
2026092680,DENY,FULL,DENY,1,37,8
2026092680,DENY,SEQUENTIAL,DENY,1,12,5
2026092680,DENY,CWR,STEP_UP,0,28,7
2026092680,DENY,DFMR,DENY,1,8,1
2026092681,DENY,FULL,DENY,1,37,8
2026092681,DENY,SEQUENTIAL,DENY,1,10,4
2026092681,DENY,CWR,STEP_UP,0,22,6
2026092681,DENY,DFMR,DENY,1,3,1
2026092682,DENY,FULL,DENY,1,38,8
2026092682,DENY,SEQUENTIAL,DENY,1,20,6
2026092682,DENY,CWR,STEP_UP,0,26,4
2026092682,DENY,DFMR,DENY,1,11,2
2026092683,DENY,FULL,DENY,1,42,8
2026092683,DENY,SEQUENTIAL,DENY,1,9,4
2026092683,DENY,CWR,STEP_UP,0,33,7
2026092683,DENY,DFMR,DENY,1,8,1
2026092684,ALLOW,FULL,ALLOW,1,44,8
2026092684,ALLOW,SEQUENTIAL,ALLOW,1,19,5
2026092684,ALLOW,CWR,ALLOW,1,7,1
2026092684,ALLOW,DFMR,ALLOW,1,8,1
2026092685,ALLOW,FULL,ALLOW,1,31,8
2026092685,ALLOW,SEQUENTIAL,ALLOW,1,8,4
2026092685,ALLOW,CWR,ALLOW,1,3,1
2026092685,ALLOW,DFMR,ALLOW,1,3,1
2026092686,ALLOW,FULL,ALLOW,1,33,8
2026092686,ALLOW,SEQUENTIAL,ALLOW,1,10,4
2026092686,ALLOW,CWR,ALLOW,1,3,1
2026092686,ALLOW,DFMR,ALLOW,1,3,1
2026092687,ALLOW,FULL,ALLOW,1,27,8
2026092687,ALLOW,SEQUENTIAL,ALLOW,1,8,4
2026092687,ALLOW,CWR,ALLOW,1,4,2
2026092687,ALLOW,DFMR,ALLOW,1,6,2
2026092688,ALLOW,FULL,ALLOW,1,37,8
2026092688,ALLOW,SEQUENTIAL,ALLOW,1,14,4
2026092688,ALLOW,CWR,ALLOW,1,5,1
2026092688,ALLOW,DFMR,ALLOW,1,5,1
2026092689,ALLOW,FULL,ALLOW,1,29,8
2026092689,ALLOW,SEQUENTIAL,ALLOW,1,7,4
2026092689,ALLOW,CWR,ALLOW,1,3,1
2026092689,ALLOW,DFMR,ALLOW,1,3,1
2026092690,ALLOW,FULL,ALLOW,1,40,8
2026092690,ALLOW,SEQUENTIAL,ALLOW,1,21,6
2026092690,ALLOW,CWR,ALLOW,1,21,6
2026092690,ALLOW,DFMR,ALLOW,1,10,2
2026092691,DENY,FULL,DENY,1,41,8
2026092691,DENY,SEQUENTIAL,DENY,1,12,4
2026092691,DENY,CWR,STEP_UP,0,34,7
2026092691,DENY,DFMR,DENY,1,6,1
2026092692,ALLOW,FULL,ALLOW,1,41,8
2026092692,ALLOW,SEQUENTIAL,ALLOW,1,11,4
2026092692,ALLOW,CWR,ALLOW,1,9,3
2026092692,ALLOW,DFMR,ALLOW,1,12,2
2026092693,ALLOW,FULL,ALLOW,1,30,8
2026092693,ALLOW,SEQUENTIAL,ALLOW,1,9,4
2026092693,ALLOW,CWR,ALLOW,1,3,1
2026092693,ALLOW,DFMR,ALLOW,1,4,1
2026092694,DENY,FULL,DENY,1,32,8
2026092694,DENY,SEQUENTIAL,DENY,1,8,4
2026092694,DENY,CWR,STEP_UP,0,24,7
2026092694,DENY,DFMR,DENY,1,3,1
2026092695,ALLOW,FULL,ALLOW,1,44,8
2026092695,ALLOW,SEQUENTIAL,ALLOW,1,14,4
2026092695,ALLOW,CWR,ALLOW,1,5,1
2026092695,ALLOW,DFMR,ALLOW,1,5,1
2026092696,DENY,FULL,DENY,1,46,8
2026092696,DENY,SEQUENTIAL,DENY,1,13,4
2026092696,DENY,CWR,STEP_UP,0,27,6
2026092696,DENY,DFMR,DENY,1,6,1
2026092697,ALLOW,FULL,ALLOW,1,33,8
2026092697,ALLOW,SEQUENTIAL,ALLOW,1,11,4
2026092697,ALLOW,CWR,ALLOW,1,3,1
2026092697,ALLOW,DFMR,ALLOW,1,4,1
2026092698,DENY,FULL,DENY,1,37,8
2026092698,DENY,SEQUENTIAL,DENY,1,12,4
2026092698,DENY,CWR,STEP_UP,0,23,6
2026092698,DENY,DFMR,DENY,1,5,1
2026092699,ALLOW,FULL,ALLOW,1,29,8
2026092699,ALLOW,SEQUENTIAL,ALLOW,1,6,4
2026092699,ALLOW,CWR,ALLOW,1,3,1
2026092699,ALLOW,DFMR,ALLOW,1,3,1
