n_sources,fraction_changed,variant,latency_ms
6,0.0,FULL,0.0064
6,0.0,FULL,0.0062
6,0.0,FULL,0.0064
6,0.0,FULL,0.0062
6,0.0,FULL,0.0063
6,0.0,FULL,0.0065
6,0.0,FULL,0.0062
6,0.0,FULL,0.0064
6,0.0,FULL,0.0063
6,0.0,FULL,0.0063
6,0.0,FULL,0.0063
6,0.0,FULL,0.0063
6,0.0,FULL,0.0063
6,0.0,FULL,0.0063
6,0.0,FULL,0.0063
6,0.0,FULL,0.0063
6,0.0,FULL,0.0063
6,0.0,FULL,0.0062
6,0.0,FULL,0.0063
6,0.0,FULL,0.0064
6,0.0,FULL,0.0063
6,0.0,FULL,0.0064
6,0.0,FULL,0.0063
6,0.0,FULL,0.0063
6,0.0,FULL,0.0064
6,0.0,FULL,0.0063
6,0.0,FULL,0.0064
6,0.0,FULL,0.0063
6,0.0,FULL,0.0064
6,0.0,FULL,0.0106
6,0.0,FULL,0.0064
6,0.0,FULL,0.0064
6,0.0,FULL,0.0065
6,0.0,FULL,0.0063
6,0.0,FULL,0.0064
6,0.0,FULL,0.0062
6,0.0,FULL,0.0063
6,0.0,FULL,0.0062
6,0.0,FULL,0.0063
6,0.0,FULL,0.0064
6,0.0,FULL,0.0063
6,0.0,FULL,0.0063
6,0.0,FULL,0.0063
6,0.0,FULL,0.0063
6,0.0,FULL,0.0062
6,0.0,FULL,0.0064
6,0.0,FULL,0.0062
6,0.0,FULL,0.0062
6,0.0,FULL,0.0065
6,0.0,FULL,0.0064
6,0.0,FULL,0.0063
6,0.0,FULL,0.0063
6,0.0,FULL,0.0063
6,0.0,FULL,0.0062
6,0.0,FULL,0.0062
6,0.0,FULL,0.0064
6,0.0,FULL,0.0062
6,0.0,FULL,0.0064
6,0.0,FULL,0.0065
6,0.0,FULL,0.0063
6,0.0,FULL,0.0063
6,0.0,FULL,0.0064
6,0.0,FULL,0.0063
6,0.0,FULL,0.0063
6,0.0,FULL,0.0064
6,0.0,FULL,0.0064
6,0.0,FULL,0.0062
6,0.0,FULL,0.0064
6,0.0,FULL,0.0064
6,0.0,FULL,0.0064
6,0.0,FULL,0.0063
6,0.0,FULL,0.0064
6,0.0,FULL,0.0063
6,0.0,FULL,0.0063
6,0.0,FULL,0.0062
6,0.0,FULL,0.0121
6,0.0,FULL,0.0063
6,0.0,FULL,0.0063
6,0.0,FULL,0.0063
6,0.0,FULL,0.0062
6,0.0,FULL,0.0063
6,0.0,FULL,0.0064
6,0.0,FULL,0.0063
6,0.0,FULL,0.0063
6,0.0,FULL,0.0062
6,0.0,FULL,0.0062
6,0.0,FULL,0.0064
6,0.0,FULL,0.0063
6,0.0,FULL,0.0063
6,0.0,FULL,0.0062
6,0.0,FULL,0.0063
6,0.0,FULL,0.0062
6,0.0,FULL,0.0063
6,0.0,FULL,0.0062
6,0.0,FULL,0.0063
6,0.0,FULL,0.0063
6,0.0,FULL,0.0062
6,0.0,FULL,0.0062
6,0.0,FULL,0.0063
6,0.0,FULL,0.0063
6,0.0,FULL,0.0063
6,0.0,FULL,0.0064
6,0.0,FULL,0.0062
6,0.0,FULL,0.0064
6,0.0,FULL,0.0062
6,0.0,FULL,0.0063
6,0.0,FULL,0.0062
6,0.0,FULL,0.0064
6,0.0,FULL,0.0063
6,0.0,FULL,0.0063
6,0.0,FULL,0.0063
6,0.0,FULL,0.0062
6,0.0,FULL,0.0063
6,0.0,FULL,0.0063
6,0.0,FULL,0.0063
6,0.0,FULL,0.0065
6,0.0,FULL,0.0063
6,0.0,FULL,0.0063
6,0.0,FULL,0.0062
6,0.0,FULL,0.0063
6,0.0,FULL,0.0062
6,0.0,FULL,0.0063
6,0.0,FULL,0.0063
6,0.0,FULL,0.0064
6,0.0,FULL,0.0063
6,0.0,FULL,0.0063
6,0.0,FULL,0.0062
6,0.0,FULL,0.0062
6,0.0,FULL,0.0064
6,0.0,FULL,0.0064
6,0.0,FULL,0.0062
6,0.0,FULL,0.0062
6,0.0,FULL,0.0063
6,0.0,FULL,0.0064
6,0.0,FULL,0.0064
6,0.0,FULL,0.0062
6,0.0,FULL,0.0063
6,0.0,FULL,0.0063
6,0.0,FULL,0.0063
6,0.0,FULL,0.0062
6,0.0,FULL,0.0062
6,0.0,FULL,0.0062
6,0.0,FULL,0.0062
6,0.0,FULL,0.0063
6,0.0,FULL,0.0063
6,0.0,FULL,0.0062
6,0.0,FULL,0.0063
6,0.0,FULL,0.0063
6,0.0,FULL,0.0062
6,0.0,FULL,0.0063
6,0.0,FULL,0.0063
6,0.0,FULL,0.0063
6,0.0,FULL,0.0062
6,0.0,FULL,0.0062
6,0.0,FULL,0.0063
6,0.0,FULL,0.0062
6,0.0,FULL,0.0062
6,0.0,FULL,0.0064
6,0.0,FULL,0.0063
6,0.0,FULL,0.0062
6,0.0,FULL,0.0063
6,0.0,FULL,0.0063
6,0.0,FULL,0.0063
6,0.0,FULL,0.0064
6,0.0,FULL,0.0063
6,0.0,FULL,0.0064
6,0.0,FULL,0.0063
6,0.0,FULL,0.0063
6,0.0,FULL,0.0063
6,0.0,FULL,0.0064
6,0.0,FULL,0.0063
6,0.0,FULL,0.0063
6,0.0,FULL,0.0063
6,0.0,FULL,0.0063
6,0.0,FULL,0.0062
6,0.0,FULL,0.0062
6,0.0,FULL,0.0062
6,0.0,FULL,0.0062
6,0.0,FULL,0.0063
6,0.0,FULL,0.0063
6,0.0,FULL,0.0062
6,0.0,FULL,0.0062
6,0.0,FULL,0.0062
6,0.0,FULL,0.0062
6,0.0,FULL,0.0063
6,0.0,FULL,0.0062
6,0.0,FULL,0.0062
6,0.0,FULL,0.0064
6,0.0,FULL,0.0062
6,0.0,FULL,0.0063
6,0.0,FULL,0.0063
6,0.0,FULL,0.0062
6,0.0,FULL,0.0062
6,0.0,FULL,0.0063
6,0.0,FULL,0.0062
6,0.0,FULL,0.0063
6,0.0,FULL,0.0061
6,0.0,FULL,0.0063
6,0.0,FULL,0.0062
6,0.0,FULL,0.0064
6,0.0,AFFECTED,0.0064
6,0.0,AFFECTED,0.0064
6,0.0,AFFECTED,0.0063
6,0.0,AFFECTED,0.0064
6,0.0,AFFECTED,0.0064
6,0.0,AFFECTED,0.0064
6,0.0,AFFECTED,0.0065
6,0.0,AFFECTED,0.0064
6,0.0,AFFECTED,0.0064
6,0.0,AFFECTED,0.0063
6,0.0,AFFECTED,0.0064
6,0.0,AFFECTED,0.0064
6,0.0,AFFECTED,0.0063
6,0.0,AFFECTED,0.0065
6,0.0,AFFECTED,0.0063
6,0.0,AFFECTED,0.0063
6,0.0,AFFECTED,0.0065
6,0.0,AFFECTED,0.0063
6,0.0,AFFECTED,0.0063
6,0.0,AFFECTED,0.0063
6,0.0,AFFECTED,0.0062
6,0.0,AFFECTED,0.0064
6,0.0,AFFECTED,0.0064
6,0.0,AFFECTED,0.0064
6,0.0,AFFECTED,0.0063
6,0.0,AFFECTED,0.0063
6,0.0,AFFECTED,0.0063
6,0.0,AFFECTED,0.0064
6,0.0,AFFECTED,0.0063
6,0.0,AFFECTED,0.0062
6,0.0,AFFECTED,0.0062
6,0.0,AFFECTED,0.0062
6,0.0,AFFECTED,0.0064
6,0.0,AFFECTED,0.0063
6,0.0,AFFECTED,0.0063
6,0.0,AFFECTED,0.0063
6,0.0,AFFECTED,0.0062
6,0.0,AFFECTED,0.0064
6,0.0,AFFECTED,0.0064
6,0.0,AFFECTED,0.0063
6,0.0,AFFECTED,0.0063
6,0.0,AFFECTED,0.0064
6,0.0,AFFECTED,0.0064
6,0.0,AFFECTED,0.0064
6,0.0,AFFECTED,0.0063
6,0.0,AFFECTED,0.0063
6,0.0,AFFECTED,0.0063
6,0.0,AFFECTED,0.0063
6,0.0,AFFECTED,0.0062
6,0.0,AFFECTED,0.0063
6,0.0,AFFECTED,0.0064
6,0.0,AFFECTED,0.0062
6,0.0,AFFECTED,0.0063
6,0.0,AFFECTED,0.0063
6,0.0,AFFECTED,0.0063
6,0.0,AFFECTED,0.0063
6,0.0,AFFECTED,0.0063
6,0.0,AFFECTED,0.0063
6,0.0,AFFECTED,0.0063
6,0.0,AFFECTED,0.0064
6,0.0,AFFECTED,0.0063
6,0.0,AFFECTED,0.0064
6,0.0,AFFECTED,0.0063
6,0.0,AFFECTED,0.0063
6,0.0,AFFECTED,0.0064
6,0.0,AFFECTED,0.0091
6,0.0,AFFECTED,0.0063
6,0.0,AFFECTED,0.0063
6,0.0,AFFECTED,0.0063
6,0.0,AFFECTED,0.0062
6,0.0,AFFECTED,0.0063
6,0.0,AFFECTED,0.0063
6,0.0,AFFECTED,0.0063
6,0.0,AFFECTED,0.0063
6,0.0,AFFECTED,0.0063
6,0.0,AFFECTED,0.0063
6,0.0,AFFECTED,0.0064
6,0.0,AFFECTED,0.0062
6,0.0,AFFECTED,0.0062
6,0.0,AFFECTED,0.0064
6,0.0,AFFECTED,0.0062
6,0.0,AFFECTED,0.0063
6,0.0,AFFECTED,0.0063
6,0.0,AFFECTED,0.0063
6,0.0,AFFECTED,0.0064
6,0.0,AFFECTED,0.0062
6,0.0,AFFECTED,0.0063
6,0.0,AFFECTED,0.0062
6,0.0,AFFECTED,0.0062
6,0.0,AFFECTED,0.0062
6,0.0,AFFECTED,0.0063
6,0.0,AFFECTED,0.0063
6,0.0,AFFECTED,0.0064
6,0.0,AFFECTED,0.0064
6,0.0,AFFECTED,0.0063
6,0.0,AFFECTED,0.0062
6,0.0,AFFECTED,0.0063
6,0.0,AFFECTED,0.0063
6,0.0,AFFECTED,0.0063
6,0.0,AFFECTED,0.0064
6,0.0,AFFECTED,0.0064
6,0.0,AFFECTED,0.0064
6,0.0,AFFECTED,0.0064
6,0.0,AFFECTED,0.0064
6,0.0,AFFECTED,0.0064
6,0.0,AFFECTED,0.0063
6,0.0,AFFECTED,0.0063
6,0.0,AFFECTED,0.0062
6,0.0,AFFECTED,0.0063
6,0.0,AFFECTED,0.0062
6,0.0,AFFECTED,0.0063
6,0.0,AFFECTED,0.0063
6,0.0,AFFECTED,0.0063
6,0.0,AFFECTED,0.0063
6,0.0,AFFECTED,0.0063
6,0.0,AFFECTED,0.0063
6,0.0,AFFECTED,0.0063
6,0.0,AFFECTED,0.0063
6,0.0,AFFECTED,0.0063
6,0.0,AFFECTED,0.0064
6,0.0,AFFECTED,0.0064
6,0.0,AFFECTED,0.0063
6,0.0,AFFECTED,0.0063
6,0.0,AFFECTED,0.0064
6,0.0,AFFECTED,0.0063
6,0.0,AFFECTED,0.0064
6,0.0,AFFECTED,0.0064
6,0.0,AFFECTED,0.0063
6,0.0,AFFECTED,0.0062
6,0.0,AFFECTED,0.0064
6,0.0,AFFECTED,0.0065
6,0.0,AFFECTED,0.0063
6,0.0,AFFECTED,0.0064
6,0.0,AFFECTED,0.0064
6,0.0,AFFECTED,0.0062
6,0.0,AFFECTED,0.0063
6,0.0,AFFECTED,0.0063
6,0.0,AFFECTED,0.0062
6,0.0,AFFECTED,0.0062
6,0.0,AFFECTED,0.0063
6,0.0,AFFECTED,0.0062
6,0.0,AFFECTED,0.0063
6,0.0,AFFECTED,0.0064
6,0.0,AFFECTED,0.0062
6,0.0,AFFECTED,0.0064
6,0.0,AFFECTED,0.0063
6,0.0,AFFECTED,0.0063
6,0.0,AFFECTED,0.0063
6,0.0,AFFECTED,0.0063
6,0.0,AFFECTED,0.0063
6,0.0,AFFECTED,0.0063
6,0.0,AFFECTED,0.0063
6,0.0,AFFECTED,0.0063
6,0.0,AFFECTED,0.0064
6,0.0,AFFECTED,0.0063
6,0.0,AFFECTED,0.0062
6,0.0,AFFECTED,0.0063
6,0.0,AFFECTED,0.0063
6,0.0,AFFECTED,0.0063
6,0.0,AFFECTED,0.0063
6,0.0,AFFECTED,0.0065
6,0.0,AFFECTED,0.0063
6,0.0,AFFECTED,0.0064
6,0.0,AFFECTED,0.0063
6,0.0,AFFECTED,0.0063
6,0.0,AFFECTED,0.0063
6,0.0,AFFECTED,0.0064
6,0.0,AFFECTED,0.0063
6,0.0,AFFECTED,0.0063
6,0.0,AFFECTED,0.0063
6,0.0,AFFECTED,0.0063
6,0.0,AFFECTED,0.0063
6,0.0,AFFECTED,0.0062
6,0.0,AFFECTED,0.0064
6,0.0,AFFECTED,0.0063
6,0.0,AFFECTED,0.0062
6,0.0,AFFECTED,0.0064
6,0.0,AFFECTED,0.0064
6,0.0,AFFECTED,0.0064
6,0.0,AFFECTED,0.0064
6,0.0,AFFECTED,0.0063
6,0.0,AFFECTED,0.0063
6,0.0,AFFECTED,0.0064
6,0.0,AFFECTED,0.0064
6,0.0,AFFECTED,0.0064
6,0.0,AFFECTED,0.0064
6,0.0,AFFECTED,0.0064
6,0.0,AFFECTED,0.0063
6,0.0,AFFECTED,0.0063
6,0.0,AFFECTED,0.0064
6,0.0,AFFECTED,0.0063
6,0.0,AFFECTED,0.0063
6,0.0,AFFECTED,0.0064
6,0.0,AFFECTED,0.0063
6,0.0,AFFECTED,0.0064
6,0.0,AFFECTED,0.0063
6,0.0,AFFECTED,0.0063
6,0.0,AFFECTED,0.0064
6,0.0,AFFECTED,0.0063
6,0.0,AFFECTED,0.0064
6,0.0,RESIDUAL,0.0063
6,0.0,RESIDUAL,0.0063
6,0.0,RESIDUAL,0.0063
6,0.0,RESIDUAL,0.0064
6,0.0,RESIDUAL,0.0064
6,0.0,RESIDUAL,0.0064
6,0.0,RESIDUAL,0.0063
6,0.0,RESIDUAL,0.0064
6,0.0,RESIDUAL,0.0065
6,0.0,RESIDUAL,0.0065
6,0.0,RESIDUAL,0.0065
6,0.0,RESIDUAL,0.0065
6,0.0,RESIDUAL,0.0065
6,0.0,RESIDUAL,0.0064
6,0.0,RESIDUAL,0.0064
6,0.0,RESIDUAL,0.0065
6,0.0,RESIDUAL,0.0064
6,0.0,RESIDUAL,0.0064
6,0.0,RESIDUAL,0.0064
6,0.0,RESIDUAL,0.0064
6,0.0,RESIDUAL,0.0064
6,0.0,RESIDUAL,0.0066
6,0.0,RESIDUAL,0.0065
6,0.0,RESIDUAL,0.0064
6,0.0,RESIDUAL,0.0065
6,0.0,RESIDUAL,0.0064
6,0.0,RESIDUAL,0.0064
6,0.0,RESIDUAL,0.0063
6,0.0,RESIDUAL,0.0067
6,0.0,RESIDUAL,0.0064
6,0.0,RESIDUAL,0.0065
6,0.0,RESIDUAL,0.0065
6,0.0,RESIDUAL,0.0064
6,0.0,RESIDUAL,0.0063
6,0.0,RESIDUAL,0.0064
6,0.0,RESIDUAL,0.0063
6,0.0,RESIDUAL,0.0064
6,0.0,RESIDUAL,0.0064
6,0.0,RESIDUAL,0.0065
6,0.0,RESIDUAL,0.0064
6,0.0,RESIDUAL,0.0063
6,0.0,RESIDUAL,0.0063
6,0.0,RESIDUAL,0.0063
6,0.0,RESIDUAL,0.0064
6,0.0,RESIDUAL,0.0064
6,0.0,RESIDUAL,0.0064
6,0.0,RESIDUAL,0.0063
6,0.0,RESIDUAL,0.0063
6,0.0,RESIDUAL,0.0064
6,0.0,RESIDUAL,0.0064
6,0.0,RESIDUAL,0.0064
6,0.0,RESIDUAL,0.0064
6,0.0,RESIDUAL,0.0065
6,0.0,RESIDUAL,0.0064
6,0.0,RESIDUAL,0.0063
6,0.0,RESIDUAL,0.0218
6,0.0,RESIDUAL,0.0065
6,0.0,RESIDUAL,0.0064
6,0.0,RESIDUAL,0.0064
6,0.0,RESIDUAL,0.0064
6,0.0,RESIDUAL,0.0065
6,0.0,RESIDUAL,0.0064
6,0.0,RESIDUAL,0.0065
6,0.0,RESIDUAL,0.0063
6,0.0,RESIDUAL,0.0065
6,0.0,RESIDUAL,0.0065
6,0.0,RESIDUAL,0.0064
6,0.0,RESIDUAL,0.0063
6,0.0,RESIDUAL,0.0063
6,0.0,RESIDUAL,0.0064
6,0.0,RESIDUAL,0.0063
6,0.0,RESIDUAL,0.0065
6,0.0,RESIDUAL,0.0065
6,0.0,RESIDUAL,0.0063
6,0.0,RESIDUAL,0.0064
6,0.0,RESIDUAL,0.0064
6,0.0,RESIDUAL,0.0063
6,0.0,RESIDUAL,0.0065
6,0.0,RESIDUAL,0.0063
6,0.0,RESIDUAL,0.0065
6,0.0,RESIDUAL,0.0064
6,0.0,RESIDUAL,0.0063
6,0.0,RESIDUAL,0.0064
6,0.0,RESIDUAL,0.0064
6,0.0,RESIDUAL,0.0065
6,0.0,RESIDUAL,0.0063
6,0.0,RESIDUAL,0.0064
6,0.0,RESIDUAL,0.0065
6,0.0,RESIDUAL,0.0064
6,0.0,RESIDUAL,0.0064
6,0.0,RESIDUAL,0.0064
6,0.0,RESIDUAL,0.0064
6,0.0,RESIDUAL,0.0064
6,0.0,RESIDUAL,0.0064
6,0.0,RESIDUAL,0.0065
6,0.0,RESIDUAL,0.0064
6,0.0,RESIDUAL,0.0065
6,0.0,RESIDUAL,0.0064
6,0.0,RESIDUAL,0.0065
6,0.0,RESIDUAL,0.0064
6,0.0,RESIDUAL,0.0064
6,0.0,RESIDUAL,0.0064
6,0.0,RESIDUAL,0.0065
6,0.0,RESIDUAL,0.0063
6,0.0,RESIDUAL,0.0064
6,0.0,RESIDUAL,0.0064
6,0.0,RESIDUAL,0.0064
6,0.0,RESIDUAL,0.0064
6,0.0,RESIDUAL,0.0064
6,0.0,RESIDUAL,0.0065
6,0.0,RESIDUAL,0.0064
6,0.0,RESIDUAL,0.0064
6,0.0,RESIDUAL,0.0065
6,0.0,RESIDUAL,0.0064
6,0.0,RESIDUAL,0.0064
6,0.0,RESIDUAL,0.0063
6,0.0,RESIDUAL,0.0063
6,0.0,RESIDUAL,0.0065
6,0.0,RESIDUAL,0.0064
6,0.0,RESIDUAL,0.0064
6,0.0,RESIDUAL,0.0065
6,0.0,RESIDUAL,0.0064
6,0.0,RESIDUAL,0.0063
6,0.0,RESIDUAL,0.0063
6,0.0,RESIDUAL,0.0065
6,0.0,RESIDUAL,0.0064
6,0.0,RESIDUAL,0.0064
6,0.0,RESIDUAL,0.0064
6,0.0,RESIDUAL,0.0064
6,0.0,RESIDUAL,0.0064
6,0.0,RESIDUAL,0.0064
6,0.0,RESIDUAL,0.0062
6,0.0,RESIDUAL,0.0064
6,0.0,RESIDUAL,0.0064
6,0.0,RESIDUAL,0.0063
6,0.0,RESIDUAL,0.0064
6,0.0,RESIDUAL,0.0064
6,0.0,RESIDUAL,0.0064
6,0.0,RESIDUAL,0.0064
6,0.0,RESIDUAL,0.0065
6,0.0,RESIDUAL,0.0064
6,0.0,RESIDUAL,0.0064
6,0.0,RESIDUAL,0.0063
6,0.0,RESIDUAL,0.0064
6,0.0,RESIDUAL,0.0063
6,0.0,RESIDUAL,0.0063
6,0.0,RESIDUAL,0.0064
6,0.0,RESIDUAL,0.0065
6,0.0,RESIDUAL,0.0064
6,0.0,RESIDUAL,0.0064
6,0.0,RESIDUAL,0.0065
6,0.0,RESIDUAL,0.0064
6,0.0,RESIDUAL,0.0064
6,0.0,RESIDUAL,0.0064
6,0.0,RESIDUAL,0.0065
6,0.0,RESIDUAL,0.0065
6,0.0,RESIDUAL,0.0063
6,0.0,RESIDUAL,0.0064
6,0.0,RESIDUAL,0.0062
6,0.0,RESIDUAL,0.0064
6,0.0,RESIDUAL,0.0064
6,0.0,RESIDUAL,0.0064
6,0.0,RESIDUAL,0.0064
6,0.0,RESIDUAL,0.0064
6,0.0,RESIDUAL,0.0065
6,0.0,RESIDUAL,0.0064
6,0.0,RESIDUAL,0.0063
6,0.0,RESIDUAL,0.0065
6,0.0,RESIDUAL,0.0063
6,0.0,RESIDUAL,0.0064
6,0.0,RESIDUAL,0.0063
6,0.0,RESIDUAL,0.0064
6,0.0,RESIDUAL,0.0063
6,0.0,RESIDUAL,0.0064
6,0.0,RESIDUAL,0.0063
6,0.0,RESIDUAL,0.0064
6,0.0,RESIDUAL,0.0064
6,0.0,RESIDUAL,0.0063
6,0.0,RESIDUAL,0.0063
6,0.0,RESIDUAL,0.0063
6,0.0,RESIDUAL,0.0065
6,0.0,RESIDUAL,0.0063
6,0.0,RESIDUAL,0.0063
6,0.0,RESIDUAL,0.0064
6,0.0,RESIDUAL,0.0065
6,0.0,RESIDUAL,0.0064
6,0.0,RESIDUAL,0.0064
6,0.0,RESIDUAL,0.0064
6,0.0,RESIDUAL,0.0063
6,0.0,RESIDUAL,0.0065
6,0.0,RESIDUAL,0.0064
6,0.0,RESIDUAL,0.0064
6,0.0,RESIDUAL,0.0063
6,0.0,RESIDUAL,0.0063
6,0.0,RESIDUAL,0.0065
6,0.0,RESIDUAL,0.0064
6,0.0,RESIDUAL,0.0064
6,0.0,RESIDUAL,0.0064
6,0.0,RESIDUAL,0.0064
6,0.0,RESIDUAL,0.0064
6,0.0,CWR,0.0096
6,0.0,CWR,0.0097
6,0.0,CWR,0.0095
6,0.0,CWR,0.0096
6,0.0,CWR,0.0097
6,0.0,CWR,0.0098
6,0.0,CWR,0.0097
6,0.0,CWR,0.0095
6,0.0,CWR,0.0094
6,0.0,CWR,0.0097
6,0.0,CWR,0.0095
6,0.0,CWR,0.0097
6,0.0,CWR,0.0095
6,0.0,CWR,0.0096
6,0.0,CWR,0.0095
6,0.0,CWR,0.0097
6,0.0,CWR,0.0096
6,0.0,CWR,0.0097
6,0.0,CWR,0.0095
6,0.0,CWR,0.0097
6,0.0,CWR,0.0095
6,0.0,CWR,0.0097
6,0.0,CWR,0.0095
6,0.0,CWR,0.0096
6,0.0,CWR,0.0096
6,0.0,CWR,0.0096
6,0.0,CWR,0.0096
6,0.0,CWR,0.0096
6,0.0,CWR,0.0096
6,0.0,CWR,0.0098
6,0.0,CWR,0.0096
6,0.0,CWR,0.0098
6,0.0,CWR,0.0095
6,0.0,CWR,0.0097
6,0.0,CWR,0.0094
6,0.0,CWR,0.0099
6,0.0,CWR,0.0095
6,0.0,CWR,0.0097
6,0.0,CWR,0.0096
6,0.0,CWR,0.0096
6,0.0,CWR,0.0096
6,0.0,CWR,0.0097
6,0.0,CWR,0.0096
6,0.0,CWR,0.0097
6,0.0,CWR,0.0096
6,0.0,CWR,0.0096
6,0.0,CWR,0.0095
6,0.0,CWR,0.0096
6,0.0,CWR,0.0095
6,0.0,CWR,0.0097
6,0.0,CWR,0.0095
6,0.0,CWR,0.0097
6,0.0,CWR,0.0097
6,0.0,CWR,0.0097
6,0.0,CWR,0.0095
6,0.0,CWR,0.0098
6,0.0,CWR,0.0095
6,0.0,CWR,0.0097
6,0.0,CWR,0.0094
6,0.0,CWR,0.0097
6,0.0,CWR,0.0096
6,0.0,CWR,0.0097
6,0.0,CWR,0.0094
6,0.0,CWR,0.0098
6,0.0,CWR,0.0095
6,0.0,CWR,0.0098
6,0.0,CWR,0.0096
6,0.0,CWR,0.0097
6,0.0,CWR,0.0096
6,0.0,CWR,0.0098
6,0.0,CWR,0.0095
6,0.0,CWR,0.0098
6,0.0,CWR,0.0095
6,0.0,CWR,0.0096
6,0.0,CWR,0.0097
6,0.0,CWR,0.0098
6,0.0,CWR,0.0095
6,0.0,CWR,0.0097
6,0.0,CWR,0.0096
6,0.0,CWR,0.0098
6,0.0,CWR,0.0097
6,0.0,CWR,0.0097
6,0.0,CWR,0.0095
6,0.0,CWR,0.0098
6,0.0,CWR,0.0094
6,0.0,CWR,0.0097
6,0.0,CWR,0.0095
6,0.0,CWR,0.0097
6,0.0,CWR,0.0096
6,0.0,CWR,0.0127
6,0.0,CWR,0.0097
6,0.0,CWR,0.0098
6,0.0,CWR,0.0095
6,0.0,CWR,0.0097
6,0.0,CWR,0.0095
6,0.0,CWR,0.0097
6,0.0,CWR,0.0095
6,0.0,CWR,0.0096
6,0.0,CWR,0.0097
6,0.0,CWR,0.0097
6,0.0,CWR,0.0096
6,0.0,CWR,0.0097
6,0.0,CWR,0.0095
6,0.0,CWR,0.0098
6,0.0,CWR,0.0096
6,0.0,CWR,0.0097
6,0.0,CWR,0.0094
6,0.0,CWR,0.0098
6,0.0,CWR,0.0097
6,0.0,CWR,0.0098
6,0.0,CWR,0.0096
6,0.0,CWR,0.0098
6,0.0,CWR,0.0095
6,0.0,CWR,0.0098
6,0.0,CWR,0.0096
6,0.0,CWR,0.0098
6,0.0,CWR,0.0095
6,0.0,CWR,0.0097
6,0.0,CWR,0.0096
6,0.0,CWR,0.0099
6,0.0,CWR,0.0095
6,0.0,CWR,0.0096
6,0.0,CWR,0.0097
6,0.0,CWR,0.0097
6,0.0,CWR,0.0095
6,0.0,CWR,0.0097
6,0.0,CWR,0.0095
6,0.0,CWR,0.0097
6,0.0,CWR,0.0095
6,0.0,CWR,0.0097
6,0.0,CWR,0.0095
6,0.0,CWR,0.0095
6,0.0,CWR,0.0097
6,0.0,CWR,0.0097
6,0.0,CWR,0.0095
6,0.0,CWR,0.0097
6,0.0,CWR,0.0096
6,0.0,CWR,0.0097
6,0.0,CWR,0.0095
6,0.0,CWR,0.0097
6,0.0,CWR,0.0096
6,0.0,CWR,0.0096
6,0.0,CWR,0.0096
6,0.0,CWR,0.0098
6,0.0,CWR,0.0095
6,0.0,CWR,0.0096
6,0.0,CWR,0.0096
6,0.0,CWR,0.0099
6,0.0,CWR,0.0096
6,0.0,CWR,0.0095
6,0.0,CWR,0.0094
6,0.0,CWR,0.0097
6,0.0,CWR,0.0095
6,0.0,CWR,0.0097
6,0.0,CWR,0.0095
6,0.0,CWR,0.0097
6,0.0,CWR,0.0095
6,0.0,CWR,0.0097
6,0.0,CWR,0.0096
6,0.0,CWR,0.0098
6,0.0,CWR,0.0095
6,0.0,CWR,0.0096
6,0.0,CWR,0.0095
6,0.0,CWR,0.0097
6,0.0,CWR,0.0096
6,0.0,CWR,0.0096
6,0.0,CWR,0.0095
6,0.0,CWR,0.0097
6,0.0,CWR,0.0096
6,0.0,CWR,0.0097
6,0.0,CWR,0.0095
6,0.0,CWR,0.0097
6,0.0,CWR,0.0095
6,0.0,CWR,0.0096
6,0.0,CWR,0.0097
6,0.0,CWR,0.0097
6,0.0,CWR,0.0095
6,0.0,CWR,0.0097
6,0.0,CWR,0.0096
6,0.0,CWR,0.0097
6,0.0,CWR,0.0095
6,0.0,CWR,0.0098
6,0.0,CWR,0.0096
6,0.0,CWR,0.0097
6,0.0,CWR,0.0095
6,0.0,CWR,0.0097
6,0.0,CWR,0.0096
6,0.0,CWR,0.0097
6,0.0,CWR,0.0094
6,0.0,CWR,0.0096
6,0.0,CWR,0.0096
6,0.0,CWR,0.0097
6,0.0,CWR,0.0096
6,0.0,CWR,0.0095
6,0.0,CWR,0.0097
6,0.0,CWR,0.0096
6,0.0,CWR,0.0095
6,0.0,CWR,0.0096
6,0.0,CWR,0.0096
6,0.0,CWR,0.0097
6,0.5,FULL,0.0064
6,0.5,FULL,0.0064
6,0.5,FULL,0.0064
6,0.5,FULL,0.0064
6,0.5,FULL,0.0064
6,0.5,FULL,0.0064
6,0.5,FULL,0.0063
6,0.5,FULL,0.0063
6,0.5,FULL,0.0063
6,0.5,FULL,0.0064
6,0.5,FULL,0.0063
6,0.5,FULL,0.0065
6,0.5,FULL,0.0063
6,0.5,FULL,0.0064
6,0.5,FULL,0.0064
6,0.5,FULL,0.0063
6,0.5,FULL,0.0063
6,0.5,FULL,0.0062
6,0.5,FULL,0.0063
6,0.5,FULL,0.0063
6,0.5,FULL,0.0063
6,0.5,FULL,0.0064
6,0.5,FULL,0.0063
6,0.5,FULL,0.0063
6,0.5,FULL,0.0064
6,0.5,FULL,0.0064
6,0.5,FULL,0.0064
6,0.5,FULL,0.0065
6,0.5,FULL,0.0064
6,0.5,FULL,0.0064
6,0.5,FULL,0.0063
6,0.5,FULL,0.0063
6,0.5,FULL,0.0065
6,0.5,FULL,0.0063
6,0.5,FULL,0.0063
6,0.5,FULL,0.0063
6,0.5,FULL,0.0064
6,0.5,FULL,0.0063
6,0.5,FULL,0.0063
6,0.5,FULL,0.0063
6,0.5,FULL,0.0064
6,0.5,FULL,0.0063
6,0.5,FULL,0.0063
6,0.5,FULL,0.0065
6,0.5,FULL,0.0064
6,0.5,FULL,0.0064
6,0.5,FULL,0.0064
6,0.5,FULL,0.0064
6,0.5,FULL,0.0064
6,0.5,FULL,0.0065
6,0.5,FULL,0.0063
6,0.5,FULL,0.0064
6,0.5,FULL,0.0064
6,0.5,FULL,0.0063
6,0.5,FULL,0.0064
6,0.5,FULL,0.0064
6,0.5,FULL,0.0065
6,0.5,FULL,0.0063
6,0.5,FULL,0.0063
6,0.5,FULL,0.0064
6,0.5,FULL,0.0062
6,0.5,FULL,0.0064
6,0.5,FULL,0.0064
6,0.5,FULL,0.008
6,0.5,FULL,0.0063
6,0.5,FULL,0.0064
6,0.5,FULL,0.0063
6,0.5,FULL,0.0064
6,0.5,FULL,0.0064
6,0.5,FULL,0.0064
6,0.5,FULL,0.0063
6,0.5,FULL,0.0064
6,0.5,FULL,0.0064
6,0.5,FULL,0.0063
6,0.5,FULL,0.0063
6,0.5,FULL,0.0064
6,0.5,FULL,0.0063
6,0.5,FULL,0.0063
6,0.5,FULL,0.0063
6,0.5,FULL,0.0063
6,0.5,FULL,0.0063
6,0.5,FULL,0.0063
6,0.5,FULL,0.0063
6,0.5,FULL,0.0064
6,0.5,FULL,0.0064
6,0.5,FULL,0.0065
6,0.5,FULL,0.0063
6,0.5,FULL,0.0063
6,0.5,FULL,0.0062
6,0.5,FULL,0.0063
6,0.5,FULL,0.0064
6,0.5,FULL,0.0064
6,0.5,FULL,0.0063
6,0.5,FULL,0.0063
6,0.5,FULL,0.0064
6,0.5,FULL,0.0064
6,0.5,FULL,0.0063
6,0.5,FULL,0.0064
6,0.5,FULL,0.0064
6,0.5,FULL,0.0064
6,0.5,FULL,0.0065
6,0.5,FULL,0.0064
6,0.5,FULL,0.0064
6,0.5,FULL,0.0063
6,0.5,FULL,0.0063
6,0.5,FULL,0.0064
6,0.5,FULL,0.0063
6,0.5,FULL,0.0064
6,0.5,FULL,0.0063
6,0.5,FULL,0.0064
6,0.5,FULL,0.0064
6,0.5,FULL,0.0063
6,0.5,FULL,0.0062
6,0.5,FULL,0.0064
6,0.5,FULL,0.0063
6,0.5,FULL,0.0063
6,0.5,FULL,0.0062
6,0.5,FULL,0.0063
6,0.5,FULL,0.0062
6,0.5,FULL,0.0064
6,0.5,FULL,0.0064
6,0.5,FULL,0.0064
6,0.5,FULL,0.0063
6,0.5,FULL,0.0064
6,0.5,FULL,0.0063
6,0.5,FULL,0.0063
6,0.5,FULL,0.0064
6,0.5,FULL,0.0063
6,0.5,FULL,0.0063
6,0.5,FULL,0.0063
6,0.5,FULL,0.0065
6,0.5,FULL,0.0064
6,0.5,FULL,0.0063
6,0.5,FULL,0.0063
6,0.5,FULL,0.0064
6,0.5,FULL,0.0065
6,0.5,FULL,0.0063
6,0.5,FULL,0.0064
6,0.5,FULL,0.0064
6,0.5,FULL,0.0064
6,0.5,FULL,0.0063
6,0.5,FULL,0.0065
6,0.5,FULL,0.0062
6,0.5,FULL,0.0064
6,0.5,FULL,0.0063
6,0.5,FULL,0.0064
6,0.5,FULL,0.0063
6,0.5,FULL,0.0064
6,0.5,FULL,0.0064
6,0.5,FULL,0.0064
6,0.5,FULL,0.0063
6,0.5,FULL,0.0063
6,0.5,FULL,0.0063
6,0.5,FULL,0.0064
6,0.5,FULL,0.0064
6,0.5,FULL,0.0064
6,0.5,FULL,0.0064
6,0.5,FULL,0.0064
6,0.5,FULL,0.0064
6,0.5,FULL,0.0064
6,0.5,FULL,0.0064
6,0.5,FULL,0.0064
6,0.5,FULL,0.0063
6,0.5,FULL,0.0063
6,0.5,FULL,0.0064
6,0.5,FULL,0.0063
6,0.5,FULL,0.0063
6,0.5,FULL,0.0065
6,0.5,FULL,0.0064
6,0.5,FULL,0.0064
6,0.5,FULL,0.0064
6,0.5,FULL,0.0065
6,0.5,FULL,0.0063
6,0.5,FULL,0.0064
6,0.5,FULL,0.0064
6,0.5,FULL,0.0066
6,0.5,FULL,0.0064
6,0.5,FULL,0.0064
6,0.5,FULL,0.0063
6,0.5,FULL,0.0064
6,0.5,FULL,0.0063
6,0.5,FULL,0.0063
6,0.5,FULL,0.0063
6,0.5,FULL,0.0064
6,0.5,FULL,0.0065
6,0.5,FULL,0.0097
6,0.5,FULL,0.0064
6,0.5,FULL,0.0064
6,0.5,FULL,0.0063
6,0.5,FULL,0.0065
6,0.5,FULL,0.0065
6,0.5,FULL,0.0064
6,0.5,FULL,0.0063
6,0.5,FULL,0.0065
6,0.5,FULL,0.0063
6,0.5,FULL,0.0063
6,0.5,FULL,0.0064
6,0.5,FULL,0.0063
6,0.5,FULL,0.0064
6,0.5,FULL,0.0064
6,0.5,AFFECTED,0.0065
6,0.5,AFFECTED,0.0065
6,0.5,AFFECTED,0.0064
6,0.5,AFFECTED,0.0065
6,0.5,AFFECTED,0.0064
6,0.5,AFFECTED,0.0064
6,0.5,AFFECTED,0.0064
6,0.5,AFFECTED,0.0063
6,0.5,AFFECTED,0.0064
6,0.5,AFFECTED,0.0065
6,0.5,AFFECTED,0.0063
6,0.5,AFFECTED,0.0065
6,0.5,AFFECTED,0.0063
6,0.5,AFFECTED,0.0064
6,0.5,AFFECTED,0.0064
6,0.5,AFFECTED,0.0065
6,0.5,AFFECTED,0.0064
6,0.5,AFFECTED,0.0065
6,0.5,AFFECTED,0.0064
6,0.5,AFFECTED,0.0066
6,0.5,AFFECTED,0.0066
6,0.5,AFFECTED,0.0065
6,0.5,AFFECTED,0.0064
6,0.5,AFFECTED,0.0064
6,0.5,AFFECTED,0.0064
6,0.5,AFFECTED,0.0064
6,0.5,AFFECTED,0.0063
6,0.5,AFFECTED,0.0065
6,0.5,AFFECTED,0.0064
6,0.5,AFFECTED,0.0065
6,0.5,AFFECTED,0.0064
6,0.5,AFFECTED,0.0064
6,0.5,AFFECTED,0.0063
6,0.5,AFFECTED,0.0064
6,0.5,AFFECTED,0.0063
6,0.5,AFFECTED,0.0065
6,0.5,AFFECTED,0.0064
6,0.5,AFFECTED,0.0064
6,0.5,AFFECTED,0.0064
6,0.5,AFFECTED,0.0065
6,0.5,AFFECTED,0.0064
6,0.5,AFFECTED,0.0063
6,0.5,AFFECTED,0.0063
6,0.5,AFFECTED,0.0065
6,0.5,AFFECTED,0.0065
6,0.5,AFFECTED,0.0064
6,0.5,AFFECTED,0.0063
6,0.5,AFFECTED,0.0064
6,0.5,AFFECTED,0.0065
6,0.5,AFFECTED,0.0065
6,0.5,AFFECTED,0.0065
6,0.5,AFFECTED,0.0064
6,0.5,AFFECTED,0.0064
6,0.5,AFFECTED,0.0065
6,0.5,AFFECTED,0.0065
6,0.5,AFFECTED,0.0064
6,0.5,AFFECTED,0.0064
6,0.5,AFFECTED,0.0064
6,0.5,AFFECTED,0.0064
6,0.5,AFFECTED,0.0065
6,0.5,AFFECTED,0.0065
6,0.5,AFFECTED,0.0064
6,0.5,AFFECTED,0.0065
6,0.5,AFFECTED,0.0065
6,0.5,AFFECTED,0.0063
6,0.5,AFFECTED,0.0064
6,0.5,AFFECTED,0.0064
6,0.5,AFFECTED,0.0063
6,0.5,AFFECTED,0.0065
6,0.5,AFFECTED,0.0064
6,0.5,AFFECTED,0.0063
6,0.5,AFFECTED,0.0064
6,0.5,AFFECTED,0.0065
6,0.5,AFFECTED,0.0064
6,0.5,AFFECTED,0.0064
6,0.5,AFFECTED,0.0065
6,0.5,AFFECTED,0.0064
6,0.5,AFFECTED,0.0064
6,0.5,AFFECTED,0.0064
6,0.5,AFFECTED,0.009
6,0.5,AFFECTED,0.0064
6,0.5,AFFECTED,0.0063
6,0.5,AFFECTED,0.0064
6,0.5,AFFECTED,0.0065
6,0.5,AFFECTED,0.0064
6,0.5,AFFECTED,0.0064
6,0.5,AFFECTED,0.0063
6,0.5,AFFECTED,0.0064
6,0.5,AFFECTED,0.0064
6,0.5,AFFECTED,0.0065
6,0.5,AFFECTED,0.0064
6,0.5,AFFECTED,0.0064
6,0.5,AFFECTED,0.0066
6,0.5,AFFECTED,0.0065
6,0.5,AFFECTED,0.0065
6,0.5,AFFECTED,0.0065
6,0.5,AFFECTED,0.0064
6,0.5,AFFECTED,0.0064
6,0.5,AFFECTED,0.0063
6,0.5,AFFECTED,0.0065
6,0.5,AFFECTED,0.0064
6,0.5,AFFECTED,0.0064
6,0.5,AFFECTED,0.0065
6,0.5,AFFECTED,0.0066
6,0.5,AFFECTED,0.0065
6,0.5,AFFECTED,0.0063
6,0.5,AFFECTED,0.0064
6,0.5,AFFECTED,0.0065
6,0.5,AFFECTED,0.0065
6,0.5,AFFECTED,0.0065
6,0.5,AFFECTED,0.0064
6,0.5,AFFECTED,0.0065
6,0.5,AFFECTED,0.0064
6,0.5,AFFECTED,0.0064
6,0.5,AFFECTED,0.0064
6,0.5,AFFECTED,0.0065
6,0.5,AFFECTED,0.0063
6,0.5,AFFECTED,0.0065
6,0.5,AFFECTED,0.0064
6,0.5,AFFECTED,0.0064
6,0.5,AFFECTED,0.0064
6,0.5,AFFECTED,0.0064
6,0.5,AFFECTED,0.0065
6,0.5,AFFECTED,0.0065
6,0.5,AFFECTED,0.0064
6,0.5,AFFECTED,0.0063
6,0.5,AFFECTED,0.0064
6,0.5,AFFECTED,0.0064
6,0.5,AFFECTED,0.0064
6,0.5,AFFECTED,0.0064
6,0.5,AFFECTED,0.0064
6,0.5,AFFECTED,0.0065
6,0.5,AFFECTED,0.0065
6,0.5,AFFECTED,0.0064
6,0.5,AFFECTED,0.0063
6,0.5,AFFECTED,0.0065
6,0.5,AFFECTED,0.0064
6,0.5,AFFECTED,0.0064
6,0.5,AFFECTED,0.0065
6,0.5,AFFECTED,0.0066
6,0.5,AFFECTED,0.0064
6,0.5,AFFECTED,0.0064
6,0.5,AFFECTED,0.0064
6,0.5,AFFECTED,0.0065
6,0.5,AFFECTED,0.0064
6,0.5,AFFECTED,0.0064
6,0.5,AFFECTED,0.0064
6,0.5,AFFECTED,0.0065
6,0.5,AFFECTED,0.0062
6,0.5,AFFECTED,0.0065
6,0.5,AFFECTED,0.0064
6,0.5,AFFECTED,0.0066
6,0.5,AFFECTED,0.0064
6,0.5,AFFECTED,0.0064
6,0.5,AFFECTED,0.0064
6,0.5,AFFECTED,0.0065
6,0.5,AFFECTED,0.0064
6,0.5,AFFECTED,0.0064
6,0.5,AFFECTED,0.0065
6,0.5,AFFECTED,0.0065
6,0.5,AFFECTED,0.0064
6,0.5,AFFECTED,0.0064
6,0.5,AFFECTED,0.0064
6,0.5,AFFECTED,0.0065
6,0.5,AFFECTED,0.0064
6,0.5,AFFECTED,0.0064
6,0.5,AFFECTED,0.0065
6,0.5,AFFECTED,0.0065
6,0.5,AFFECTED,0.0064
6,0.5,AFFECTED,0.0064
6,0.5,AFFECTED,0.0064
6,0.5,AFFECTED,0.0064
6,0.5,AFFECTED,0.0064
6,0.5,AFFECTED,0.0064
6,0.5,AFFECTED,0.0064
6,0.5,AFFECTED,0.0066
6,0.5,AFFECTED,0.0064
6,0.5,AFFECTED,0.0065
6,0.5,AFFECTED,0.0063
6,0.5,AFFECTED,0.0065
6,0.5,AFFECTED,0.0065
6,0.5,AFFECTED,0.0065
6,0.5,AFFECTED,0.0065
6,0.5,AFFECTED,0.0064
6,0.5,AFFECTED,0.0063
6,0.5,AFFECTED,0.0064
6,0.5,AFFECTED,0.0064
6,0.5,AFFECTED,0.0064
6,0.5,AFFECTED,0.0063
6,0.5,AFFECTED,0.0064
6,0.5,AFFECTED,0.0065
6,0.5,AFFECTED,0.0065
6,0.5,AFFECTED,0.0065
6,0.5,AFFECTED,0.0065
6,0.5,AFFECTED,0.0064
6,0.5,AFFECTED,0.0064
6,0.5,AFFECTED,0.0064
6,0.5,AFFECTED,0.0063
6,0.5,AFFECTED,0.0064
6,0.5,AFFECTED,0.0066
6,0.5,RESIDUAL,0.0064
6,0.5,RESIDUAL,0.0066
6,0.5,RESIDUAL,0.0064
6,0.5,RESIDUAL,0.0064
6,0.5,RESIDUAL,0.0064
6,0.5,RESIDUAL,0.0064
6,0.5,RESIDUAL,0.0065
6,0.5,RESIDUAL,0.0063
6,0.5,RESIDUAL,0.0066
6,0.5,RESIDUAL,0.0066
6,0.5,RESIDUAL,0.0062
6,0.5,RESIDUAL,0.0065
6,0.5,RESIDUAL,0.0063
6,0.5,RESIDUAL,0.0064
6,0.5,RESIDUAL,0.0064
6,0.5,RESIDUAL,0.0063
6,0.5,RESIDUAL,0.0063
6,0.5,RESIDUAL,0.0064
6,0.5,RESIDUAL,0.0065
6,0.5,RESIDUAL,0.0065
6,0.5,RESIDUAL,0.0065
6,0.5,RESIDUAL,0.0065
6,0.5,RESIDUAL,0.0064
6,0.5,RESIDUAL,0.0064
6,0.5,RESIDUAL,0.0064
6,0.5,RESIDUAL,0.0064
6,0.5,RESIDUAL,0.0063
6,0.5,RESIDUAL,0.0064
6,0.5,RESIDUAL,0.0062
6,0.5,RESIDUAL,0.0064
6,0.5,RESIDUAL,0.0064
6,0.5,RESIDUAL,0.0064
6,0.5,RESIDUAL,0.0062
6,0.5,RESIDUAL,0.0066
6,0.5,RESIDUAL,0.0064
6,0.5,RESIDUAL,0.0065
6,0.5,RESIDUAL,0.0064
6,0.5,RESIDUAL,0.0064
6,0.5,RESIDUAL,0.0064
6,0.5,RESIDUAL,0.0065
6,0.5,RESIDUAL,0.0063
6,0.5,RESIDUAL,0.0065
6,0.5,RESIDUAL,0.0064
6,0.5,RESIDUAL,0.0064
6,0.5,RESIDUAL,0.0064
6,0.5,RESIDUAL,0.0063
6,0.5,RESIDUAL,0.0063
6,0.5,RESIDUAL,0.0064
6,0.5,RESIDUAL,0.0064
6,0.5,RESIDUAL,0.0064
6,0.5,RESIDUAL,0.0063
6,0.5,RESIDUAL,0.0063
6,0.5,RESIDUAL,0.0064
6,0.5,RESIDUAL,0.0063
6,0.5,RESIDUAL,0.0063
6,0.5,RESIDUAL,0.0063
6,0.5,RESIDUAL,0.0064
6,0.5,RESIDUAL,0.0064
6,0.5,RESIDUAL,0.0064
6,0.5,RESIDUAL,0.0065
6,0.5,RESIDUAL,0.0063
6,0.5,RESIDUAL,0.0065
6,0.5,RESIDUAL,0.0063
6,0.5,RESIDUAL,0.0064
6,0.5,RESIDUAL,0.0062
6,0.5,RESIDUAL,0.0062
6,0.5,RESIDUAL,0.0064
6,0.5,RESIDUAL,0.0064
6,0.5,RESIDUAL,0.0064
6,0.5,RESIDUAL,0.0065
6,0.5,RESIDUAL,0.0065
6,0.5,RESIDUAL,0.0063
6,0.5,RESIDUAL,0.0065
6,0.5,RESIDUAL,0.0065
6,0.5,RESIDUAL,0.0062
6,0.5,RESIDUAL,0.0063
6,0.5,RESIDUAL,0.0062
6,0.5,RESIDUAL,0.0064
6,0.5,RESIDUAL,0.0065
6,0.5,RESIDUAL,0.0065
6,0.5,RESIDUAL,0.0062
6,0.5,RESIDUAL,0.0063
6,0.5,RESIDUAL,0.0063
6,0.5,RESIDUAL,0.0065
6,0.5,RESIDUAL,0.0064
6,0.5,RESIDUAL,0.0064
6,0.5,RESIDUAL,0.0063
6,0.5,RESIDUAL,0.0065
6,0.5,RESIDUAL,0.0065
6,0.5,RESIDUAL,0.0063
6,0.5,RESIDUAL,0.0061
6,0.5,RESIDUAL,0.0062
6,0.5,RESIDUAL,0.0064
6,0.5,RESIDUAL,0.0064
6,0.5,RESIDUAL,0.0063
6,0.5,RESIDUAL,0.0063
6,0.5,RESIDUAL,0.0065
6,0.5,RESIDUAL,0.0064
6,0.5,RESIDUAL,0.0064
6,0.5,RESIDUAL,0.0063
6,0.5,RESIDUAL,0.0063
6,0.5,RESIDUAL,0.0063
6,0.5,RESIDUAL,0.0065
6,0.5,RESIDUAL,0.0063
6,0.5,RESIDUAL,0.0064
6,0.5,RESIDUAL,0.0066
6,0.5,RESIDUAL,0.0065
6,0.5,RESIDUAL,0.0061
6,0.5,RESIDUAL,0.0064
6,0.5,RESIDUAL,0.0062
6,0.5,RESIDUAL,0.0065
6,0.5,RESIDUAL,0.0064
6,0.5,RESIDUAL,0.0064
6,0.5,RESIDUAL,0.0063
6,0.5,RESIDUAL,0.0061
6,0.5,RESIDUAL,0.0062
6,0.5,RESIDUAL,0.0065
6,0.5,RESIDUAL,0.0065
6,0.5,RESIDUAL,0.0063
6,0.5,RESIDUAL,0.0063
6,0.5,RESIDUAL,0.0064
6,0.5,RESIDUAL,0.0065
6,0.5,RESIDUAL,0.0064
6,0.5,RESIDUAL,0.0064
6,0.5,RESIDUAL,0.0063
6,0.5,RESIDUAL,0.0062
6,0.5,RESIDUAL,0.0063
6,0.5,RESIDUAL,0.0064
6,0.5,RESIDUAL,0.0064
6,0.5,RESIDUAL,0.0064
6,0.5,RESIDUAL,0.0063
6,0.5,RESIDUAL,0.0064
6,0.5,RESIDUAL,0.0064
6,0.5,RESIDUAL,0.0063
6,0.5,RESIDUAL,0.0064
6,0.5,RESIDUAL,0.0064
6,0.5,RESIDUAL,0.0065
6,0.5,RESIDUAL,0.0065
6,0.5,RESIDUAL,0.0064
6,0.5,RESIDUAL,0.0063
6,0.5,RESIDUAL,0.0062
6,0.5,RESIDUAL,0.0062
6,0.5,RESIDUAL,0.0064
6,0.5,RESIDUAL,0.0065
6,0.5,RESIDUAL,0.0065
6,0.5,RESIDUAL,0.0063
6,0.5,RESIDUAL,0.0063
6,0.5,RESIDUAL,0.0064
6,0.5,RESIDUAL,0.0063
6,0.5,RESIDUAL,0.0064
6,0.5,RESIDUAL,0.0064
6,0.5,RESIDUAL,0.0064
6,0.5,RESIDUAL,0.0062
6,0.5,RESIDUAL,0.0063
6,0.5,RESIDUAL,0.0063
6,0.5,RESIDUAL,0.0062
6,0.5,RESIDUAL,0.0063
6,0.5,RESIDUAL,0.0066
6,0.5,RESIDUAL,0.0062
6,0.5,RESIDUAL,0.0063
6,0.5,RESIDUAL,0.0063
6,0.5,RESIDUAL,0.0064
6,0.5,RESIDUAL,0.0064
6,0.5,RESIDUAL,0.0064
6,0.5,RESIDUAL,0.0064
6,0.5,RESIDUAL,0.0065
6,0.5,RESIDUAL,0.0063
6,0.5,RESIDUAL,0.0064
6,0.5,RESIDUAL,0.0063
6,0.5,RESIDUAL,0.0063
6,0.5,RESIDUAL,0.0064
6,0.5,RESIDUAL,0.0065
6,0.5,RESIDUAL,0.0063
6,0.5,RESIDUAL,0.0064
6,0.5,RESIDUAL,0.0063
6,0.5,RESIDUAL,0.0063
6,0.5,RESIDUAL,0.0064
6,0.5,RESIDUAL,0.0064
6,0.5,RESIDUAL,0.0063
6,0.5,RESIDUAL,0.0063
6,0.5,RESIDUAL,0.0064
6,0.5,RESIDUAL,0.0065
6,0.5,RESIDUAL,0.0062
6,0.5,RESIDUAL,0.0064
6,0.5,RESIDUAL,0.0065
6,0.5,RESIDUAL,0.0064
6,0.5,RESIDUAL,0.0064
6,0.5,RESIDUAL,0.0065
6,0.5,RESIDUAL,0.0064
6,0.5,RESIDUAL,0.0065
6,0.5,RESIDUAL,0.0064
6,0.5,RESIDUAL,0.0066
6,0.5,RESIDUAL,0.0064
6,0.5,RESIDUAL,0.0063
6,0.5,RESIDUAL,0.0064
6,0.5,RESIDUAL,0.0062
6,0.5,RESIDUAL,0.0064
6,0.5,RESIDUAL,0.0065
6,0.5,RESIDUAL,0.0064
6,0.5,RESIDUAL,0.0063
6,0.5,CWR,0.0064
6,0.5,CWR,0.0064
6,0.5,CWR,0.0062
6,0.5,CWR,0.0062
6,0.5,CWR,0.0064
6,0.5,CWR,0.0064
6,0.5,CWR,0.0063
6,0.5,CWR,0.0061
6,0.5,CWR,0.0065
6,0.5,CWR,0.0064
6,0.5,CWR,0.0062
6,0.5,CWR,0.0064
6,0.5,CWR,0.0063
6,0.5,CWR,0.0064
6,0.5,CWR,0.0063
6,0.5,CWR,0.0064
6,0.5,CWR,0.0064
6,0.5,CWR,0.0064
6,0.5,CWR,0.0064
6,0.5,CWR,0.0063
6,0.5,CWR,0.0064
6,0.5,CWR,0.0063
6,0.5,CWR,0.0063
6,0.5,CWR,0.0063
6,0.5,CWR,0.0063
6,0.5,CWR,0.0064
6,0.5,CWR,0.0062
6,0.5,CWR,0.0063
6,0.5,CWR,0.0063
6,0.5,CWR,0.0065
6,0.5,CWR,0.0063
6,0.5,CWR,0.0064
6,0.5,CWR,0.0063
6,0.5,CWR,0.0064
6,0.5,CWR,0.0065
6,0.5,CWR,0.0063
6,0.5,CWR,0.0062
6,0.5,CWR,0.0063
6,0.5,CWR,0.0064
6,0.5,CWR,0.0063
6,0.5,CWR,0.0062
6,0.5,CWR,0.0063
6,0.5,CWR,0.0061
6,0.5,CWR,0.0065
6,0.5,CWR,0.0062
6,0.5,CWR,0.0062
6,0.5,CWR,0.0062
6,0.5,CWR,0.0062
6,0.5,CWR,0.0065
6,0.5,CWR,0.0062
6,0.5,CWR,0.0063
6,0.5,CWR,0.0062
6,0.5,CWR,0.0064
6,0.5,CWR,0.0061
6,0.5,CWR,0.0063
6,0.5,CWR,0.0064
6,0.5,CWR,0.0063
6,0.5,CWR,0.0062
6,0.5,CWR,0.0063
6,0.5,CWR,0.0063
6,0.5,CWR,0.0063
6,0.5,CWR,0.0065
6,0.5,CWR,0.0064
6,0.5,CWR,0.0063
6,0.5,CWR,0.0063
6,0.5,CWR,0.0062
6,0.5,CWR,0.0063
6,0.5,CWR,0.0062
6,0.5,CWR,0.0062
6,0.5,CWR,0.0062
6,0.5,CWR,0.0062
6,0.5,CWR,0.0063
6,0.5,CWR,0.0062
6,0.5,CWR,0.0064
6,0.5,CWR,0.0062
6,0.5,CWR,0.0063
6,0.5,CWR,0.0063
6,0.5,CWR,0.0063
6,0.5,CWR,0.0063
6,0.5,CWR,0.0064
6,0.5,CWR,0.0061
6,0.5,CWR,0.0063
6,0.5,CWR,0.0062
6,0.5,CWR,0.0063
6,0.5,CWR,0.0063
6,0.5,CWR,0.0062
6,0.5,CWR,0.0063
6,0.5,CWR,0.0063
6,0.5,CWR,0.0064
6,0.5,CWR,0.0062
6,0.5,CWR,0.0062
6,0.5,CWR,0.0063
6,0.5,CWR,0.0062
6,0.5,CWR,0.0063
6,0.5,CWR,0.0062
6,0.5,CWR,0.0062
6,0.5,CWR,0.0063
6,0.5,CWR,0.0064
6,0.5,CWR,0.0063
6,0.5,CWR,0.0062
6,0.5,CWR,0.0063
6,0.5,CWR,0.0063
6,0.5,CWR,0.0063
6,0.5,CWR,0.0063
6,0.5,CWR,0.0064
6,0.5,CWR,0.0064
6,0.5,CWR,0.0063
6,0.5,CWR,0.0062
6,0.5,CWR,0.0062
6,0.5,CWR,0.0062
6,0.5,CWR,0.0063
6,0.5,CWR,0.0064
6,0.5,CWR,0.0063
6,0.5,CWR,0.0062
6,0.5,CWR,0.0062
6,0.5,CWR,0.0061
6,0.5,CWR,0.0063
6,0.5,CWR,0.0063
6,0.5,CWR,0.0063
6,0.5,CWR,0.0063
6,0.5,CWR,0.0063
6,0.5,CWR,0.0063
6,0.5,CWR,0.0062
6,0.5,CWR,0.0064
6,0.5,CWR,0.0062
6,0.5,CWR,0.0061
6,0.5,CWR,0.0062
6,0.5,CWR,0.0064
6,0.5,CWR,0.0064
6,0.5,CWR,0.0062
6,0.5,CWR,0.0062
6,0.5,CWR,0.0064
6,0.5,CWR,0.0063
6,0.5,CWR,0.0062
6,0.5,CWR,0.0063
6,0.5,CWR,0.0064
6,0.5,CWR,0.0062
6,0.5,CWR,0.0063
6,0.5,CWR,0.0062
6,0.5,CWR,0.0062
6,0.5,CWR,0.0061
6,0.5,CWR,0.0061
6,0.5,CWR,0.0064
6,0.5,CWR,0.0064
6,0.5,CWR,0.0063
6,0.5,CWR,0.0062
6,0.5,CWR,0.0062
6,0.5,CWR,0.0063
6,0.5,CWR,0.0061
6,0.5,CWR,0.0064
6,0.5,CWR,0.0062
6,0.5,CWR,0.0065
6,0.5,CWR,0.0062
6,0.5,CWR,0.0063
6,0.5,CWR,0.0063
6,0.5,CWR,0.0062
6,0.5,CWR,0.0061
6,0.5,CWR,0.0065
6,0.5,CWR,0.0062
6,0.5,CWR,0.0061
6,0.5,CWR,0.0063
6,0.5,CWR,0.0062
6,0.5,CWR,0.0061
6,0.5,CWR,0.0062
6,0.5,CWR,0.0063
6,0.5,CWR,0.0065
6,0.5,CWR,0.0063
6,0.5,CWR,0.0064
6,0.5,CWR,0.0062
6,0.5,CWR,0.0063
6,0.5,CWR,0.0064
6,0.5,CWR,0.0066
6,0.5,CWR,0.0063
6,0.5,CWR,0.0062
6,0.5,CWR,0.0063
6,0.5,CWR,0.0063
6,0.5,CWR,0.0063
6,0.5,CWR,0.0064
6,0.5,CWR,0.0062
6,0.5,CWR,0.0063
6,0.5,CWR,0.0063
6,0.5,CWR,0.0064
6,0.5,CWR,0.0062
6,0.5,CWR,0.0062
6,0.5,CWR,0.0063
6,0.5,CWR,0.0064
6,0.5,CWR,0.0061
6,0.5,CWR,0.0064
6,0.5,CWR,0.0062
6,0.5,CWR,0.0063
6,0.5,CWR,0.0062
6,0.5,CWR,0.0063
6,0.5,CWR,0.0062
6,0.5,CWR,0.0062
6,0.5,CWR,0.0062
6,0.5,CWR,0.0061
6,0.5,CWR,0.0062
6,0.5,CWR,0.0063
6,0.5,CWR,0.0062
6,0.5,CWR,0.0064
6,1.0,FULL,0.0064
6,1.0,FULL,0.0064
6,1.0,FULL,0.0063
6,1.0,FULL,0.0064
6,1.0,FULL,0.0064
6,1.0,FULL,0.0066
6,1.0,FULL,0.0063
6,1.0,FULL,0.0064
6,1.0,FULL,0.0062
6,1.0,FULL,0.0064
6,1.0,FULL,0.0062
6,1.0,FULL,0.0063
6,1.0,FULL,0.0063
6,1.0,FULL,0.0064
6,1.0,FULL,0.0063
6,1.0,FULL,0.0063
6,1.0,FULL,0.0063
6,1.0,FULL,0.0064
6,1.0,FULL,0.0062
6,1.0,FULL,0.0063
6,1.0,FULL,0.0063
6,1.0,FULL,0.0064
6,1.0,FULL,0.0062
6,1.0,FULL,0.0064
6,1.0,FULL,0.0062
6,1.0,FULL,0.0064
6,1.0,FULL,0.0063
6,1.0,FULL,0.0063
6,1.0,FULL,0.0063
6,1.0,FULL,0.0064
6,1.0,FULL,0.0061
6,1.0,FULL,0.0064
6,1.0,FULL,0.0062
6,1.0,FULL,0.0063
6,1.0,FULL,0.0062
6,1.0,FULL,0.0062
6,1.0,FULL,0.0062
6,1.0,FULL,0.0063
6,1.0,FULL,0.0061
6,1.0,FULL,0.0064
6,1.0,FULL,0.0063
6,1.0,FULL,0.0063
6,1.0,FULL,0.0064
6,1.0,FULL,0.0064
6,1.0,FULL,0.0062
6,1.0,FULL,0.0062
6,1.0,FULL,0.0062
6,1.0,FULL,0.0063
6,1.0,FULL,0.0062
6,1.0,FULL,0.0064
6,1.0,FULL,0.0063
6,1.0,FULL,0.0063
6,1.0,FULL,0.0062
6,1.0,FULL,0.0063
6,1.0,FULL,0.0063
6,1.0,FULL,0.0065
6,1.0,FULL,0.0062
6,1.0,FULL,0.0064
6,1.0,FULL,0.0062
6,1.0,FULL,0.0063
6,1.0,FULL,0.0062
6,1.0,FULL,0.0064
6,1.0,FULL,0.0062
6,1.0,FULL,0.0063
6,1.0,FULL,0.0063
6,1.0,FULL,0.0062
6,1.0,FULL,0.0062
6,1.0,FULL,0.0063
6,1.0,FULL,0.0062
6,1.0,FULL,0.0063
6,1.0,FULL,0.0063
6,1.0,FULL,0.0064
6,1.0,FULL,0.0062
6,1.0,FULL,0.0063
6,1.0,FULL,0.0062
6,1.0,FULL,0.0064
6,1.0,FULL,0.0062
6,1.0,FULL,0.0062
6,1.0,FULL,0.0061
6,1.0,FULL,0.0063
6,1.0,FULL,0.0062
6,1.0,FULL,0.0064
6,1.0,FULL,0.0062
6,1.0,FULL,0.0063
6,1.0,FULL,0.0062
6,1.0,FULL,0.0064
6,1.0,FULL,0.0062
6,1.0,FULL,0.0064
6,1.0,FULL,0.0062
6,1.0,FULL,0.0064
6,1.0,FULL,0.0063
6,1.0,FULL,0.0063
6,1.0,FULL,0.0062
6,1.0,FULL,0.0064
6,1.0,FULL,0.0062
6,1.0,FULL,0.0064
6,1.0,FULL,0.0064
6,1.0,FULL,0.0066
6,1.0,FULL,0.0064
6,1.0,FULL,0.0064
6,1.0,FULL,0.0063
6,1.0,FULL,0.0062
6,1.0,FULL,0.0063
6,1.0,FULL,0.0064
6,1.0,FULL,0.0063
6,1.0,FULL,0.0064
6,1.0,FULL,0.0063
6,1.0,FULL,0.0064
6,1.0,FULL,0.0062
6,1.0,FULL,0.0063
6,1.0,FULL,0.0063
6,1.0,FULL,0.0064
6,1.0,FULL,0.0064
6,1.0,FULL,0.0063
6,1.0,FULL,0.0064
6,1.0,FULL,0.0063
6,1.0,FULL,0.0063
6,1.0,FULL,0.0063
6,1.0,FULL,0.0063
6,1.0,FULL,0.0064
6,1.0,FULL,0.0063
6,1.0,FULL,0.0063
6,1.0,FULL,0.0063
6,1.0,FULL,0.0064
6,1.0,FULL,0.0062
6,1.0,FULL,0.0063
6,1.0,FULL,0.0063
6,1.0,FULL,0.0064
6,1.0,FULL,0.0064
6,1.0,FULL,0.0063
6,1.0,FULL,0.0062
6,1.0,FULL,0.0064
6,1.0,FULL,0.0062
6,1.0,FULL,0.0063
6,1.0,FULL,0.0062
6,1.0,FULL,0.0064
6,1.0,FULL,0.0062
6,1.0,FULL,0.0064
6,1.0,FULL,0.0063
6,1.0,FULL,0.0064
6,1.0,FULL,0.0063
6,1.0,FULL,0.0065
6,1.0,FULL,0.0062
6,1.0,FULL,0.0063
6,1.0,FULL,0.0064
6,1.0,FULL,0.0063
6,1.0,FULL,0.0063
6,1.0,FULL,0.0064
6,1.0,FULL,0.0062
6,1.0,FULL,0.0064
6,1.0,FULL,0.0062
6,1.0,FULL,0.0063
6,1.0,FULL,0.0061
6,1.0,FULL,0.0065
6,1.0,FULL,0.0062
6,1.0,FULL,0.0063
6,1.0,FULL,0.0064
6,1.0,FULL,0.0063
6,1.0,FULL,0.0062
6,1.0,FULL,0.0063
6,1.0,FULL,0.0064
6,1.0,FULL,0.0063
6,1.0,FULL,0.0062
6,1.0,FULL,0.0063
6,1.0,FULL,0.0063
6,1.0,FULL,0.0064
6,1.0,FULL,0.0062
6,1.0,FULL,0.0064
6,1.0,FULL,0.0062
6,1.0,FULL,0.0064
6,1.0,FULL,0.0062
6,1.0,FULL,0.0063
6,1.0,FULL,0.0063
6,1.0,FULL,0.0063
6,1.0,FULL,0.0061
6,1.0,FULL,0.0063
6,1.0,FULL,0.0061
6,1.0,FULL,0.0063
6,1.0,FULL,0.0063
6,1.0,FULL,0.0064
6,1.0,FULL,0.0063
6,1.0,FULL,0.0063
6,1.0,FULL,0.0062
6,1.0,FULL,0.0065
6,1.0,FULL,0.0062
6,1.0,FULL,0.0063
6,1.0,FULL,0.0064
6,1.0,FULL,0.0063
6,1.0,FULL,0.0063
6,1.0,FULL,0.0063
6,1.0,FULL,0.0063
6,1.0,FULL,0.0063
6,1.0,FULL,0.0063
6,1.0,FULL,0.0063
6,1.0,FULL,0.0062
6,1.0,FULL,0.0063
6,1.0,FULL,0.0063
6,1.0,FULL,0.0063
6,1.0,FULL,0.0062
6,1.0,FULL,0.0064
6,1.0,AFFECTED,0.0063
6,1.0,AFFECTED,0.0064
6,1.0,AFFECTED,0.0063
6,1.0,AFFECTED,0.0062
6,1.0,AFFECTED,0.0063
6,1.0,AFFECTED,0.0062
6,1.0,AFFECTED,0.0062
6,1.0,AFFECTED,0.0063
6,1.0,AFFECTED,0.0063
6,1.0,AFFECTED,0.0064
6,1.0,AFFECTED,0.0065
6,1.0,AFFECTED,0.0062
6,1.0,AFFECTED,0.0063
6,1.0,AFFECTED,0.0063
6,1.0,AFFECTED,0.0063
6,1.0,AFFECTED,0.0063
6,1.0,AFFECTED,0.0063
6,1.0,AFFECTED,0.0062
6,1.0,AFFECTED,0.0063
6,1.0,AFFECTED,0.0064
6,1.0,AFFECTED,0.0062
6,1.0,AFFECTED,0.0064
6,1.0,AFFECTED,0.0063
6,1.0,AFFECTED,0.0064
6,1.0,AFFECTED,0.0064
6,1.0,AFFECTED,0.0062
6,1.0,AFFECTED,0.0062
6,1.0,AFFECTED,0.0063
6,1.0,AFFECTED,0.0063
6,1.0,AFFECTED,0.0062
6,1.0,AFFECTED,0.0064
6,1.0,AFFECTED,0.0063
6,1.0,AFFECTED,0.0062
6,1.0,AFFECTED,0.0064
6,1.0,AFFECTED,0.0063
6,1.0,AFFECTED,0.0063
6,1.0,AFFECTED,0.0064
6,1.0,AFFECTED,0.0064
6,1.0,AFFECTED,0.0062
6,1.0,AFFECTED,0.0064
6,1.0,AFFECTED,0.0063
6,1.0,AFFECTED,0.0062
6,1.0,AFFECTED,0.0063
6,1.0,AFFECTED,0.0064
6,1.0,AFFECTED,0.0064
6,1.0,AFFECTED,0.0064
6,1.0,AFFECTED,0.0063
6,1.0,AFFECTED,0.0064
6,1.0,AFFECTED,0.0063
6,1.0,AFFECTED,0.0064
6,1.0,AFFECTED,0.0064
6,1.0,AFFECTED,0.0064
6,1.0,AFFECTED,0.0063
6,1.0,AFFECTED,0.0063
6,1.0,AFFECTED,0.0063
6,1.0,AFFECTED,0.0064
6,1.0,AFFECTED,0.0063
6,1.0,AFFECTED,0.0063
6,1.0,AFFECTED,0.0063
6,1.0,AFFECTED,0.0064
6,1.0,AFFECTED,0.0063
6,1.0,AFFECTED,0.0062
6,1.0,AFFECTED,0.0063
6,1.0,AFFECTED,0.0063
6,1.0,AFFECTED,0.0063
6,1.0,AFFECTED,0.0063
6,1.0,AFFECTED,0.0063
6,1.0,AFFECTED,0.0063
6,1.0,AFFECTED,0.0064
6,1.0,AFFECTED,0.0063
6,1.0,AFFECTED,0.0063
6,1.0,AFFECTED,0.0064
6,1.0,AFFECTED,0.0062
6,1.0,AFFECTED,0.0063
6,1.0,AFFECTED,0.0062
6,1.0,AFFECTED,0.0062
6,1.0,AFFECTED,0.0063
6,1.0,AFFECTED,0.0063
6,1.0,AFFECTED,0.0063
6,1.0,AFFECTED,0.0063
6,1.0,AFFECTED,0.0063
6,1.0,AFFECTED,0.0064
6,1.0,AFFECTED,0.0063
6,1.0,AFFECTED,0.0064
6,1.0,AFFECTED,0.0062
6,1.0,AFFECTED,0.0063
6,1.0,AFFECTED,0.0063
6,1.0,AFFECTED,0.0062
6,1.0,AFFECTED,0.0062
6,1.0,AFFECTED,0.0064
6,1.0,AFFECTED,0.0065
6,1.0,AFFECTED,0.0063
6,1.0,AFFECTED,0.0062
6,1.0,AFFECTED,0.0064
6,1.0,AFFECTED,0.0063
6,1.0,AFFECTED,0.0063
6,1.0,AFFECTED,0.0063
6,1.0,AFFECTED,0.0064
6,1.0,AFFECTED,0.0064
6,1.0,AFFECTED,0.0064
6,1.0,AFFECTED,0.0062
6,1.0,AFFECTED,0.0064
6,1.0,AFFECTED,0.0063
6,1.0,AFFECTED,0.0064
6,1.0,AFFECTED,0.0063
6,1.0,AFFECTED,0.0064
6,1.0,AFFECTED,0.0062
6,1.0,AFFECTED,0.0063
6,1.0,AFFECTED,0.0063
6,1.0,AFFECTED,0.0063
6,1.0,AFFECTED,0.0063
6,1.0,AFFECTED,0.0063
6,1.0,AFFECTED,0.0063
6,1.0,AFFECTED,0.0063
6,1.0,AFFECTED,0.0064
6,1.0,AFFECTED,0.0063
6,1.0,AFFECTED,0.0063
6,1.0,AFFECTED,0.0063
6,1.0,AFFECTED,0.0063
6,1.0,AFFECTED,0.0063
6,1.0,AFFECTED,0.0062
6,1.0,AFFECTED,0.0064
6,1.0,AFFECTED,0.0063
6,1.0,AFFECTED,0.0063
6,1.0,AFFECTED,0.0063
6,1.0,AFFECTED,0.0063
6,1.0,AFFECTED,0.0063
6,1.0,AFFECTED,0.0064
6,1.0,AFFECTED,0.0062
6,1.0,AFFECTED,0.0063
6,1.0,AFFECTED,0.0062
6,1.0,AFFECTED,0.0063
6,1.0,AFFECTED,0.0063
6,1.0,AFFECTED,0.0062
6,1.0,AFFECTED,0.0062
6,1.0,AFFECTED,0.0063
6,1.0,AFFECTED,0.0063
6,1.0,AFFECTED,0.0064
6,1.0,AFFECTED,0.0063
6,1.0,AFFECTED,0.0064
6,1.0,AFFECTED,0.0063
6,1.0,AFFECTED,0.0063
6,1.0,AFFECTED,0.0062
6,1.0,AFFECTED,0.0064
6,1.0,AFFECTED,0.0063
6,1.0,AFFECTED,0.0063
6,1.0,AFFECTED,0.0064
6,1.0,AFFECTED,0.0064
6,1.0,AFFECTED,0.0062
6,1.0,AFFECTED,0.0063
6,1.0,AFFECTED,0.0063
6,1.0,AFFECTED,0.0063
6,1.0,AFFECTED,0.0063
6,1.0,AFFECTED,0.0063
6,1.0,AFFECTED,0.0064
6,1.0,AFFECTED,0.0064
6,1.0,AFFECTED,0.0063
6,1.0,AFFECTED,0.0063
6,1.0,AFFECTED,0.0064
6,1.0,AFFECTED,0.0062
6,1.0,AFFECTED,0.0062
6,1.0,AFFECTED,0.0064
6,1.0,AFFECTED,0.0064
6,1.0,AFFECTED,0.0064
6,1.0,AFFECTED,0.0062
6,1.0,AFFECTED,0.0063
6,1.0,AFFECTED,0.0063
6,1.0,AFFECTED,0.0063
6,1.0,AFFECTED,0.0063
6,1.0,AFFECTED,0.0064
6,1.0,AFFECTED,0.0063
6,1.0,AFFECTED,0.0063
6,1.0,AFFECTED,0.0063
6,1.0,AFFECTED,0.0063
6,1.0,AFFECTED,0.0064
6,1.0,AFFECTED,0.0064
6,1.0,AFFECTED,0.0062
6,1.0,AFFECTED,0.0064
6,1.0,AFFECTED,0.0063
6,1.0,AFFECTED,0.0063
6,1.0,AFFECTED,0.0062
6,1.0,AFFECTED,0.0062
6,1.0,AFFECTED,0.0063
6,1.0,AFFECTED,0.0064
6,1.0,AFFECTED,0.0063
6,1.0,AFFECTED,0.0064
6,1.0,AFFECTED,0.0063
6,1.0,AFFECTED,0.0062
6,1.0,AFFECTED,0.0062
6,1.0,AFFECTED,0.0064
6,1.0,AFFECTED,0.0063
6,1.0,AFFECTED,0.0063
6,1.0,AFFECTED,0.0063
6,1.0,AFFECTED,0.0063
6,1.0,AFFECTED,0.0063
6,1.0,AFFECTED,0.0062
6,1.0,AFFECTED,0.0063
6,1.0,AFFECTED,0.0065
6,1.0,AFFECTED,0.0063
6,1.0,AFFECTED,0.0064
6,1.0,RESIDUAL,0.0067
6,1.0,RESIDUAL,0.0067
6,1.0,RESIDUAL,0.0065
6,1.0,RESIDUAL,0.0067
6,1.0,RESIDUAL,0.0067
6,1.0,RESIDUAL,0.0066
6,1.0,RESIDUAL,0.0066
6,1.0,RESIDUAL,0.0068
6,1.0,RESIDUAL,0.0066
6,1.0,RESIDUAL,0.0067
6,1.0,RESIDUAL,0.0067
6,1.0,RESIDUAL,0.0066
6,1.0,RESIDUAL,0.0067
6,1.0,RESIDUAL,0.0066
6,1.0,RESIDUAL,0.0066
6,1.0,RESIDUAL,0.0068
6,1.0,RESIDUAL,0.0066
6,1.0,RESIDUAL,0.0067
6,1.0,RESIDUAL,0.0067
6,1.0,RESIDUAL,0.0066
6,1.0,RESIDUAL,0.0067
6,1.0,RESIDUAL,0.0066
6,1.0,RESIDUAL,0.0066
6,1.0,RESIDUAL,0.0066
6,1.0,RESIDUAL,0.0066
6,1.0,RESIDUAL,0.0067
6,1.0,RESIDUAL,0.0066
6,1.0,RESIDUAL,0.0066
6,1.0,RESIDUAL,0.0066
6,1.0,RESIDUAL,0.0066
6,1.0,RESIDUAL,0.0068
6,1.0,RESIDUAL,0.0067
6,1.0,RESIDUAL,0.0067
6,1.0,RESIDUAL,0.0066
6,1.0,RESIDUAL,0.0065
6,1.0,RESIDUAL,0.0066
6,1.0,RESIDUAL,0.0067
6,1.0,RESIDUAL,0.0066
6,1.0,RESIDUAL,0.0066
6,1.0,RESIDUAL,0.0067
6,1.0,RESIDUAL,0.0066
6,1.0,RESIDUAL,0.0066
6,1.0,RESIDUAL,0.0066
6,1.0,RESIDUAL,0.0067
6,1.0,RESIDUAL,0.0067
6,1.0,RESIDUAL,0.0067
6,1.0,RESIDUAL,0.0067
6,1.0,RESIDUAL,0.0065
6,1.0,RESIDUAL,0.0066
6,1.0,RESIDUAL,0.0067
6,1.0,RESIDUAL,0.0067
6,1.0,RESIDUAL,0.0066
6,1.0,RESIDUAL,0.0068
6,1.0,RESIDUAL,0.0067
6,1.0,RESIDUAL,0.0068
6,1.0,RESIDUAL,0.0066
6,1.0,RESIDUAL,0.0066
6,1.0,RESIDUAL,0.0066
6,1.0,RESIDUAL,0.0066
6,1.0,RESIDUAL,0.0067
6,1.0,RESIDUAL,0.0068
6,1.0,RESIDUAL,0.0066
6,1.0,RESIDUAL,0.0066
6,1.0,RESIDUAL,0.0068
6,1.0,RESIDUAL,0.0067
6,1.0,RESIDUAL,0.0068
6,1.0,RESIDUAL,0.0066
6,1.0,RESIDUAL,0.0067
6,1.0,RESIDUAL,0.0066
6,1.0,RESIDUAL,0.0067
6,1.0,RESIDUAL,0.0067
6,1.0,RESIDUAL,0.0066
6,1.0,RESIDUAL,0.0067
6,1.0,RESIDUAL,0.0067
6,1.0,RESIDUAL,0.0068
6,1.0,RESIDUAL,0.0067
6,1.0,RESIDUAL,0.0066
6,1.0,RESIDUAL,0.0066
6,1.0,RESIDUAL,0.0066
6,1.0,RESIDUAL,0.0066
6,1.0,RESIDUAL,0.0065
6,1.0,RESIDUAL,0.0066
6,1.0,RESIDUAL,0.0066
6,1.0,RESIDUAL,0.0068
6,1.0,RESIDUAL,0.0068
6,1.0,RESIDUAL,0.0113
6,1.0,RESIDUAL,0.0065
6,1.0,RESIDUAL,0.0068
6,1.0,RESIDUAL,0.0066
6,1.0,RESIDUAL,0.0067
6,1.0,RESIDUAL,0.0066
6,1.0,RESIDUAL,0.0066
6,1.0,RESIDUAL,0.0067
6,1.0,RESIDUAL,0.0066
6,1.0,RESIDUAL,0.0065
6,1.0,RESIDUAL,0.0067
6,1.0,RESIDUAL,0.0067
6,1.0,RESIDUAL,0.0066
6,1.0,RESIDUAL,0.0065
6,1.0,RESIDUAL,0.0068
6,1.0,RESIDUAL,0.0067
6,1.0,RESIDUAL,0.0067
6,1.0,RESIDUAL,0.0067
6,1.0,RESIDUAL,0.0067
6,1.0,RESIDUAL,0.0067
6,1.0,RESIDUAL,0.0066
6,1.0,RESIDUAL,0.0065
6,1.0,RESIDUAL,0.0067
6,1.0,RESIDUAL,0.0066
6,1.0,RESIDUAL,0.0067
6,1.0,RESIDUAL,0.0066
6,1.0,RESIDUAL,0.0067
6,1.0,RESIDUAL,0.0066
6,1.0,RESIDUAL,0.0067
6,1.0,RESIDUAL,0.0067
6,1.0,RESIDUAL,0.0066
6,1.0,RESIDUAL,0.0066
6,1.0,RESIDUAL,0.0067
6,1.0,RESIDUAL,0.0065
6,1.0,RESIDUAL,0.0066
6,1.0,RESIDUAL,0.0066
6,1.0,RESIDUAL,0.0066
6,1.0,RESIDUAL,0.0065
6,1.0,RESIDUAL,0.0067
6,1.0,RESIDUAL,0.0067
6,1.0,RESIDUAL,0.0066
6,1.0,RESIDUAL,0.0066
6,1.0,RESIDUAL,0.0068
6,1.0,RESIDUAL,0.0066
6,1.0,RESIDUAL,0.0066
6,1.0,RESIDUAL,0.0067
6,1.0,RESIDUAL,0.0067
6,1.0,RESIDUAL,0.0066
6,1.0,RESIDUAL,0.0067
6,1.0,RESIDUAL,0.0065
6,1.0,RESIDUAL,0.0068
6,1.0,RESIDUAL,0.0066
6,1.0,RESIDUAL,0.0067
6,1.0,RESIDUAL,0.0066
6,1.0,RESIDUAL,0.0066
6,1.0,RESIDUAL,0.0068
6,1.0,RESIDUAL,0.0068
6,1.0,RESIDUAL,0.0066
6,1.0,RESIDUAL,0.0066
6,1.0,RESIDUAL,0.0066
6,1.0,RESIDUAL,0.0066
6,1.0,RESIDUAL,0.0067
6,1.0,RESIDUAL,0.0066
6,1.0,RESIDUAL,0.0067
6,1.0,RESIDUAL,0.0066
6,1.0,RESIDUAL,0.0066
6,1.0,RESIDUAL,0.0067
6,1.0,RESIDUAL,0.0066
6,1.0,RESIDUAL,0.0067
6,1.0,RESIDUAL,0.0066
6,1.0,RESIDUAL,0.0066
6,1.0,RESIDUAL,0.0067
6,1.0,RESIDUAL,0.0066
6,1.0,RESIDUAL,0.0067
6,1.0,RESIDUAL,0.0066
6,1.0,RESIDUAL,0.0065
6,1.0,RESIDUAL,0.0066
6,1.0,RESIDUAL,0.0066
6,1.0,RESIDUAL,0.0066
6,1.0,RESIDUAL,0.0066
6,1.0,RESIDUAL,0.0067
6,1.0,RESIDUAL,0.0066
6,1.0,RESIDUAL,0.0066
6,1.0,RESIDUAL,0.0066
6,1.0,RESIDUAL,0.0067
6,1.0,RESIDUAL,0.0065
6,1.0,RESIDUAL,0.0066
6,1.0,RESIDUAL,0.0066
6,1.0,RESIDUAL,0.0066
6,1.0,RESIDUAL,0.0066
6,1.0,RESIDUAL,0.0066
6,1.0,RESIDUAL,0.0065
6,1.0,RESIDUAL,0.0065
6,1.0,RESIDUAL,0.0065
6,1.0,RESIDUAL,0.0066
6,1.0,RESIDUAL,0.0065
6,1.0,RESIDUAL,0.0067
6,1.0,RESIDUAL,0.0065
6,1.0,RESIDUAL,0.0067
6,1.0,RESIDUAL,0.0066
6,1.0,RESIDUAL,0.0065
6,1.0,RESIDUAL,0.0067
6,1.0,RESIDUAL,0.0066
6,1.0,RESIDUAL,0.0065
6,1.0,RESIDUAL,0.0066
6,1.0,RESIDUAL,0.0066
6,1.0,RESIDUAL,0.0084
6,1.0,RESIDUAL,0.0092
6,1.0,RESIDUAL,0.0098
6,1.0,RESIDUAL,0.0281
6,1.0,RESIDUAL,0.0105
6,1.0,RESIDUAL,0.0098
6,1.0,RESIDUAL,0.0096
6,1.0,RESIDUAL,0.0099
6,1.0,RESIDUAL,0.0088
6,1.0,CWR,0.0332
6,1.0,CWR,0.0343
6,1.0,CWR,0.0346
6,1.0,CWR,0.041
6,1.0,CWR,0.0344
6,1.0,CWR,0.0333
6,1.0,CWR,0.0331
6,1.0,CWR,0.0348
6,1.0,CWR,0.0352
6,1.0,CWR,0.0352
6,1.0,CWR,0.034
6,1.0,CWR,0.0333
6,1.0,CWR,0.0336
6,1.0,CWR,0.0338
6,1.0,CWR,0.0327
6,1.0,CWR,0.0355
6,1.0,CWR,0.0335
6,1.0,CWR,0.0336
6,1.0,CWR,0.0348
6,1.0,CWR,0.0326
6,1.0,CWR,0.0342
6,1.0,CWR,0.0362
6,1.0,CWR,0.0358
6,1.0,CWR,0.0331
6,1.0,CWR,0.0349
6,1.0,CWR,0.0396
6,1.0,CWR,0.0708
6,1.0,CWR,0.0425
6,1.0,CWR,0.0378
6,1.0,CWR,0.0375
6,1.0,CWR,0.0367
6,1.0,CWR,0.0358
6,1.0,CWR,0.0365
6,1.0,CWR,0.0356
6,1.0,CWR,0.0347
6,1.0,CWR,0.0355
6,1.0,CWR,0.0366
6,1.0,CWR,0.0367
6,1.0,CWR,0.0352
6,1.0,CWR,0.1817
6,1.0,CWR,0.0348
6,1.0,CWR,0.0331
6,1.0,CWR,0.0325
6,1.0,CWR,0.0327
6,1.0,CWR,0.033
6,1.0,CWR,0.0325
6,1.0,CWR,0.0323
6,1.0,CWR,0.0318
6,1.0,CWR,0.0315
6,1.0,CWR,0.0316
6,1.0,CWR,0.0314
6,1.0,CWR,0.0315
6,1.0,CWR,0.0317
6,1.0,CWR,0.0316
6,1.0,CWR,0.0317
6,1.0,CWR,0.0314
6,1.0,CWR,0.0311
6,1.0,CWR,0.031
6,1.0,CWR,0.0312
6,1.0,CWR,0.0315
6,1.0,CWR,0.0309
6,1.0,CWR,0.0308
6,1.0,CWR,0.0307
6,1.0,CWR,0.031
6,1.0,CWR,0.0312
6,1.0,CWR,0.0315
6,1.0,CWR,0.0314
6,1.0,CWR,0.0315
6,1.0,CWR,0.0311
6,1.0,CWR,0.031
6,1.0,CWR,0.0308
6,1.0,CWR,0.0308
6,1.0,CWR,0.0314
6,1.0,CWR,0.0313
6,1.0,CWR,0.0314
6,1.0,CWR,0.0313
6,1.0,CWR,0.0317
6,1.0,CWR,0.0311
6,1.0,CWR,0.0313
6,1.0,CWR,0.0315
6,1.0,CWR,0.0314
6,1.0,CWR,0.0312
6,1.0,CWR,0.0314
6,1.0,CWR,0.0319
6,1.0,CWR,0.0318
6,1.0,CWR,0.0317
6,1.0,CWR,0.0315
6,1.0,CWR,0.0311
6,1.0,CWR,0.031
6,1.0,CWR,0.0309
6,1.0,CWR,0.0311
6,1.0,CWR,0.031
6,1.0,CWR,0.0307
6,1.0,CWR,0.0308
6,1.0,CWR,0.0362
6,1.0,CWR,0.031
6,1.0,CWR,0.0319
6,1.0,CWR,0.0314
6,1.0,CWR,0.0311
6,1.0,CWR,0.031
6,1.0,CWR,0.0309
6,1.0,CWR,0.031
6,1.0,CWR,0.0307
6,1.0,CWR,0.0304
6,1.0,CWR,0.0317
6,1.0,CWR,0.0321
6,1.0,CWR,0.0323
6,1.0,CWR,0.0315
6,1.0,CWR,0.0315
6,1.0,CWR,0.0321
6,1.0,CWR,0.0317
6,1.0,CWR,0.0316
6,1.0,CWR,0.0313
6,1.0,CWR,0.0307
6,1.0,CWR,0.0306
6,1.0,CWR,0.0308
6,1.0,CWR,0.0305
6,1.0,CWR,0.0308
6,1.0,CWR,0.0313
6,1.0,CWR,0.0317
6,1.0,CWR,0.0331
6,1.0,CWR,0.0329
6,1.0,CWR,0.0333
6,1.0,CWR,0.0336
6,1.0,CWR,0.0332
6,1.0,CWR,0.0333
6,1.0,CWR,0.0328
6,1.0,CWR,0.0497
6,1.0,CWR,0.0326
6,1.0,CWR,0.0343
6,1.0,CWR,0.0317
6,1.0,CWR,0.0341
6,1.0,CWR,0.0345
6,1.0,CWR,0.4144
6,1.0,CWR,0.042
6,1.0,CWR,0.0345
6,1.0,CWR,0.0336
6,1.0,CWR,0.033
6,1.0,CWR,0.0328
6,1.0,CWR,0.0334
6,1.0,CWR,0.0331
6,1.0,CWR,0.0329
6,1.0,CWR,0.0333
6,1.0,CWR,0.0327
6,1.0,CWR,0.0325
6,1.0,CWR,0.0323
6,1.0,CWR,0.0323
6,1.0,CWR,0.0323
6,1.0,CWR,0.0322
6,1.0,CWR,0.0321
6,1.0,CWR,0.0324
6,1.0,CWR,0.0334
6,1.0,CWR,0.0329
6,1.0,CWR,0.0329
6,1.0,CWR,0.0327
6,1.0,CWR,0.0329
6,1.0,CWR,0.033
6,1.0,CWR,0.0331
6,1.0,CWR,0.0329
6,1.0,CWR,0.0329
6,1.0,CWR,0.0326
6,1.0,CWR,0.0322
6,1.0,CWR,0.0316
6,1.0,CWR,0.0316
6,1.0,CWR,0.0316
6,1.0,CWR,0.0319
6,1.0,CWR,0.0319
6,1.0,CWR,0.0318
6,1.0,CWR,0.0316
6,1.0,CWR,0.0319
6,1.0,CWR,0.0324
6,1.0,CWR,0.0321
6,1.0,CWR,0.0323
6,1.0,CWR,0.0323
6,1.0,CWR,0.0319
6,1.0,CWR,0.0319
6,1.0,CWR,0.0319
6,1.0,CWR,0.0321
6,1.0,CWR,0.0317
6,1.0,CWR,0.0316
6,1.0,CWR,0.0325
6,1.0,CWR,0.0331
6,1.0,CWR,0.0328
6,1.0,CWR,0.0351
6,1.0,CWR,0.0327
6,1.0,CWR,0.0323
6,1.0,CWR,0.032
6,1.0,CWR,0.0318
6,1.0,CWR,0.0318
6,1.0,CWR,0.0318
6,1.0,CWR,0.0324
6,1.0,CWR,0.032
6,1.0,CWR,0.0323
6,1.0,CWR,0.032
6,1.0,CWR,0.0326
6,1.0,CWR,0.0327
6,1.0,CWR,0.0327
6,1.0,CWR,0.0334
6,1.0,CWR,0.0329
6,1.0,CWR,0.0328
12,0.0,FULL,0.0115
12,0.0,FULL,0.0119
12,0.0,FULL,0.0118
12,0.0,FULL,0.0118
12,0.0,FULL,0.0116
12,0.0,FULL,0.0117
12,0.0,FULL,0.0118
12,0.0,FULL,0.0116
12,0.0,FULL,0.0117
12,0.0,FULL,0.0119
12,0.0,FULL,0.0116
12,0.0,FULL,0.0116
12,0.0,FULL,0.0147
12,0.0,FULL,0.0117
12,0.0,FULL,0.0114
12,0.0,FULL,0.0116
12,0.0,FULL,0.0116
12,0.0,FULL,0.0118
12,0.0,FULL,0.0115
12,0.0,FULL,0.0118
12,0.0,FULL,0.0115
12,0.0,FULL,0.0118
12,0.0,FULL,0.0117
12,0.0,FULL,0.0119
12,0.0,FULL,0.0117
12,0.0,FULL,0.0121
12,0.0,FULL,0.0117
12,0.0,FULL,0.0118
12,0.0,FULL,0.0117
12,0.0,FULL,0.0119
12,0.0,FULL,0.0118
12,0.0,FULL,0.0118
12,0.0,FULL,0.0117
12,0.0,FULL,0.0118
12,0.0,FULL,0.0118
12,0.0,FULL,0.012
12,0.0,FULL,0.0118
12,0.0,FULL,0.0118
12,0.0,FULL,0.0118
12,0.0,FULL,0.0118
12,0.0,FULL,0.0118
12,0.0,FULL,0.0118
12,0.0,FULL,0.0118
12,0.0,FULL,0.0119
12,0.0,FULL,0.0118
12,0.0,FULL,0.012
12,0.0,FULL,0.0117
12,0.0,FULL,0.0117
12,0.0,FULL,0.0119
12,0.0,FULL,0.0119
12,0.0,FULL,0.0115
12,0.0,FULL,0.0117
12,0.0,FULL,0.0118
12,0.0,FULL,0.012
12,0.0,FULL,0.0117
12,0.0,FULL,0.0119
12,0.0,FULL,0.0117
12,0.0,FULL,0.012
12,0.0,FULL,0.0117
12,0.0,FULL,0.0118
12,0.0,FULL,0.0119
12,0.0,FULL,0.0119
12,0.0,FULL,0.0117
12,0.0,FULL,0.0118
12,0.0,FULL,0.0117
12,0.0,FULL,0.0118
12,0.0,FULL,0.0117
12,0.0,FULL,0.0117
12,0.0,FULL,0.0119
12,0.0,FULL,0.0119
12,0.0,FULL,0.0118
12,0.0,FULL,0.0118
12,0.0,FULL,0.0119
12,0.0,FULL,0.0117
12,0.0,FULL,0.0116
12,0.0,FULL,0.0118
12,0.0,FULL,0.0118
12,0.0,FULL,0.012
12,0.0,FULL,0.0118
12,0.0,FULL,0.0119
12,0.0,FULL,0.0118
12,0.0,FULL,0.0119
12,0.0,FULL,0.0116
12,0.0,FULL,0.0119
12,0.0,FULL,0.0119
12,0.0,FULL,0.0118
12,0.0,FULL,0.0117
12,0.0,FULL,0.0118
12,0.0,FULL,0.0118
12,0.0,FULL,0.0119
12,0.0,FULL,0.0118
12,0.0,FULL,0.0119
12,0.0,FULL,0.0118
12,0.0,FULL,0.0118
12,0.0,FULL,0.0118
12,0.0,FULL,0.0118
12,0.0,FULL,0.0117
12,0.0,FULL,0.0119
12,0.0,FULL,0.0117
12,0.0,FULL,0.0118
12,0.0,FULL,0.0117
12,0.0,FULL,0.0151
12,0.0,FULL,0.0117
12,0.0,FULL,0.0119
12,0.0,FULL,0.0118
12,0.0,FULL,0.0118
12,0.0,FULL,0.0115
12,0.0,FULL,0.0117
12,0.0,FULL,0.0118
12,0.0,FULL,0.012
12,0.0,FULL,0.0117
12,0.0,FULL,0.0117
12,0.0,FULL,0.0117
12,0.0,FULL,0.0118
12,0.0,FULL,0.0119
12,0.0,FULL,0.0117
12,0.0,FULL,0.0116
12,0.0,FULL,0.0117
12,0.0,FULL,0.0119
12,0.0,FULL,0.0118
12,0.0,FULL,0.0117
12,0.0,FULL,0.0117
12,0.0,FULL,0.0116
12,0.0,FULL,0.0118
12,0.0,FULL,0.0118
12,0.0,FULL,0.0118
12,0.0,FULL,0.0117
12,0.0,FULL,0.0118
12,0.0,FULL,0.0118
12,0.0,FULL,0.0118
12,0.0,FULL,0.0118
12,0.0,FULL,0.0119
12,0.0,FULL,0.0118
12,0.0,FULL,0.0118
12,0.0,FULL,0.0117
12,0.0,FULL,0.0118
12,0.0,FULL,0.0115
12,0.0,FULL,0.0118
12,0.0,FULL,0.0117
12,0.0,FULL,0.0117
12,0.0,FULL,0.0118
12,0.0,FULL,0.0119
12,0.0,FULL,0.0118
12,0.0,FULL,0.0117
12,0.0,FULL,0.0116
12,0.0,FULL,0.0117
12,0.0,FULL,0.0117
12,0.0,FULL,0.0117
12,0.0,FULL,0.0116
12,0.0,FULL,0.0116
12,0.0,FULL,0.0116
12,0.0,FULL,0.0116
12,0.0,FULL,0.0116
12,0.0,FULL,0.0118
12,0.0,FULL,0.0117
12,0.0,FULL,0.0118
12,0.0,FULL,0.0116
12,0.0,FULL,0.0118
12,0.0,FULL,0.1064
12,0.0,FULL,0.0155
12,0.0,FULL,0.0127
12,0.0,FULL,0.0122
12,0.0,FULL,0.0119
12,0.0,FULL,0.0118
12,0.0,FULL,0.0115
12,0.0,FULL,0.0117
12,0.0,FULL,0.0115
12,0.0,FULL,0.0115
12,0.0,FULL,0.0115
12,0.0,FULL,0.0115
12,0.0,FULL,0.0115
12,0.0,FULL,0.0116
12,0.0,FULL,0.0116
12,0.0,FULL,0.0117
12,0.0,FULL,0.0114
12,0.0,FULL,0.0115
12,0.0,FULL,0.0115
12,0.0,FULL,0.0115
12,0.0,FULL,0.0113
12,0.0,FULL,0.0115
12,0.0,FULL,0.0114
12,0.0,FULL,0.0114
12,0.0,FULL,0.0114
12,0.0,FULL,0.0115
12,0.0,FULL,0.0115
12,0.0,FULL,0.0114
12,0.0,FULL,0.0115
12,0.0,FULL,0.0114
12,0.0,FULL,0.0114
12,0.0,FULL,0.0114
12,0.0,FULL,0.0114
12,0.0,FULL,0.0115
12,0.0,FULL,0.0113
12,0.0,FULL,0.0116
12,0.0,FULL,0.0115
12,0.0,FULL,0.0116
12,0.0,FULL,0.0114
12,0.0,FULL,0.0115
12,0.0,FULL,0.0115
12,0.0,FULL,0.0115
12,0.0,AFFECTED,0.0117
12,0.0,AFFECTED,0.0116
12,0.0,AFFECTED,0.0115
12,0.0,AFFECTED,0.0116
12,0.0,AFFECTED,0.0115
12,0.0,AFFECTED,0.0115
12,0.0,AFFECTED,0.0113
12,0.0,AFFECTED,0.0115
12,0.0,AFFECTED,0.0116
12,0.0,AFFECTED,0.0116
12,0.0,AFFECTED,0.0115
12,0.0,AFFECTED,0.0116
12,0.0,AFFECTED,0.0115
12,0.0,AFFECTED,0.0115
12,0.0,AFFECTED,0.0116
12,0.0,AFFECTED,0.0114
12,0.0,AFFECTED,0.0117
12,0.0,AFFECTED,0.0117
12,0.0,AFFECTED,0.0115
12,0.0,AFFECTED,0.0116
12,0.0,AFFECTED,0.0113
12,0.0,AFFECTED,0.0115
12,0.0,AFFECTED,0.0114
12,0.0,AFFECTED,0.0116
12,0.0,AFFECTED,0.0115
12,0.0,AFFECTED,0.0116
12,0.0,AFFECTED,0.0115
12,0.0,AFFECTED,0.0115
12,0.0,AFFECTED,0.0115
12,0.0,AFFECTED,0.0115
12,0.0,AFFECTED,0.0116
12,0.0,AFFECTED,0.0116
12,0.0,AFFECTED,0.0116
12,0.0,AFFECTED,0.0115
12,0.0,AFFECTED,0.0116
12,0.0,AFFECTED,0.0114
12,0.0,AFFECTED,0.0116
12,0.0,AFFECTED,0.0116
12,0.0,AFFECTED,0.0116
12,0.0,AFFECTED,0.0114
12,0.0,AFFECTED,0.0116
12,0.0,AFFECTED,0.0116
12,0.0,AFFECTED,0.0114
12,0.0,AFFECTED,0.0115
12,0.0,AFFECTED,0.0115
12,0.0,AFFECTED,0.0114
12,0.0,AFFECTED,0.0116
12,0.0,AFFECTED,0.0114
12,0.0,AFFECTED,0.0115
12,0.0,AFFECTED,0.0114
12,0.0,AFFECTED,0.0115
12,0.0,AFFECTED,0.0114
12,0.0,AFFECTED,0.0116
12,0.0,AFFECTED,0.0115
12,0.0,AFFECTED,0.0114
12,0.0,AFFECTED,0.0115
12,0.0,AFFECTED,0.0114
12,0.0,AFFECTED,0.0114
12,0.0,AFFECTED,0.0113
12,0.0,AFFECTED,0.0114
12,0.0,AFFECTED,0.0115
12,0.0,AFFECTED,0.0115
12,0.0,AFFECTED,0.0115
12,0.0,AFFECTED,0.0113
12,0.0,AFFECTED,0.0115
12,0.0,AFFECTED,0.0116
12,0.0,AFFECTED,0.0114
12,0.0,AFFECTED,0.0115
12,0.0,AFFECTED,0.0115
12,0.0,AFFECTED,0.0114
12,0.0,AFFECTED,0.0115
12,0.0,AFFECTED,0.0115
12,0.0,AFFECTED,0.0115
12,0.0,AFFECTED,0.0113
12,0.0,AFFECTED,0.0114
12,0.0,AFFECTED,0.0115
12,0.0,AFFECTED,0.0114
12,0.0,AFFECTED,0.0116
12,0.0,AFFECTED,0.0113
12,0.0,AFFECTED,0.0115
12,0.0,AFFECTED,0.0115
12,0.0,AFFECTED,0.0113
12,0.0,AFFECTED,0.0113
12,0.0,AFFECTED,0.0115
12,0.0,AFFECTED,0.0114
12,0.0,AFFECTED,0.0113
12,0.0,AFFECTED,0.0114
12,0.0,AFFECTED,0.0115
12,0.0,AFFECTED,0.0114
12,0.0,AFFECTED,0.0114
12,0.0,AFFECTED,0.0113
12,0.0,AFFECTED,0.0113
12,0.0,AFFECTED,0.0113
12,0.0,AFFECTED,0.0114
12,0.0,AFFECTED,0.0113
12,0.0,AFFECTED,0.0113
12,0.0,AFFECTED,0.0115
12,0.0,AFFECTED,0.0113
12,0.0,AFFECTED,0.0114
12,0.0,AFFECTED,0.0114
12,0.0,AFFECTED,0.0114
12,0.0,AFFECTED,0.0113
12,0.0,AFFECTED,0.0113
12,0.0,AFFECTED,0.0113
12,0.0,AFFECTED,0.0111
12,0.0,AFFECTED,0.0113
12,0.0,AFFECTED,0.0114
12,0.0,AFFECTED,0.0113
12,0.0,AFFECTED,0.0112
12,0.0,AFFECTED,0.0114
12,0.0,AFFECTED,0.0113
12,0.0,AFFECTED,0.0114
12,0.0,AFFECTED,0.0114
12,0.0,AFFECTED,0.0115
12,0.0,AFFECTED,0.0113
12,0.0,AFFECTED,0.0113
12,0.0,AFFECTED,0.0112
12,0.0,AFFECTED,0.0114
12,0.0,AFFECTED,0.0113
12,0.0,AFFECTED,0.0112
12,0.0,AFFECTED,0.0113
12,0.0,AFFECTED,0.0114
12,0.0,AFFECTED,0.0114
12,0.0,AFFECTED,0.0114
12,0.0,AFFECTED,0.0115
12,0.0,AFFECTED,0.0112
12,0.0,AFFECTED,0.0114
12,0.0,AFFECTED,0.0114
12,0.0,AFFECTED,0.0112
12,0.0,AFFECTED,0.0114
12,0.0,AFFECTED,0.0114
12,0.0,AFFECTED,0.0113
12,0.0,AFFECTED,0.0114
12,0.0,AFFECTED,0.0113
12,0.0,AFFECTED,0.0113
12,0.0,AFFECTED,0.0113
12,0.0,AFFECTED,0.0111
12,0.0,AFFECTED,0.0113
12,0.0,AFFECTED,0.0114
12,0.0,AFFECTED,0.0114
12,0.0,AFFECTED,0.0112
12,0.0,AFFECTED,0.0113
12,0.0,AFFECTED,0.0113
12,0.0,AFFECTED,0.0114
12,0.0,AFFECTED,0.0112
12,0.0,AFFECTED,0.0114
12,0.0,AFFECTED,0.0114
12,0.0,AFFECTED,0.0113
12,0.0,AFFECTED,0.0114
12,0.0,AFFECTED,0.0114
12,0.0,AFFECTED,0.0114
12,0.0,AFFECTED,0.0114
12,0.0,AFFECTED,0.0113
12,0.0,AFFECTED,0.0113
12,0.0,AFFECTED,0.0114
12,0.0,AFFECTED,0.0112
12,0.0,AFFECTED,0.0113
12,0.0,AFFECTED,0.0114
12,0.0,AFFECTED,0.0113
12,0.0,AFFECTED,0.0113
12,0.0,AFFECTED,0.0113
12,0.0,AFFECTED,0.0112
12,0.0,AFFECTED,0.0112
12,0.0,AFFECTED,0.0112
12,0.0,AFFECTED,0.0113
12,0.0,AFFECTED,0.0113
12,0.0,AFFECTED,0.0113
12,0.0,AFFECTED,0.0112
12,0.0,AFFECTED,0.0112
12,0.0,AFFECTED,0.011
12,0.0,AFFECTED,0.0113
12,0.0,AFFECTED,0.0114
12,0.0,AFFECTED,0.0113
12,0.0,AFFECTED,0.0112
12,0.0,AFFECTED,0.0114
12,0.0,AFFECTED,0.0113
12,0.0,AFFECTED,0.0112
12,0.0,AFFECTED,0.0113
12,0.0,AFFECTED,0.0112
12,0.0,AFFECTED,0.0113
12,0.0,AFFECTED,0.0115
12,0.0,AFFECTED,0.0114
12,0.0,AFFECTED,0.0112
12,0.0,AFFECTED,0.0113
12,0.0,AFFECTED,0.0113
12,0.0,AFFECTED,0.0112
12,0.0,AFFECTED,0.0112
12,0.0,AFFECTED,0.0112
12,0.0,AFFECTED,0.0113
12,0.0,AFFECTED,0.0112
12,0.0,AFFECTED,0.0115
12,0.0,AFFECTED,0.0114
12,0.0,AFFECTED,0.0113
12,0.0,AFFECTED,0.0113
12,0.0,AFFECTED,0.0115
12,0.0,AFFECTED,0.0119
12,0.0,AFFECTED,0.0113
12,0.0,AFFECTED,0.0113
12,0.0,AFFECTED,0.0113
12,0.0,AFFECTED,0.0114
12,0.0,RESIDUAL,0.012
12,0.0,RESIDUAL,0.0118
12,0.0,RESIDUAL,0.0119
12,0.0,RESIDUAL,0.0118
12,0.0,RESIDUAL,0.0118
12,0.0,RESIDUAL,0.0117
12,0.0,RESIDUAL,0.0117
12,0.0,RESIDUAL,0.0118
12,0.0,RESIDUAL,0.0118
12,0.0,RESIDUAL,0.0118
12,0.0,RESIDUAL,0.0117
12,0.0,RESIDUAL,0.012
12,0.0,RESIDUAL,0.012
12,0.0,RESIDUAL,0.0118
12,0.0,RESIDUAL,0.0118
12,0.0,RESIDUAL,0.0119
12,0.0,RESIDUAL,0.0118
12,0.0,RESIDUAL,0.0118
12,0.0,RESIDUAL,0.0117
12,0.0,RESIDUAL,0.0119
12,0.0,RESIDUAL,0.0117
12,0.0,RESIDUAL,0.0119
12,0.0,RESIDUAL,0.0118
12,0.0,RESIDUAL,0.0119
12,0.0,RESIDUAL,0.0118
12,0.0,RESIDUAL,0.0119
12,0.0,RESIDUAL,0.0118
12,0.0,RESIDUAL,0.012
12,0.0,RESIDUAL,0.0119
12,0.0,RESIDUAL,0.0122
12,0.0,RESIDUAL,0.012
12,0.0,RESIDUAL,0.0122
12,0.0,RESIDUAL,0.0118
12,0.0,RESIDUAL,0.0121
12,0.0,RESIDUAL,0.012
12,0.0,RESIDUAL,0.0119
12,0.0,RESIDUAL,0.0118
12,0.0,RESIDUAL,0.0121
12,0.0,RESIDUAL,0.012
12,0.0,RESIDUAL,0.0121
12,0.0,RESIDUAL,0.0118
12,0.0,RESIDUAL,0.0121
12,0.0,RESIDUAL,0.0121
12,0.0,RESIDUAL,0.0121
12,0.0,RESIDUAL,0.0118
12,0.0,RESIDUAL,0.012
12,0.0,RESIDUAL,0.012
12,0.0,RESIDUAL,0.0119
12,0.0,RESIDUAL,0.012
12,0.0,RESIDUAL,0.0122
12,0.0,RESIDUAL,0.012
12,0.0,RESIDUAL,0.0122
12,0.0,RESIDUAL,0.0119
12,0.0,RESIDUAL,0.0121
12,0.0,RESIDUAL,0.012
12,0.0,RESIDUAL,0.012
12,0.0,RESIDUAL,0.0119
12,0.0,RESIDUAL,0.0119
12,0.0,RESIDUAL,0.0158
12,0.0,RESIDUAL,0.012
12,0.0,RESIDUAL,0.0119
12,0.0,RESIDUAL,0.0119
12,0.0,RESIDUAL,0.0119
12,0.0,RESIDUAL,0.012
12,0.0,RESIDUAL,0.0121
12,0.0,RESIDUAL,0.012
12,0.0,RESIDUAL,0.0124
12,0.0,RESIDUAL,0.0122
12,0.0,RESIDUAL,0.0122
12,0.0,RESIDUAL,0.0123
12,0.0,RESIDUAL,0.0123
12,0.0,RESIDUAL,0.0121
12,0.0,RESIDUAL,0.012
12,0.0,RESIDUAL,0.0123
12,0.0,RESIDUAL,0.0122
12,0.0,RESIDUAL,0.0123
12,0.0,RESIDUAL,0.0122
12,0.0,RESIDUAL,0.0123
12,0.0,RESIDUAL,0.0123
12,0.0,RESIDUAL,0.0122
12,0.0,RESIDUAL,0.0124
12,0.0,RESIDUAL,0.0124
12,0.0,RESIDUAL,0.0121
12,0.0,RESIDUAL,0.0124
12,0.0,RESIDUAL,0.0122
12,0.0,RESIDUAL,0.0122
12,0.0,RESIDUAL,0.0122
12,0.0,RESIDUAL,0.0121
12,0.0,RESIDUAL,0.0122
12,0.0,RESIDUAL,0.0122
12,0.0,RESIDUAL,0.0123
12,0.0,RESIDUAL,0.0121
12,0.0,RESIDUAL,0.0122
12,0.0,RESIDUAL,0.0124
12,0.0,RESIDUAL,0.0121
12,0.0,RESIDUAL,0.0124
12,0.0,RESIDUAL,0.0122
12,0.0,RESIDUAL,0.0121
12,0.0,RESIDUAL,0.0122
12,0.0,RESIDUAL,0.012
12,0.0,RESIDUAL,0.0121
12,0.0,RESIDUAL,0.0121
12,0.0,RESIDUAL,0.0122
12,0.0,RESIDUAL,0.0125
12,0.0,RESIDUAL,0.0123
12,0.0,RESIDUAL,0.0124
12,0.0,RESIDUAL,0.0123
12,0.0,RESIDUAL,0.0123
12,0.0,RESIDUAL,0.0124
12,0.0,RESIDUAL,0.0124
12,0.0,RESIDUAL,0.0124
12,0.0,RESIDUAL,0.0124
12,0.0,RESIDUAL,0.0123
12,0.0,RESIDUAL,0.0123
12,0.0,RESIDUAL,0.0124
12,0.0,RESIDUAL,0.0125
12,0.0,RESIDUAL,0.0123
12,0.0,RESIDUAL,0.0125
12,0.0,RESIDUAL,0.0122
12,0.0,RESIDUAL,0.0123
12,0.0,RESIDUAL,0.0121
12,0.0,RESIDUAL,0.0124
12,0.0,RESIDUAL,0.0123
12,0.0,RESIDUAL,0.0124
12,0.0,RESIDUAL,0.0122
12,0.0,RESIDUAL,0.0125
12,0.0,RESIDUAL,0.0123
12,0.0,RESIDUAL,0.0122
12,0.0,RESIDUAL,0.0121
12,0.0,RESIDUAL,0.0124
12,0.0,RESIDUAL,0.0124
12,0.0,RESIDUAL,0.0124
12,0.0,RESIDUAL,0.0122
12,0.0,RESIDUAL,0.0125
12,0.0,RESIDUAL,0.0122
12,0.0,RESIDUAL,0.0123
12,0.0,RESIDUAL,0.0125
12,0.0,RESIDUAL,0.0124
12,0.0,RESIDUAL,0.0126
12,0.0,RESIDUAL,0.0124
12,0.0,RESIDUAL,0.0123
12,0.0,RESIDUAL,0.0124
12,0.0,RESIDUAL,0.0123
12,0.0,RESIDUAL,0.0125
12,0.0,RESIDUAL,0.0151
12,0.0,RESIDUAL,0.0125
12,0.0,RESIDUAL,0.0121
12,0.0,RESIDUAL,0.0124
12,0.0,RESIDUAL,0.0122
12,0.0,RESIDUAL,0.0123
12,0.0,RESIDUAL,0.0122
12,0.0,RESIDUAL,0.0124
12,0.0,RESIDUAL,0.0123
12,0.0,RESIDUAL,0.0123
12,0.0,RESIDUAL,0.0125
12,0.0,RESIDUAL,0.0124
12,0.0,RESIDUAL,0.0121
12,0.0,RESIDUAL,0.0124
12,0.0,RESIDUAL,0.0123
12,0.0,RESIDUAL,0.0123
12,0.0,RESIDUAL,0.0122
12,0.0,RESIDUAL,0.0125
12,0.0,RESIDUAL,0.0124
12,0.0,RESIDUAL,0.0122
12,0.0,RESIDUAL,0.0124
12,0.0,RESIDUAL,0.0125
12,0.0,RESIDUAL,0.0124
12,0.0,RESIDUAL,0.0124
12,0.0,RESIDUAL,0.0124
12,0.0,RESIDUAL,0.0123
12,0.0,RESIDUAL,0.0124
12,0.0,RESIDUAL,0.0123
12,0.0,RESIDUAL,0.0123
12,0.0,RESIDUAL,0.0126
12,0.0,RESIDUAL,0.0123
12,0.0,RESIDUAL,0.0123
12,0.0,RESIDUAL,0.0123
12,0.0,RESIDUAL,0.0124
12,0.0,RESIDUAL,0.0121
12,0.0,RESIDUAL,0.0123
12,0.0,RESIDUAL,0.0123
12,0.0,RESIDUAL,0.0124
12,0.0,RESIDUAL,0.0125
12,0.0,RESIDUAL,0.0122
12,0.0,RESIDUAL,0.0122
12,0.0,RESIDUAL,0.0121
12,0.0,RESIDUAL,0.0121
12,0.0,RESIDUAL,0.0124
12,0.0,RESIDUAL,0.0122
12,0.0,RESIDUAL,0.0124
12,0.0,RESIDUAL,0.0121
12,0.0,RESIDUAL,0.0123
12,0.0,RESIDUAL,0.0123
12,0.0,RESIDUAL,0.0124
12,0.0,RESIDUAL,0.0123
12,0.0,RESIDUAL,0.0123
12,0.0,RESIDUAL,0.0122
12,0.0,RESIDUAL,0.0124
12,0.0,RESIDUAL,0.0123
12,0.0,RESIDUAL,0.0124
12,0.0,CWR,0.0174
12,0.0,CWR,0.0178
12,0.0,CWR,0.0176
12,0.0,CWR,0.0178
12,0.0,CWR,0.0174
12,0.0,CWR,0.0177
12,0.0,CWR,0.0175
12,0.0,CWR,0.0178
12,0.0,CWR,0.0173
12,0.0,CWR,0.0178
12,0.0,CWR,0.0175
12,0.0,CWR,0.0178
12,0.0,CWR,0.0173
12,0.0,CWR,0.0175
12,0.0,CWR,0.0175
12,0.0,CWR,0.0173
12,0.0,CWR,0.0171
12,0.0,CWR,0.0175
12,0.0,CWR,0.0173
12,0.0,CWR,0.0175
12,0.0,CWR,0.0173
12,0.0,CWR,0.0174
12,0.0,CWR,0.0175
12,0.0,CWR,0.0175
12,0.0,CWR,0.0171
12,0.0,CWR,0.0173
12,0.0,CWR,0.0171
12,0.0,CWR,0.0174
12,0.0,CWR,0.0172
12,0.0,CWR,0.0176
12,0.0,CWR,0.0172
12,0.0,CWR,0.0176
12,0.0,CWR,0.0176
12,0.0,CWR,0.0177
12,0.0,CWR,0.0171
12,0.0,CWR,0.0175
12,0.0,CWR,0.0174
12,0.0,CWR,0.0174
12,0.0,CWR,0.0174
12,0.0,CWR,0.0174
12,0.0,CWR,0.0172
12,0.0,CWR,0.0175
12,0.0,CWR,0.0172
12,0.0,CWR,0.0173
12,0.0,CWR,0.017
12,0.0,CWR,0.0178
12,0.0,CWR,0.0173
12,0.0,CWR,0.0173
12,0.0,CWR,0.0172
12,0.0,CWR,0.0173
12,0.0,CWR,0.0198
12,0.0,CWR,0.0175
12,0.0,CWR,0.0171
12,0.0,CWR,0.0175
12,0.0,CWR,0.0172
12,0.0,CWR,0.0175
12,0.0,CWR,0.0172
12,0.0,CWR,0.0172
12,0.0,CWR,0.0173
12,0.0,CWR,0.0173
12,0.0,CWR,0.0172
12,0.0,CWR,0.0175
12,0.0,CWR,0.0173
12,0.0,CWR,0.0174
12,0.0,CWR,0.017
12,0.0,CWR,0.0172
12,0.0,CWR,0.017
12,0.0,CWR,0.0174
12,0.0,CWR,0.0173
12,0.0,CWR,0.0174
12,0.0,CWR,0.0174
12,0.0,CWR,0.0176
12,0.0,CWR,0.0172
12,0.0,CWR,0.0174
12,0.0,CWR,0.0173
12,0.0,CWR,0.0176
12,0.0,CWR,0.0173
12,0.0,CWR,0.0174
12,0.0,CWR,0.0171
12,0.0,CWR,0.0174
12,0.0,CWR,0.017
12,0.0,CWR,0.0175
12,0.0,CWR,0.0171
12,0.0,CWR,0.0173
12,0.0,CWR,0.0172
12,0.0,CWR,0.0176
12,0.0,CWR,0.0169
12,0.0,CWR,0.0172
12,0.0,CWR,0.0172
12,0.0,CWR,0.0173
12,0.0,CWR,0.017
12,0.0,CWR,0.0172
12,0.0,CWR,0.0171
12,0.0,CWR,0.0174
12,0.0,CWR,0.0172
12,0.0,CWR,0.0174
12,0.0,CWR,0.0169
12,0.0,CWR,0.0173
12,0.0,CWR,0.017
12,0.0,CWR,0.0172
12,0.0,CWR,0.0171
12,0.0,CWR,0.0175
12,0.0,CWR,0.0171
12,0.0,CWR,0.0173
12,0.0,CWR,0.0171
12,0.0,CWR,0.0173
12,0.0,CWR,0.017
12,0.0,CWR,0.0174
12,0.0,CWR,0.0169
12,0.0,CWR,0.0174
12,0.0,CWR,0.0171
12,0.0,CWR,0.0174
12,0.0,CWR,0.017
12,0.0,CWR,0.0173
12,0.0,CWR,0.017
12,0.0,CWR,0.0171
12,0.0,CWR,0.0169
12,0.0,CWR,0.0172
12,0.0,CWR,0.0169
12,0.0,CWR,0.0173
12,0.0,CWR,0.0172
12,0.0,CWR,0.0173
12,0.0,CWR,0.017
12,0.0,CWR,0.0172
12,0.0,CWR,0.0169
12,0.0,CWR,0.0174
12,0.0,CWR,0.0169
12,0.0,CWR,0.0171
12,0.0,CWR,0.017
12,0.0,CWR,0.0172
12,0.0,CWR,0.0172
12,0.0,CWR,0.0173
12,0.0,CWR,0.0171
12,0.0,CWR,0.0263
12,0.0,CWR,0.0283
12,0.0,CWR,0.0204
12,0.0,CWR,0.0174
12,0.0,CWR,0.0174
12,0.0,CWR,0.0171
12,0.0,CWR,0.0172
12,0.0,CWR,0.0171
12,0.0,CWR,0.0173
12,0.0,CWR,0.017
12,0.0,CWR,0.0172
12,0.0,CWR,0.0169
12,0.0,CWR,0.0173
12,0.0,CWR,0.0168
12,0.0,CWR,0.0173
12,0.0,CWR,0.0168
12,0.0,CWR,0.0172
12,0.0,CWR,0.0171
12,0.0,CWR,0.0172
12,0.0,CWR,0.017
12,0.0,CWR,0.0174
12,0.0,CWR,0.017
12,0.0,CWR,0.0172
12,0.0,CWR,0.017
12,0.0,CWR,0.0172
12,0.0,CWR,0.0169
12,0.0,CWR,0.0173
12,0.0,CWR,0.0168
12,0.0,CWR,0.0171
12,0.0,CWR,0.0168
12,0.0,CWR,0.0173
12,0.0,CWR,0.0169
12,0.0,CWR,0.0173
12,0.0,CWR,0.017
12,0.0,CWR,0.0172
12,0.0,CWR,0.0167
12,0.0,CWR,0.0173
12,0.0,CWR,0.017
12,0.0,CWR,0.0172
12,0.0,CWR,0.0169
12,0.0,CWR,0.0171
12,0.0,CWR,0.017
12,0.0,CWR,0.0173
12,0.0,CWR,0.0169
12,0.0,CWR,0.0171
12,0.0,CWR,0.0171
12,0.0,CWR,0.0171
12,0.0,CWR,0.0171
12,0.0,CWR,0.0171
12,0.0,CWR,0.0171
12,0.0,CWR,0.0172
12,0.0,CWR,0.0168
12,0.0,CWR,0.0173
12,0.0,CWR,0.0169
12,0.0,CWR,0.017
12,0.0,CWR,0.0169
12,0.0,CWR,0.0172
12,0.0,CWR,0.0169
12,0.0,CWR,0.0171
12,0.0,CWR,0.0223
12,0.0,CWR,0.017
12,0.0,CWR,0.0168
12,0.0,CWR,0.0171
12,0.0,CWR,0.0167
12,0.0,CWR,0.017
12,0.0,CWR,0.0169
12,0.0,CWR,0.017
12,0.5,FULL,0.0115
12,0.5,FULL,0.0116
12,0.5,FULL,0.0115
12,0.5,FULL,0.0116
12,0.5,FULL,0.0114
12,0.5,FULL,0.0115
12,0.5,FULL,0.0114
12,0.5,FULL,0.0115
12,0.5,FULL,0.0114
12,0.5,FULL,0.0116
12,0.5,FULL,0.0113
12,0.5,FULL,0.0115
12,0.5,FULL,0.0114
12,0.5,FULL,0.0115
12,0.5,FULL,0.0115
12,0.5,FULL,0.0113
12,0.5,FULL,0.0113
12,0.5,FULL,0.0114
12,0.5,FULL,0.0114
12,0.5,FULL,0.0114
12,0.5,FULL,0.0115
12,0.5,FULL,0.0114
12,0.5,FULL,0.0114
12,0.5,FULL,0.0115
12,0.5,FULL,0.0115
12,0.5,FULL,0.0116
12,0.5,FULL,0.0114
12,0.5,FULL,0.0115
12,0.5,FULL,0.0113
12,0.5,FULL,0.0114
12,0.5,FULL,0.0114
12,0.5,FULL,0.0114
12,0.5,FULL,0.0115
12,0.5,FULL,0.0114
12,0.5,FULL,0.0114
12,0.5,FULL,0.0115
12,0.5,FULL,0.0147
12,0.5,FULL,0.0115
12,0.5,FULL,0.0115
12,0.5,FULL,0.0115
12,0.5,FULL,0.0114
12,0.5,FULL,0.0118
12,0.5,FULL,0.0117
12,0.5,FULL,0.0117
12,0.5,FULL,0.0114
12,0.5,FULL,0.0115
12,0.5,FULL,0.0115
12,0.5,FULL,0.0116
12,0.5,FULL,0.0113
12,0.5,FULL,0.0115
12,0.5,FULL,0.0115
12,0.5,FULL,0.0113
12,0.5,FULL,0.0113
12,0.5,FULL,0.0116
12,0.5,FULL,0.0114
12,0.5,FULL,0.0114
12,0.5,FULL,0.0117
12,0.5,FULL,0.0116
12,0.5,FULL,0.012
12,0.5,FULL,0.0116
12,0.5,FULL,0.0115
12,0.5,FULL,0.0114
12,0.5,FULL,0.0115
12,0.5,FULL,0.0115
12,0.5,FULL,0.0115
12,0.5,FULL,0.0115
12,0.5,FULL,0.0115
12,0.5,FULL,0.0116
12,0.5,FULL,0.0114
12,0.5,FULL,0.0116
12,0.5,FULL,0.0115
12,0.5,FULL,0.0114
12,0.5,FULL,0.0114
12,0.5,FULL,0.0115
12,0.5,FULL,0.0116
12,0.5,FULL,0.0114
12,0.5,FULL,0.0115
12,0.5,FULL,0.0115
12,0.5,FULL,0.0114
12,0.5,FULL,0.0115
12,0.5,FULL,0.0113
12,0.5,FULL,0.0115
12,0.5,FULL,0.0115
12,0.5,FULL,0.0411
12,0.5,FULL,0.0116
12,0.5,FULL,0.0117
12,0.5,FULL,0.0114
12,0.5,FULL,0.0116
12,0.5,FULL,0.0116
12,0.5,FULL,0.0116
12,0.5,FULL,0.0117
12,0.5,FULL,0.0119
12,0.5,FULL,0.0118
12,0.5,FULL,0.0118
12,0.5,FULL,0.0116
12,0.5,FULL,0.0118
12,0.5,FULL,0.0116
12,0.5,FULL,0.0118
12,0.5,FULL,0.0118
12,0.5,FULL,0.0119
12,0.5,FULL,0.0117
12,0.5,FULL,0.0119
12,0.5,FULL,0.0117
12,0.5,FULL,0.0117
12,0.5,FULL,0.0116
12,0.5,FULL,0.0119
12,0.5,FULL,0.0119
12,0.5,FULL,0.0117
12,0.5,FULL,0.0115
12,0.5,FULL,0.012
12,0.5,FULL,0.0117
12,0.5,FULL,0.0117
12,0.5,FULL,0.0118
12,0.5,FULL,0.012
12,0.5,FULL,0.0117
12,0.5,FULL,0.0119
12,0.5,FULL,0.0118
12,0.5,FULL,0.0117
12,0.5,FULL,0.0117
12,0.5,FULL,0.0118
12,0.5,FULL,0.0118
12,0.5,FULL,0.0117
12,0.5,FULL,0.0116
12,0.5,FULL,0.0119
12,0.5,FULL,0.0118
12,0.5,FULL,0.0118
12,0.5,FULL,0.0121
12,0.5,FULL,0.0121
12,0.5,FULL,0.0119
12,0.5,FULL,0.0121
12,0.5,FULL,0.012
12,0.5,FULL,0.0121
12,0.5,FULL,0.012
12,0.5,FULL,0.012
12,0.5,FULL,0.0118
12,0.5,FULL,0.012
12,0.5,FULL,0.0119
12,0.5,FULL,0.012
12,0.5,FULL,0.0119
12,0.5,FULL,0.012
12,0.5,FULL,0.0118
12,0.5,FULL,0.0121
12,0.5,FULL,0.0119
12,0.5,FULL,0.0121
12,0.5,FULL,0.012
12,0.5,FULL,0.012
12,0.5,FULL,0.0119
12,0.5,FULL,0.012
12,0.5,FULL,0.0118
12,0.5,FULL,0.0119
12,0.5,FULL,0.0119
12,0.5,FULL,0.0121
12,0.5,FULL,0.0119
12,0.5,FULL,0.012
12,0.5,FULL,0.0119
12,0.5,FULL,0.0121
12,0.5,FULL,0.012
12,0.5,FULL,0.0121
12,0.5,FULL,0.0121
12,0.5,FULL,0.0121
12,0.5,FULL,0.012
12,0.5,FULL,0.012
12,0.5,FULL,0.012
12,0.5,FULL,0.0122
12,0.5,FULL,0.0119
12,0.5,FULL,0.012
12,0.5,FULL,0.0118
12,0.5,FULL,0.012
12,0.5,FULL,0.0121
12,0.5,FULL,0.0119
12,0.5,FULL,0.0118
12,0.5,FULL,0.0121
12,0.5,FULL,0.0121
12,0.5,FULL,0.012
12,0.5,FULL,0.0121
12,0.5,FULL,0.0122
12,0.5,FULL,0.0119
12,0.5,FULL,0.012
12,0.5,FULL,0.0121
12,0.5,FULL,0.0122
12,0.5,FULL,0.0119
12,0.5,FULL,0.012
12,0.5,FULL,0.0118
12,0.5,FULL,0.012
12,0.5,FULL,0.012
12,0.5,FULL,0.0121
12,0.5,FULL,0.012
12,0.5,FULL,0.0121
12,0.5,FULL,0.0122
12,0.5,FULL,0.0123
12,0.5,FULL,0.0122
12,0.5,FULL,0.0121
12,0.5,FULL,0.012
12,0.5,FULL,0.0121
12,0.5,FULL,0.012
12,0.5,FULL,0.0122
12,0.5,FULL,0.0119
12,0.5,FULL,0.0121
12,0.5,FULL,0.012
12,0.5,FULL,0.0123
12,0.5,AFFECTED,0.0122
12,0.5,AFFECTED,0.0125
12,0.5,AFFECTED,0.0122
12,0.5,AFFECTED,0.0124
12,0.5,AFFECTED,0.0122
12,0.5,AFFECTED,0.0122
12,0.5,AFFECTED,0.0123
12,0.5,AFFECTED,0.0125
12,0.5,AFFECTED,0.0122
12,0.5,AFFECTED,0.0122
12,0.5,AFFECTED,0.0124
12,0.5,AFFECTED,0.0124
12,0.5,AFFECTED,0.0121
12,0.5,AFFECTED,0.0124
12,0.5,AFFECTED,0.0121
12,0.5,AFFECTED,0.0124
12,0.5,AFFECTED,0.0123
12,0.5,AFFECTED,0.0122
12,0.5,AFFECTED,0.0123
12,0.5,AFFECTED,0.0122
12,0.5,AFFECTED,0.0122
12,0.5,AFFECTED,0.0124
12,0.5,AFFECTED,0.0122
12,0.5,AFFECTED,0.0123
12,0.5,AFFECTED,0.0122
12,0.5,AFFECTED,0.0124
12,0.5,AFFECTED,0.0124
12,0.5,AFFECTED,0.0124
12,0.5,AFFECTED,0.0124
12,0.5,AFFECTED,0.0153
12,0.5,AFFECTED,0.0123
12,0.5,AFFECTED,0.0123
12,0.5,AFFECTED,0.0122
12,0.5,AFFECTED,0.0122
12,0.5,AFFECTED,0.0121
12,0.5,AFFECTED,0.0124
12,0.5,AFFECTED,0.0122
12,0.5,AFFECTED,0.0123
12,0.5,AFFECTED,0.0122
12,0.5,AFFECTED,0.0123
12,0.5,AFFECTED,0.0121
12,0.5,AFFECTED,0.0124
12,0.5,AFFECTED,0.0122
12,0.5,AFFECTED,0.0124
12,0.5,AFFECTED,0.0123
12,0.5,AFFECTED,0.0122
12,0.5,AFFECTED,0.0121
12,0.5,AFFECTED,0.0122
12,0.5,AFFECTED,0.0122
12,0.5,AFFECTED,0.0123
12,0.5,AFFECTED,0.0122
12,0.5,AFFECTED,0.0123
12,0.5,AFFECTED,0.0121
12,0.5,AFFECTED,0.0122
12,0.5,AFFECTED,0.0121
12,0.5,AFFECTED,0.0121
12,0.5,AFFECTED,0.0121
12,0.5,AFFECTED,0.0121
12,0.5,AFFECTED,0.012
12,0.5,AFFECTED,0.0122
12,0.5,AFFECTED,0.012
12,0.5,AFFECTED,0.0121
12,0.5,AFFECTED,0.0122
12,0.5,AFFECTED,0.0123
12,0.5,AFFECTED,0.0123
12,0.5,AFFECTED,0.0122
12,0.5,AFFECTED,0.012
12,0.5,AFFECTED,0.0122
12,0.5,AFFECTED,0.0122
12,0.5,AFFECTED,0.0121
12,0.5,AFFECTED,0.0122
12,0.5,AFFECTED,0.0122
12,0.5,AFFECTED,0.0122
12,0.5,AFFECTED,0.0122
12,0.5,AFFECTED,0.0122
12,0.5,AFFECTED,0.0123
12,0.5,AFFECTED,0.0121
12,0.5,AFFECTED,0.0122
12,0.5,AFFECTED,0.0121
12,0.5,AFFECTED,0.0121
12,0.5,AFFECTED,0.0122
12,0.5,AFFECTED,0.0121
12,0.5,AFFECTED,0.012
12,0.5,AFFECTED,0.0123
12,0.5,AFFECTED,0.0121
12,0.5,AFFECTED,0.0122
12,0.5,AFFECTED,0.0121
12,0.5,AFFECTED,0.0123
12,0.5,AFFECTED,0.0119
12,0.5,AFFECTED,0.0122
12,0.5,AFFECTED,0.012
12,0.5,AFFECTED,0.0122
12,0.5,AFFECTED,0.0122
12,0.5,AFFECTED,0.0122
12,0.5,AFFECTED,0.0121
12,0.5,AFFECTED,0.0122
12,0.5,AFFECTED,0.0119
12,0.5,AFFECTED,0.0122
12,0.5,AFFECTED,0.012
12,0.5,AFFECTED,0.012
12,0.5,AFFECTED,0.0119
12,0.5,AFFECTED,0.012
12,0.5,AFFECTED,0.0121
12,0.5,AFFECTED,0.0121
12,0.5,AFFECTED,0.0347
12,0.5,AFFECTED,0.0122
12,0.5,AFFECTED,0.012
12,0.5,AFFECTED,0.0121
12,0.5,AFFECTED,0.012
12,0.5,AFFECTED,0.012
12,0.5,AFFECTED,0.0119
12,0.5,AFFECTED,0.0121
12,0.5,AFFECTED,0.0119
12,0.5,AFFECTED,0.012
12,0.5,AFFECTED,0.0119
12,0.5,AFFECTED,0.0122
12,0.5,AFFECTED,0.0119
12,0.5,AFFECTED,0.0122
12,0.5,AFFECTED,0.0119
12,0.5,AFFECTED,0.0122
12,0.5,AFFECTED,0.0118
12,0.5,AFFECTED,0.012
12,0.5,AFFECTED,0.012
12,0.5,AFFECTED,0.0121
12,0.5,AFFECTED,0.0119
12,0.5,AFFECTED,0.0119
12,0.5,AFFECTED,0.0121
12,0.5,AFFECTED,0.0121
12,0.5,AFFECTED,0.012
12,0.5,AFFECTED,0.012
12,0.5,AFFECTED,0.012
12,0.5,AFFECTED,0.0119
12,0.5,AFFECTED,0.0119
12,0.5,AFFECTED,0.0121
12,0.5,AFFECTED,0.0121
12,0.5,AFFECTED,0.012
12,0.5,AFFECTED,0.012
12,0.5,AFFECTED,0.0119
12,0.5,AFFECTED,0.0119
12,0.5,AFFECTED,0.0122
12,0.5,AFFECTED,0.0118
12,0.5,AFFECTED,0.0118
12,0.5,AFFECTED,0.012
12,0.5,AFFECTED,0.012
12,0.5,AFFECTED,0.012
12,0.5,AFFECTED,0.012
12,0.5,AFFECTED,0.0119
12,0.5,AFFECTED,0.0119
12,0.5,AFFECTED,0.0119
12,0.5,AFFECTED,0.012
12,0.5,AFFECTED,0.0119
12,0.5,AFFECTED,0.0121
12,0.5,AFFECTED,0.012
12,0.5,AFFECTED,0.012
12,0.5,AFFECTED,0.012
12,0.5,AFFECTED,0.0121
12,0.5,AFFECTED,0.012
12,0.5,AFFECTED,0.012
12,0.5,AFFECTED,0.0117
12,0.5,AFFECTED,0.0121
12,0.5,AFFECTED,0.012
12,0.5,AFFECTED,0.0119
12,0.5,AFFECTED,0.0118
12,0.5,AFFECTED,0.012
12,0.5,AFFECTED,0.0119
12,0.5,AFFECTED,0.0121
12,0.5,AFFECTED,0.0121
12,0.5,AFFECTED,0.0119
12,0.5,AFFECTED,0.0119
12,0.5,AFFECTED,0.0119
12,0.5,AFFECTED,0.0118
12,0.5,AFFECTED,0.0119
12,0.5,AFFECTED,0.0118
12,0.5,AFFECTED,0.0119
12,0.5,AFFECTED,0.0119
12,0.5,AFFECTED,0.012
12,0.5,AFFECTED,0.012
12,0.5,AFFECTED,0.012
12,0.5,AFFECTED,0.0119
12,0.5,AFFECTED,0.0121
12,0.5,AFFECTED,0.0118
12,0.5,AFFECTED,0.0119
12,0.5,AFFECTED,0.0119
12,0.5,AFFECTED,0.012
12,0.5,AFFECTED,0.0117
12,0.5,AFFECTED,0.0119
12,0.5,AFFECTED,0.0116
12,0.5,AFFECTED,0.0119
12,0.5,AFFECTED,0.012
12,0.5,AFFECTED,0.0119
12,0.5,AFFECTED,0.0118
12,0.5,AFFECTED,0.0118
12,0.5,AFFECTED,0.0117
12,0.5,AFFECTED,0.0119
12,0.5,AFFECTED,0.0118
12,0.5,AFFECTED,0.012
12,0.5,AFFECTED,0.0117
12,0.5,AFFECTED,0.0118
12,0.5,AFFECTED,0.0118
12,0.5,AFFECTED,0.0119
12,0.5,RESIDUAL,0.0105
12,0.5,RESIDUAL,0.0108
12,0.5,RESIDUAL,0.0105
12,0.5,RESIDUAL,0.0107
12,0.5,RESIDUAL,0.0106
12,0.5,RESIDUAL,0.0105
12,0.5,RESIDUAL,0.0103
12,0.5,RESIDUAL,0.0107
12,0.5,RESIDUAL,0.0105
12,0.5,RESIDUAL,0.0106
12,0.5,RESIDUAL,0.0104
12,0.5,RESIDUAL,0.0105
12,0.5,RESIDUAL,0.0104
12,0.5,RESIDUAL,0.0106
12,0.5,RESIDUAL,0.0105
12,0.5,RESIDUAL,0.0105
12,0.5,RESIDUAL,0.0103
12,0.5,RESIDUAL,0.0105
12,0.5,RESIDUAL,0.0103
12,0.5,RESIDUAL,0.0108
12,0.5,RESIDUAL,0.0103
12,0.5,RESIDUAL,0.0106
12,0.5,RESIDUAL,0.0105
12,0.5,RESIDUAL,0.0105
12,0.5,RESIDUAL,0.0105
12,0.5,RESIDUAL,0.0105
12,0.5,RESIDUAL,0.0105
12,0.5,RESIDUAL,0.0105
12,0.5,RESIDUAL,0.0105
12,0.5,RESIDUAL,0.0106
12,0.5,RESIDUAL,0.0104
12,0.5,RESIDUAL,0.0108
12,0.5,RESIDUAL,0.0105
12,0.5,RESIDUAL,0.0107
12,0.5,RESIDUAL,0.0103
12,0.5,RESIDUAL,0.0104
12,0.5,RESIDUAL,0.0105
12,0.5,RESIDUAL,0.0104
12,0.5,RESIDUAL,0.0105
12,0.5,RESIDUAL,0.0108
12,0.5,RESIDUAL,0.0105
12,0.5,RESIDUAL,0.0105
12,0.5,RESIDUAL,0.0104
12,0.5,RESIDUAL,0.0107
12,0.5,RESIDUAL,0.0106
12,0.5,RESIDUAL,0.0105
12,0.5,RESIDUAL,0.0105
12,0.5,RESIDUAL,0.0106
12,0.5,RESIDUAL,0.0103
12,0.5,RESIDUAL,0.0107
12,0.5,RESIDUAL,0.0106
12,0.5,RESIDUAL,0.0103
12,0.5,RESIDUAL,0.0105
12,0.5,RESIDUAL,0.0107
12,0.5,RESIDUAL,0.0103
12,0.5,RESIDUAL,0.0105
12,0.5,RESIDUAL,0.0104
12,0.5,RESIDUAL,0.0106
12,0.5,RESIDUAL,0.0102
12,0.5,RESIDUAL,0.0105
12,0.5,RESIDUAL,0.0103
12,0.5,RESIDUAL,0.0106
12,0.5,RESIDUAL,0.0103
12,0.5,RESIDUAL,0.0107
12,0.5,RESIDUAL,0.0104
12,0.5,RESIDUAL,0.0105
12,0.5,RESIDUAL,0.0104
12,0.5,RESIDUAL,0.0104
12,0.5,RESIDUAL,0.0104
12,0.5,RESIDUAL,0.0104
12,0.5,RESIDUAL,0.0103
12,0.5,RESIDUAL,0.0105
12,0.5,RESIDUAL,0.0103
12,0.5,RESIDUAL,0.0107
12,0.5,RESIDUAL,0.0104
12,0.5,RESIDUAL,0.0107
12,0.5,RESIDUAL,0.0104
12,0.5,RESIDUAL,0.0106
12,0.5,RESIDUAL,0.0101
12,0.5,RESIDUAL,0.0104
12,0.5,RESIDUAL,0.0104
12,0.5,RESIDUAL,0.0104
12,0.5,RESIDUAL,0.0103
12,0.5,RESIDUAL,0.0103
12,0.5,RESIDUAL,0.0102
12,0.5,RESIDUAL,0.0104
12,0.5,RESIDUAL,0.0103
12,0.5,RESIDUAL,0.0103
12,0.5,RESIDUAL,0.0103
12,0.5,RESIDUAL,0.0104
12,0.5,RESIDUAL,0.0103
12,0.5,RESIDUAL,0.0104
12,0.5,RESIDUAL,0.01
12,0.5,RESIDUAL,0.0106
12,0.5,RESIDUAL,0.0104
12,0.5,RESIDUAL,0.0104
12,0.5,RESIDUAL,0.0105
12,0.5,RESIDUAL,0.0105
12,0.5,RESIDUAL,0.0103
12,0.5,RESIDUAL,0.0103
12,0.5,RESIDUAL,0.0102
12,0.5,RESIDUAL,0.0105
12,0.5,RESIDUAL,0.0104
12,0.5,RESIDUAL,0.0105
12,0.5,RESIDUAL,0.0104
12,0.5,RESIDUAL,0.0103
12,0.5,RESIDUAL,0.0104
12,0.5,RESIDUAL,0.0104
12,0.5,RESIDUAL,0.0104
12,0.5,RESIDUAL,0.0106
12,0.5,RESIDUAL,0.0104
12,0.5,RESIDUAL,0.0105
12,0.5,RESIDUAL,0.0104
12,0.5,RESIDUAL,0.0105
12,0.5,RESIDUAL,0.0105
12,0.5,RESIDUAL,0.0103
12,0.5,RESIDUAL,0.0105
12,0.5,RESIDUAL,0.0104
12,0.5,RESIDUAL,0.0104
12,0.5,RESIDUAL,0.0103
12,0.5,RESIDUAL,0.01
12,0.5,RESIDUAL,0.0105
12,0.5,RESIDUAL,0.0104
12,0.5,RESIDUAL,0.0138
12,0.5,RESIDUAL,0.0104
12,0.5,RESIDUAL,0.0105
12,0.5,RESIDUAL,0.0104
12,0.5,RESIDUAL,0.0105
12,0.5,RESIDUAL,0.0103
12,0.5,RESIDUAL,0.0101
12,0.5,RESIDUAL,0.0101
12,0.5,RESIDUAL,0.0103
12,0.5,RESIDUAL,0.0103
12,0.5,RESIDUAL,0.0105
12,0.5,RESIDUAL,0.0103
12,0.5,RESIDUAL,0.0105
12,0.5,RESIDUAL,0.0103
12,0.5,RESIDUAL,0.0104
12,0.5,RESIDUAL,0.0102
12,0.5,RESIDUAL,0.0105
12,0.5,RESIDUAL,0.0101
12,0.5,RESIDUAL,0.0103
12,0.5,RESIDUAL,0.0103
12,0.5,RESIDUAL,0.0106
12,0.5,RESIDUAL,0.0103
12,0.5,RESIDUAL,0.0104
12,0.5,RESIDUAL,0.0104
12,0.5,RESIDUAL,0.0103
12,0.5,RESIDUAL,0.0104
12,0.5,RESIDUAL,0.0105
12,0.5,RESIDUAL,0.0102
12,0.5,RESIDUAL,0.0102
12,0.5,RESIDUAL,0.0101
12,0.5,RESIDUAL,0.0105
12,0.5,RESIDUAL,0.0103
12,0.5,RESIDUAL,0.0103
12,0.5,RESIDUAL,0.0102
12,0.5,RESIDUAL,0.0103
12,0.5,RESIDUAL,0.0103
12,0.5,RESIDUAL,0.0105
12,0.5,RESIDUAL,0.0103
12,0.5,RESIDUAL,0.0103
12,0.5,RESIDUAL,0.0103
12,0.5,RESIDUAL,0.0105
12,0.5,RESIDUAL,0.0105
12,0.5,RESIDUAL,0.0105
12,0.5,RESIDUAL,0.0103
12,0.5,RESIDUAL,0.0103
12,0.5,RESIDUAL,0.0101
12,0.5,RESIDUAL,0.0104
12,0.5,RESIDUAL,0.0103
12,0.5,RESIDUAL,0.0103
12,0.5,RESIDUAL,0.0104
12,0.5,RESIDUAL,0.0103
12,0.5,RESIDUAL,0.0102
12,0.5,RESIDUAL,0.0102
12,0.5,RESIDUAL,0.0104
12,0.5,RESIDUAL,0.0102
12,0.5,RESIDUAL,0.0104
12,0.5,RESIDUAL,0.0101
12,0.5,RESIDUAL,0.0103
12,0.5,RESIDUAL,0.0104
12,0.5,RESIDUAL,0.0104
12,0.5,RESIDUAL,0.0106
12,0.5,RESIDUAL,0.0101
12,0.5,RESIDUAL,0.0104
12,0.5,RESIDUAL,0.0104
12,0.5,RESIDUAL,0.0106
12,0.5,RESIDUAL,0.0103
12,0.5,RESIDUAL,0.0105
12,0.5,RESIDUAL,0.0103
12,0.5,RESIDUAL,0.0102
12,0.5,RESIDUAL,0.0102
12,0.5,RESIDUAL,0.0101
12,0.5,RESIDUAL,0.0103
12,0.5,RESIDUAL,0.0103
12,0.5,RESIDUAL,0.0102
12,0.5,RESIDUAL,0.0103
12,0.5,RESIDUAL,0.01
12,0.5,RESIDUAL,0.0104
12,0.5,CWR,0.0102
12,0.5,CWR,0.0103
12,0.5,CWR,0.0102
12,0.5,CWR,0.0102
12,0.5,CWR,0.0102
12,0.5,CWR,0.0102
12,0.5,CWR,0.0101
12,0.5,CWR,0.0104
12,0.5,CWR,0.0102
12,0.5,CWR,0.0103
12,0.5,CWR,0.0102
12,0.5,CWR,0.0104
12,0.5,CWR,0.01
12,0.5,CWR,0.0104
12,0.5,CWR,0.0102
12,0.5,CWR,0.0104
12,0.5,CWR,0.0102
12,0.5,CWR,0.0106
12,0.5,CWR,0.0101
12,0.5,CWR,0.0104
12,0.5,CWR,0.01
12,0.5,CWR,0.0102
12,0.5,CWR,0.01
12,0.5,CWR,0.0103
12,0.5,CWR,0.0102
12,0.5,CWR,0.0102
12,0.5,CWR,0.0102
12,0.5,CWR,0.0104
12,0.5,CWR,0.0101
12,0.5,CWR,0.0103
12,0.5,CWR,0.01
12,0.5,CWR,0.0104
12,0.5,CWR,0.0101
12,0.5,CWR,0.0103
12,0.5,CWR,0.0101
12,0.5,CWR,0.0103
12,0.5,CWR,0.01
12,0.5,CWR,0.0105
12,0.5,CWR,0.0101
12,0.5,CWR,0.0105
12,0.5,CWR,0.0103
12,0.5,CWR,0.0104
12,0.5,CWR,0.0102
12,0.5,CWR,0.0104
12,0.5,CWR,0.0101
12,0.5,CWR,0.0102
12,0.5,CWR,0.0101
12,0.5,CWR,0.0102
12,0.5,CWR,0.01
12,0.5,CWR,0.0103
12,0.5,CWR,0.0102
12,0.5,CWR,0.0103
12,0.5,CWR,0.0431
12,0.5,CWR,0.0104
12,0.5,CWR,0.0103
12,0.5,CWR,0.0103
12,0.5,CWR,0.0101
12,0.5,CWR,0.0103
12,0.5,CWR,0.01
12,0.5,CWR,0.0103
12,0.5,CWR,0.0101
12,0.5,CWR,0.0102
12,0.5,CWR,0.0101
12,0.5,CWR,0.0105
12,0.5,CWR,0.0101
12,0.5,CWR,0.0104
12,0.5,CWR,0.0102
12,0.5,CWR,0.0102
12,0.5,CWR,0.0103
12,0.5,CWR,0.0103
12,0.5,CWR,0.0099
12,0.5,CWR,0.0103
12,0.5,CWR,0.0102
12,0.5,CWR,0.0104
12,0.5,CWR,0.0101
12,0.5,CWR,0.0105
12,0.5,CWR,0.01
12,0.5,CWR,0.0103
12,0.5,CWR,0.0098
12,0.5,CWR,0.0103
12,0.5,CWR,0.01
12,0.5,CWR,0.0101
12,0.5,CWR,0.0099
12,0.5,CWR,0.0102
12,0.5,CWR,0.0101
12,0.5,CWR,0.0102
12,0.5,CWR,0.01
12,0.5,CWR,0.0102
12,0.5,CWR,0.0101
12,0.5,CWR,0.0103
12,0.5,CWR,0.0102
12,0.5,CWR,0.0105
12,0.5,CWR,0.0099
12,0.5,CWR,0.0102
12,0.5,CWR,0.0101
12,0.5,CWR,0.0103
12,0.5,CWR,0.0101
12,0.5,CWR,0.0102
12,0.5,CWR,0.0101
12,0.5,CWR,0.0101
12,0.5,CWR,0.01
12,0.5,CWR,0.0103
12,0.5,CWR,0.0101
12,0.5,CWR,0.0102
12,0.5,CWR,0.01
12,0.5,CWR,0.0099
12,0.5,CWR,0.0101
12,0.5,CWR,0.0101
12,0.5,CWR,0.01
12,0.5,CWR,0.0104
12,0.5,CWR,0.0101
12,0.5,CWR,0.0102
12,0.5,CWR,0.0103
12,0.5,CWR,0.0103
12,0.5,CWR,0.0103
12,0.5,CWR,0.0102
12,0.5,CWR,0.0101
12,0.5,CWR,0.0103
12,0.5,CWR,0.0103
12,0.5,CWR,0.0104
12,0.5,CWR,0.0101
12,0.5,CWR,0.0103
12,0.5,CWR,0.0101
12,0.5,CWR,0.0102
12,0.5,CWR,0.0102
12,0.5,CWR,0.0103
12,0.5,CWR,0.0099
12,0.5,CWR,0.0102
12,0.5,CWR,0.01
12,0.5,CWR,0.0101
12,0.5,CWR,0.0101
12,0.5,CWR,0.0101
12,0.5,CWR,0.0101
12,0.5,CWR,0.0103
12,0.5,CWR,0.0101
12,0.5,CWR,0.0101
12,0.5,CWR,0.0101
12,0.5,CWR,0.0102
12,0.5,CWR,0.01
12,0.5,CWR,0.0103
12,0.5,CWR,0.0101
12,0.5,CWR,0.0101
12,0.5,CWR,0.0101
12,0.5,CWR,0.0106
12,0.5,CWR,0.01
12,0.5,CWR,0.0103
12,0.5,CWR,0.01
12,0.5,CWR,0.0102
12,0.5,CWR,0.0101
12,0.5,CWR,0.0103
12,0.5,CWR,0.01
12,0.5,CWR,0.0101
12,0.5,CWR,0.01
12,0.5,CWR,0.0102
12,0.5,CWR,0.0101
12,0.5,CWR,0.0101
12,0.5,CWR,0.0101
12,0.5,CWR,0.0101
12,0.5,CWR,0.0101
12,0.5,CWR,0.0103
12,0.5,CWR,0.01
12,0.5,CWR,0.0101
12,0.5,CWR,0.0102
12,0.5,CWR,0.0104
12,0.5,CWR,0.0101
12,0.5,CWR,0.0102
12,0.5,CWR,0.01
12,0.5,CWR,0.0102
12,0.5,CWR,0.01
12,0.5,CWR,0.0102
12,0.5,CWR,0.0102
12,0.5,CWR,0.0102
12,0.5,CWR,0.0101
12,0.5,CWR,0.0102
12,0.5,CWR,0.0101
12,0.5,CWR,0.01
12,0.5,CWR,0.01
12,0.5,CWR,0.01
12,0.5,CWR,0.01
12,0.5,CWR,0.01
12,0.5,CWR,0.01
12,0.5,CWR,0.0102
12,0.5,CWR,0.0102
12,0.5,CWR,0.0103
12,0.5,CWR,0.01
12,0.5,CWR,0.0102
12,0.5,CWR,0.01
12,0.5,CWR,0.0104
12,0.5,CWR,0.0101
12,0.5,CWR,0.0102
12,0.5,CWR,0.01
12,0.5,CWR,0.0102
12,0.5,CWR,0.01
12,0.5,CWR,0.01
12,0.5,CWR,0.0099
12,0.5,CWR,0.0103
12,0.5,CWR,0.01
12,0.5,CWR,0.0101
12,0.5,CWR,0.01
12,0.5,CWR,0.01
12,1.0,FULL,0.011
12,1.0,FULL,0.0111
12,1.0,FULL,0.0111
12,1.0,FULL,0.011
12,1.0,FULL,0.0111
12,1.0,FULL,0.011
12,1.0,FULL,0.011
12,1.0,FULL,0.0111
12,1.0,FULL,0.0109
12,1.0,FULL,0.0112
12,1.0,FULL,0.011
12,1.0,FULL,0.0111
12,1.0,FULL,0.0112
12,1.0,FULL,0.011
12,1.0,FULL,0.0111
12,1.0,FULL,0.0111
12,1.0,FULL,0.0112
12,1.0,FULL,0.0113
12,1.0,FULL,0.0112
12,1.0,FULL,0.0112
12,1.0,FULL,0.0109
12,1.0,FULL,0.0111
12,1.0,FULL,0.0109
12,1.0,FULL,0.0111
12,1.0,FULL,0.011
12,1.0,FULL,0.0112
12,1.0,FULL,0.011
12,1.0,FULL,0.0112
12,1.0,FULL,0.0111
12,1.0,FULL,0.0109
12,1.0,FULL,0.011
12,1.0,FULL,0.0111
12,1.0,FULL,0.011
12,1.0,FULL,0.011
12,1.0,FULL,0.0111
12,1.0,FULL,0.0111
12,1.0,FULL,0.011
12,1.0,FULL,0.0111
12,1.0,FULL,0.011
12,1.0,FULL,0.0111
12,1.0,FULL,0.0111
12,1.0,FULL,0.0111
12,1.0,FULL,0.011
12,1.0,FULL,0.0112
12,1.0,FULL,0.011
12,1.0,FULL,0.0111
12,1.0,FULL,0.0113
12,1.0,FULL,0.0111
12,1.0,FULL,0.0112
12,1.0,FULL,0.0111
12,1.0,FULL,0.0111
12,1.0,FULL,0.0111
12,1.0,FULL,0.0111
12,1.0,FULL,0.0112
12,1.0,FULL,0.0109
12,1.0,FULL,0.0111
12,1.0,FULL,0.0111
12,1.0,FULL,0.0111
12,1.0,FULL,0.011
12,1.0,FULL,0.0111
12,1.0,FULL,0.011
12,1.0,FULL,0.011
12,1.0,FULL,0.0109
12,1.0,FULL,0.0111
12,1.0,FULL,0.0111
12,1.0,FULL,0.0111
12,1.0,FULL,0.011
12,1.0,FULL,0.0111
12,1.0,FULL,0.0112
12,1.0,FULL,0.011
12,1.0,FULL,0.0111
12,1.0,FULL,0.011
12,1.0,FULL,0.0111
12,1.0,FULL,0.0111
12,1.0,FULL,0.0112
12,1.0,FULL,0.0111
12,1.0,FULL,0.011
12,1.0,FULL,0.0111
12,1.0,FULL,0.011
12,1.0,FULL,0.011
12,1.0,FULL,0.0109
12,1.0,FULL,0.011
12,1.0,FULL,0.011
12,1.0,FULL,0.0111
12,1.0,FULL,0.011
12,1.0,FULL,0.0111
12,1.0,FULL,0.011
12,1.0,FULL,0.0112
12,1.0,FULL,0.0109
12,1.0,FULL,0.011
12,1.0,FULL,0.011
12,1.0,FULL,0.0112
12,1.0,FULL,0.0109
12,1.0,FULL,0.0113
12,1.0,FULL,0.011
12,1.0,FULL,0.011
12,1.0,FULL,0.0111
12,1.0,FULL,0.0111
12,1.0,FULL,0.011
12,1.0,FULL,0.0111
12,1.0,FULL,0.011
12,1.0,FULL,0.0111
12,1.0,FULL,0.011
12,1.0,FULL,0.0112
12,1.0,FULL,0.011
12,1.0,FULL,0.0113
12,1.0,FULL,0.0111
12,1.0,FULL,0.0111
12,1.0,FULL,0.0109
12,1.0,FULL,0.0112
12,1.0,FULL,0.0111
12,1.0,FULL,0.0112
12,1.0,FULL,0.011
12,1.0,FULL,0.011
12,1.0,FULL,0.011
12,1.0,FULL,0.011
12,1.0,FULL,0.011
12,1.0,FULL,0.0111
12,1.0,FULL,0.0112
12,1.0,FULL,0.0111
12,1.0,FULL,0.0111
12,1.0,FULL,0.0111
12,1.0,FULL,0.011
12,1.0,FULL,0.011
12,1.0,FULL,0.0111
12,1.0,FULL,0.011
12,1.0,FULL,0.0111
12,1.0,FULL,0.0111
12,1.0,FULL,0.011
12,1.0,FULL,0.0112
12,1.0,FULL,0.011
12,1.0,FULL,0.011
12,1.0,FULL,0.011
12,1.0,FULL,0.011
12,1.0,FULL,0.0109
12,1.0,FULL,0.0111
12,1.0,FULL,0.011
12,1.0,FULL,0.0109
12,1.0,FULL,0.0109
12,1.0,FULL,0.0111
12,1.0,FULL,0.0111
12,1.0,FULL,0.011
12,1.0,FULL,0.0111
12,1.0,FULL,0.0111
12,1.0,FULL,0.011
12,1.0,FULL,0.0113
12,1.0,FULL,0.011
12,1.0,FULL,0.0112
12,1.0,FULL,0.011
12,1.0,FULL,0.0111
12,1.0,FULL,0.0111
12,1.0,FULL,0.011
12,1.0,FULL,0.0111
12,1.0,FULL,0.0111
12,1.0,FULL,0.0112
12,1.0,FULL,0.011
12,1.0,FULL,0.0144
12,1.0,FULL,0.0111
12,1.0,FULL,0.0111
12,1.0,FULL,0.011
12,1.0,FULL,0.011
12,1.0,FULL,0.0109
12,1.0,FULL,0.011
12,1.0,FULL,0.011
12,1.0,FULL,0.0112
12,1.0,FULL,0.011
12,1.0,FULL,0.0111
12,1.0,FULL,0.0112
12,1.0,FULL,0.0111
12,1.0,FULL,0.011
12,1.0,FULL,0.011
12,1.0,FULL,0.0111
12,1.0,FULL,0.0111
12,1.0,FULL,0.011
12,1.0,FULL,0.0112
12,1.0,FULL,0.0111
12,1.0,FULL,0.011
12,1.0,FULL,0.0111
12,1.0,FULL,0.0111
12,1.0,FULL,0.0111
12,1.0,FULL,0.011
12,1.0,FULL,0.0111
12,1.0,FULL,0.0111
12,1.0,FULL,0.0112
12,1.0,FULL,0.011
12,1.0,FULL,0.0111
12,1.0,FULL,0.011
12,1.0,FULL,0.0111
12,1.0,FULL,0.0111
12,1.0,FULL,0.0111
12,1.0,FULL,0.0111
12,1.0,FULL,0.011
12,1.0,FULL,0.011
12,1.0,FULL,0.0109
12,1.0,FULL,0.011
12,1.0,FULL,0.011
12,1.0,FULL,0.0109
12,1.0,FULL,0.0111
12,1.0,FULL,0.011
12,1.0,FULL,0.0112
12,1.0,AFFECTED,0.0113
12,1.0,AFFECTED,0.0113
12,1.0,AFFECTED,0.0113
12,1.0,AFFECTED,0.0114
12,1.0,AFFECTED,0.0141
12,1.0,AFFECTED,0.0112
12,1.0,AFFECTED,0.0112
12,1.0,AFFECTED,0.0113
12,1.0,AFFECTED,0.0112
12,1.0,AFFECTED,0.0113
12,1.0,AFFECTED,0.0112
12,1.0,AFFECTED,0.0113
12,1.0,AFFECTED,0.0114
12,1.0,AFFECTED,0.0113
12,1.0,AFFECTED,0.0112
12,1.0,AFFECTED,0.0113
12,1.0,AFFECTED,0.0113
12,1.0,AFFECTED,0.0114
12,1.0,AFFECTED,0.0113
12,1.0,AFFECTED,0.0114
12,1.0,AFFECTED,0.0112
12,1.0,AFFECTED,0.0114
12,1.0,AFFECTED,0.0113
12,1.0,AFFECTED,0.0113
12,1.0,AFFECTED,0.0113
12,1.0,AFFECTED,0.0113
12,1.0,AFFECTED,0.0112
12,1.0,AFFECTED,0.0113
12,1.0,AFFECTED,0.0114
12,1.0,AFFECTED,0.0114
12,1.0,AFFECTED,0.0113
12,1.0,AFFECTED,0.0114
12,1.0,AFFECTED,0.0114
12,1.0,AFFECTED,0.0113
12,1.0,AFFECTED,0.0113
12,1.0,AFFECTED,0.0115
12,1.0,AFFECTED,0.0113
12,1.0,AFFECTED,0.0114
12,1.0,AFFECTED,0.0112
12,1.0,AFFECTED,0.0113
12,1.0,AFFECTED,0.0115
12,1.0,AFFECTED,0.0113
12,1.0,AFFECTED,0.0112
12,1.0,AFFECTED,0.0113
12,1.0,AFFECTED,0.0113
12,1.0,AFFECTED,0.0113
12,1.0,AFFECTED,0.0114
12,1.0,AFFECTED,0.0113
12,1.0,AFFECTED,0.0113
12,1.0,AFFECTED,0.0114
12,1.0,AFFECTED,0.0113
12,1.0,AFFECTED,0.0114
12,1.0,AFFECTED,0.0113
12,1.0,AFFECTED,0.0111
12,1.0,AFFECTED,0.0112
12,1.0,AFFECTED,0.0114
12,1.0,AFFECTED,0.0113
12,1.0,AFFECTED,0.0113
12,1.0,AFFECTED,0.0114
12,1.0,AFFECTED,0.0113
12,1.0,AFFECTED,0.0114
12,1.0,AFFECTED,0.0114
12,1.0,AFFECTED,0.0113
12,1.0,AFFECTED,0.0113
12,1.0,AFFECTED,0.0113
12,1.0,AFFECTED,0.0113
12,1.0,AFFECTED,0.0115
12,1.0,AFFECTED,0.0116
12,1.0,AFFECTED,0.0115
12,1.0,AFFECTED,0.0115
12,1.0,AFFECTED,0.0112
12,1.0,AFFECTED,0.0115
12,1.0,AFFECTED,0.0113
12,1.0,AFFECTED,0.0112
12,1.0,AFFECTED,0.0113
12,1.0,AFFECTED,0.0114
12,1.0,AFFECTED,0.0112
12,1.0,AFFECTED,0.0112
12,1.0,AFFECTED,0.0113
12,1.0,AFFECTED,0.0113
12,1.0,AFFECTED,0.0113
12,1.0,AFFECTED,0.0113
12,1.0,AFFECTED,0.0114
12,1.0,AFFECTED,0.0113
12,1.0,AFFECTED,0.0114
12,1.0,AFFECTED,0.0114
12,1.0,AFFECTED,0.0113
12,1.0,AFFECTED,0.0113
12,1.0,AFFECTED,0.0113
12,1.0,AFFECTED,0.0113
12,1.0,AFFECTED,0.0113
12,1.0,AFFECTED,0.0112
12,1.0,AFFECTED,0.0113
12,1.0,AFFECTED,0.0113
12,1.0,AFFECTED,0.0112
12,1.0,AFFECTED,0.0143
12,1.0,AFFECTED,0.0113
12,1.0,AFFECTED,0.0111
12,1.0,AFFECTED,0.0113
12,1.0,AFFECTED,0.0113
12,1.0,AFFECTED,0.0112
12,1.0,AFFECTED,0.0111
12,1.0,AFFECTED,0.0113
12,1.0,AFFECTED,0.0114
12,1.0,AFFECTED,0.0111
12,1.0,AFFECTED,0.0112
12,1.0,AFFECTED,0.0112
12,1.0,AFFECTED,0.0113
12,1.0,AFFECTED,0.0114
12,1.0,AFFECTED,0.0114
12,1.0,AFFECTED,0.0113
12,1.0,AFFECTED,0.0113
12,1.0,AFFECTED,0.0112
12,1.0,AFFECTED,0.0114
12,1.0,AFFECTED,0.0113
12,1.0,AFFECTED,0.0113
12,1.0,AFFECTED,0.0113
12,1.0,AFFECTED,0.0113
12,1.0,AFFECTED,0.0111
12,1.0,AFFECTED,0.0113
12,1.0,AFFECTED,0.0112
12,1.0,AFFECTED,0.0112
12,1.0,AFFECTED,0.0113
12,1.0,AFFECTED,0.0113
12,1.0,AFFECTED,0.0112
12,1.0,AFFECTED,0.0112
12,1.0,AFFECTED,0.0113
12,1.0,AFFECTED,0.0113
12,1.0,AFFECTED,0.0114
12,1.0,AFFECTED,0.0114
12,1.0,AFFECTED,0.0113
12,1.0,AFFECTED,0.0114
12,1.0,AFFECTED,0.0114
12,1.0,AFFECTED,0.0113
12,1.0,AFFECTED,0.0112
12,1.0,AFFECTED,0.0113
12,1.0,AFFECTED,0.0112
12,1.0,AFFECTED,0.0111
12,1.0,AFFECTED,0.0112
12,1.0,AFFECTED,0.0113
12,1.0,AFFECTED,0.0112
12,1.0,AFFECTED,0.0113
12,1.0,AFFECTED,0.0113
12,1.0,AFFECTED,0.0113
12,1.0,AFFECTED,0.0112
12,1.0,AFFECTED,0.0112
12,1.0,AFFECTED,0.0112
12,1.0,AFFECTED,0.0112
12,1.0,AFFECTED,0.0112
12,1.0,AFFECTED,0.0113
12,1.0,AFFECTED,0.0112
12,1.0,AFFECTED,0.0113
12,1.0,AFFECTED,0.0113
12,1.0,AFFECTED,0.0113
12,1.0,AFFECTED,0.0114
12,1.0,AFFECTED,0.0111
12,1.0,AFFECTED,0.0113
12,1.0,AFFECTED,0.0114
12,1.0,AFFECTED,0.0112
12,1.0,AFFECTED,0.0112
12,1.0,AFFECTED,0.0112
12,1.0,AFFECTED,0.0112
12,1.0,AFFECTED,0.0112
12,1.0,AFFECTED,0.0113
12,1.0,AFFECTED,0.0113
12,1.0,AFFECTED,0.0112
12,1.0,AFFECTED,0.0113
12,1.0,AFFECTED,0.0114
12,1.0,AFFECTED,0.0113
12,1.0,AFFECTED,0.0113
12,1.0,AFFECTED,0.0114
12,1.0,AFFECTED,0.0113
12,1.0,AFFECTED,0.0114
12,1.0,AFFECTED,0.0111
12,1.0,AFFECTED,0.0114
12,1.0,AFFECTED,0.0112
12,1.0,AFFECTED,0.0112
12,1.0,AFFECTED,0.0114
12,1.0,AFFECTED,0.0114
12,1.0,AFFECTED,0.0112
12,1.0,AFFECTED,0.0112
12,1.0,AFFECTED,0.0113
12,1.0,AFFECTED,0.0113
12,1.0,AFFECTED,0.0114
12,1.0,AFFECTED,0.0113
12,1.0,AFFECTED,0.0114
12,1.0,AFFECTED,0.0113
12,1.0,AFFECTED,0.0114
12,1.0,AFFECTED,0.0113
12,1.0,AFFECTED,0.0113
12,1.0,AFFECTED,0.0112
12,1.0,AFFECTED,0.0111
12,1.0,AFFECTED,0.0113
12,1.0,AFFECTED,0.0114
12,1.0,AFFECTED,0.0114
12,1.0,AFFECTED,0.0115
12,1.0,AFFECTED,0.0112
12,1.0,AFFECTED,0.0114
12,1.0,AFFECTED,0.0113
12,1.0,AFFECTED,0.0113
12,1.0,RESIDUAL,0.0068
12,1.0,RESIDUAL,0.0068
12,1.0,RESIDUAL,0.0069
12,1.0,RESIDUAL,0.0069
12,1.0,RESIDUAL,0.0068
12,1.0,RESIDUAL,0.007
12,1.0,RESIDUAL,0.007
12,1.0,RESIDUAL,0.0068
12,1.0,RESIDUAL,0.007
12,1.0,RESIDUAL,0.007
12,1.0,RESIDUAL,0.0069
12,1.0,RESIDUAL,0.0069
12,1.0,RESIDUAL,0.0069
12,1.0,RESIDUAL,0.0069
12,1.0,RESIDUAL,0.0069
12,1.0,RESIDUAL,0.0069
12,1.0,RESIDUAL,0.007
12,1.0,RESIDUAL,0.007
12,1.0,RESIDUAL,0.0068
12,1.0,RESIDUAL,0.0069
12,1.0,RESIDUAL,0.0069
12,1.0,RESIDUAL,0.0068
12,1.0,RESIDUAL,0.0069
12,1.0,RESIDUAL,0.0068
12,1.0,RESIDUAL,0.007
12,1.0,RESIDUAL,0.0068
12,1.0,RESIDUAL,0.0069
12,1.0,RESIDUAL,0.0068
12,1.0,RESIDUAL,0.0068
12,1.0,RESIDUAL,0.0069
12,1.0,RESIDUAL,0.0069
12,1.0,RESIDUAL,0.0069
12,1.0,RESIDUAL,0.0069
12,1.0,RESIDUAL,0.0068
12,1.0,RESIDUAL,0.0069
12,1.0,RESIDUAL,0.0068
12,1.0,RESIDUAL,0.0068
12,1.0,RESIDUAL,0.0068
12,1.0,RESIDUAL,0.0069
12,1.0,RESIDUAL,0.0068
12,1.0,RESIDUAL,0.0069
12,1.0,RESIDUAL,0.0068
12,1.0,RESIDUAL,0.0068
12,1.0,RESIDUAL,0.0068
12,1.0,RESIDUAL,0.007
12,1.0,RESIDUAL,0.0068
12,1.0,RESIDUAL,0.0068
12,1.0,RESIDUAL,0.0067
12,1.0,RESIDUAL,0.0069
12,1.0,RESIDUAL,0.0068
12,1.0,RESIDUAL,0.0068
12,1.0,RESIDUAL,0.0068
12,1.0,RESIDUAL,0.0068
12,1.0,RESIDUAL,0.0069
12,1.0,RESIDUAL,0.0067
12,1.0,RESIDUAL,0.0069
12,1.0,RESIDUAL,0.0068
12,1.0,RESIDUAL,0.0069
12,1.0,RESIDUAL,0.0068
12,1.0,RESIDUAL,0.0068
12,1.0,RESIDUAL,0.0069
12,1.0,RESIDUAL,0.0067
12,1.0,RESIDUAL,0.0069
12,1.0,RESIDUAL,0.0069
12,1.0,RESIDUAL,0.0067
12,1.0,RESIDUAL,0.0067
12,1.0,RESIDUAL,0.0068
12,1.0,RESIDUAL,0.0069
12,1.0,RESIDUAL,0.0067
12,1.0,RESIDUAL,0.0068
12,1.0,RESIDUAL,0.0068
12,1.0,RESIDUAL,0.0067
12,1.0,RESIDUAL,0.0068
12,1.0,RESIDUAL,0.0068
12,1.0,RESIDUAL,0.0069
12,1.0,RESIDUAL,0.0069
12,1.0,RESIDUAL,0.0069
12,1.0,RESIDUAL,0.0068
12,1.0,RESIDUAL,0.0068
12,1.0,RESIDUAL,0.007
12,1.0,RESIDUAL,0.0068
12,1.0,RESIDUAL,0.0069
12,1.0,RESIDUAL,0.0067
12,1.0,RESIDUAL,0.0069
12,1.0,RESIDUAL,0.0069
12,1.0,RESIDUAL,0.0069
12,1.0,RESIDUAL,0.0069
12,1.0,RESIDUAL,0.0068
12,1.0,RESIDUAL,0.0068
12,1.0,RESIDUAL,0.0068
12,1.0,RESIDUAL,0.0068
12,1.0,RESIDUAL,0.0068
12,1.0,RESIDUAL,0.0068
12,1.0,RESIDUAL,0.007
12,1.0,RESIDUAL,0.0068
12,1.0,RESIDUAL,0.0069
12,1.0,RESIDUAL,0.0068
12,1.0,RESIDUAL,0.0069
12,1.0,RESIDUAL,0.0069
12,1.0,RESIDUAL,0.0069
12,1.0,RESIDUAL,0.0068
12,1.0,RESIDUAL,0.0068
12,1.0,RESIDUAL,0.0068
12,1.0,RESIDUAL,0.0069
12,1.0,RESIDUAL,0.0067
12,1.0,RESIDUAL,0.0068
12,1.0,RESIDUAL,0.0067
12,1.0,RESIDUAL,0.0068
12,1.0,RESIDUAL,0.0067
12,1.0,RESIDUAL,0.007
12,1.0,RESIDUAL,0.0068
12,1.0,RESIDUAL,0.0068
12,1.0,RESIDUAL,0.0068
12,1.0,RESIDUAL,0.0069
12,1.0,RESIDUAL,0.0067
12,1.0,RESIDUAL,0.0069
12,1.0,RESIDUAL,0.0068
12,1.0,RESIDUAL,0.0068
12,1.0,RESIDUAL,0.0068
12,1.0,RESIDUAL,0.0068
12,1.0,RESIDUAL,0.0068
12,1.0,RESIDUAL,0.0067
12,1.0,RESIDUAL,0.0067
12,1.0,RESIDUAL,0.0067
12,1.0,RESIDUAL,0.0067
12,1.0,RESIDUAL,0.0068
12,1.0,RESIDUAL,0.0067
12,1.0,RESIDUAL,0.0067
12,1.0,RESIDUAL,0.0067
12,1.0,RESIDUAL,0.0068
12,1.0,RESIDUAL,0.0066
12,1.0,RESIDUAL,0.0068
12,1.0,RESIDUAL,0.0068
12,1.0,RESIDUAL,0.0068
12,1.0,RESIDUAL,0.0067
12,1.0,RESIDUAL,0.0069
12,1.0,RESIDUAL,0.0068
12,1.0,RESIDUAL,0.0068
12,1.0,RESIDUAL,0.0067
12,1.0,RESIDUAL,0.0068
12,1.0,RESIDUAL,0.0099
12,1.0,RESIDUAL,0.0068
12,1.0,RESIDUAL,0.0069
12,1.0,RESIDUAL,0.0073
12,1.0,RESIDUAL,0.0071
12,1.0,RESIDUAL,0.0069
12,1.0,RESIDUAL,0.0068
12,1.0,RESIDUAL,0.0068
12,1.0,RESIDUAL,0.0067
12,1.0,RESIDUAL,0.0068
12,1.0,RESIDUAL,0.0068
12,1.0,RESIDUAL,0.0068
12,1.0,RESIDUAL,0.0068
12,1.0,RESIDUAL,0.0068
12,1.0,RESIDUAL,0.0067
12,1.0,RESIDUAL,0.0068
12,1.0,RESIDUAL,0.0068
12,1.0,RESIDUAL,0.0069
12,1.0,RESIDUAL,0.0067
12,1.0,RESIDUAL,0.0068
12,1.0,RESIDUAL,0.0067
12,1.0,RESIDUAL,0.0068
12,1.0,RESIDUAL,0.0068
12,1.0,RESIDUAL,0.007
12,1.0,RESIDUAL,0.0068
12,1.0,RESIDUAL,0.0068
12,1.0,RESIDUAL,0.0067
12,1.0,RESIDUAL,0.0069
12,1.0,RESIDUAL,0.0068
12,1.0,RESIDUAL,0.0068
12,1.0,RESIDUAL,0.0067
12,1.0,RESIDUAL,0.0068
12,1.0,RESIDUAL,0.0068
12,1.0,RESIDUAL,0.0067
12,1.0,RESIDUAL,0.0067
12,1.0,RESIDUAL,0.0068
12,1.0,RESIDUAL,0.0068
12,1.0,RESIDUAL,0.0067
12,1.0,RESIDUAL,0.0068
12,1.0,RESIDUAL,0.0068
12,1.0,RESIDUAL,0.0069
12,1.0,RESIDUAL,0.0069
12,1.0,RESIDUAL,0.0068
12,1.0,RESIDUAL,0.0067
12,1.0,RESIDUAL,0.0067
12,1.0,RESIDUAL,0.0069
12,1.0,RESIDUAL,0.0067
12,1.0,RESIDUAL,0.0069
12,1.0,RESIDUAL,0.0067
12,1.0,RESIDUAL,0.0067
12,1.0,RESIDUAL,0.0066
12,1.0,RESIDUAL,0.0067
12,1.0,RESIDUAL,0.0066
12,1.0,RESIDUAL,0.0068
12,1.0,RESIDUAL,0.0067
12,1.0,RESIDUAL,0.0068
12,1.0,RESIDUAL,0.0068
12,1.0,RESIDUAL,0.0068
12,1.0,RESIDUAL,0.0067
12,1.0,RESIDUAL,0.0067
12,1.0,CWR,0.083
12,1.0,CWR,0.0846
12,1.0,CWR,0.088
12,1.0,CWR,0.0848
12,1.0,CWR,0.0882
12,1.0,CWR,0.0834
12,1.0,CWR,0.0842
12,1.0,CWR,0.0819
12,1.0,CWR,0.0822
12,1.0,CWR,0.0828
12,1.0,CWR,0.0822
12,1.0,CWR,0.0817
12,1.0,CWR,0.082
12,1.0,CWR,0.0831
12,1.0,CWR,0.0822
12,1.0,CWR,0.0977
12,1.0,CWR,0.0832
12,1.0,CWR,0.0825
12,1.0,CWR,0.0821
12,1.0,CWR,0.0825
12,1.0,CWR,0.0896
12,1.0,CWR,0.083
12,1.0,CWR,0.0824
12,1.0,CWR,0.0849
12,1.0,CWR,0.0829
12,1.0,CWR,0.0837
12,1.0,CWR,0.0978
12,1.0,CWR,0.082
12,1.0,CWR,0.083
12,1.0,CWR,0.0836
12,1.0,CWR,0.083
12,1.0,CWR,0.1283
12,1.0,CWR,0.1071
12,1.0,CWR,0.0907
12,1.0,CWR,0.0876
12,1.0,CWR,0.087
12,1.0,CWR,0.0868
12,1.0,CWR,0.0874
12,1.0,CWR,0.0877
12,1.0,CWR,0.0854
12,1.0,CWR,0.0872
12,1.0,CWR,0.0864
12,1.0,CWR,0.0873
12,1.0,CWR,0.0935
12,1.0,CWR,0.0879
12,1.0,CWR,0.0877
12,1.0,CWR,0.0876
12,1.0,CWR,0.0869
12,1.0,CWR,0.0945
12,1.0,CWR,0.0874
12,1.0,CWR,0.088
12,1.0,CWR,0.0884
12,1.0,CWR,0.0895
12,1.0,CWR,0.0892
12,1.0,CWR,0.0893
12,1.0,CWR,0.0911
12,1.0,CWR,0.0884
12,1.0,CWR,0.0901
12,1.0,CWR,0.0873
12,1.0,CWR,0.0863
12,1.0,CWR,0.0931
12,1.0,CWR,0.0879
12,1.0,CWR,0.0874
12,1.0,CWR,0.0917
12,1.0,CWR,0.0882
12,1.0,CWR,0.0882
12,1.0,CWR,0.0872
12,1.0,CWR,0.0875
12,1.0,CWR,0.0883
12,1.0,CWR,0.088
12,1.0,CWR,0.0879
12,1.0,CWR,0.0885
12,1.0,CWR,0.0896
12,1.0,CWR,0.0886
12,1.0,CWR,0.0881
12,1.0,CWR,0.0879
12,1.0,CWR,0.0923
12,1.0,CWR,0.0877
12,1.0,CWR,0.0873
12,1.0,CWR,0.087
12,1.0,CWR,0.0902
12,1.0,CWR,0.0885
12,1.0,CWR,0.0885
12,1.0,CWR,0.0921
12,1.0,CWR,0.088
12,1.0,CWR,0.0878
12,1.0,CWR,0.0876
12,1.0,CWR,0.0875
12,1.0,CWR,0.0869
12,1.0,CWR,0.0881
12,1.0,CWR,0.0877
12,1.0,CWR,0.0878
12,1.0,CWR,0.0876
12,1.0,CWR,0.0882
12,1.0,CWR,0.0877
12,1.0,CWR,0.0885
12,1.0,CWR,0.0881
12,1.0,CWR,0.0893
12,1.0,CWR,0.0884
12,1.0,CWR,0.0882
12,1.0,CWR,0.0915
12,1.0,CWR,0.0884
12,1.0,CWR,0.0881
12,1.0,CWR,0.0883
12,1.0,CWR,0.089
12,1.0,CWR,0.0875
12,1.0,CWR,0.0878
12,1.0,CWR,0.0877
12,1.0,CWR,0.088
12,1.0,CWR,0.0879
12,1.0,CWR,0.0881
12,1.0,CWR,0.0885
12,1.0,CWR,0.0878
12,1.0,CWR,0.0881
12,1.0,CWR,0.0891
12,1.0,CWR,0.0885
12,1.0,CWR,0.0882
12,1.0,CWR,0.0879
12,1.0,CWR,0.088
12,1.0,CWR,0.0882
12,1.0,CWR,0.0909
12,1.0,CWR,0.0885
12,1.0,CWR,0.0877
12,1.0,CWR,0.0875
12,1.0,CWR,0.0885
12,1.0,CWR,0.0883
12,1.0,CWR,0.088
12,1.0,CWR,0.0879
12,1.0,CWR,0.0872
12,1.0,CWR,0.0873
12,1.0,CWR,0.0898
12,1.0,CWR,0.089
12,1.0,CWR,0.0885
12,1.0,CWR,0.0877
12,1.0,CWR,0.0872
12,1.0,CWR,0.0875
12,1.0,CWR,0.0883
12,1.0,CWR,0.0892
12,1.0,CWR,0.0883
12,1.0,CWR,0.0881
12,1.0,CWR,0.0913
12,1.0,CWR,0.0879
12,1.0,CWR,0.0882
12,1.0,CWR,0.0897
12,1.0,CWR,0.0889
12,1.0,CWR,0.0888
12,1.0,CWR,0.0882
12,1.0,CWR,0.0889
12,1.0,CWR,0.0895
12,1.0,CWR,0.0888
12,1.0,CWR,0.0882
12,1.0,CWR,0.0885
12,1.0,CWR,0.0994
12,1.0,CWR,0.0891
12,1.0,CWR,0.089
12,1.0,CWR,0.0889
12,1.0,CWR,0.0881
12,1.0,CWR,0.089
12,1.0,CWR,0.0891
12,1.0,CWR,0.0893
12,1.0,CWR,0.0926
12,1.0,CWR,0.0896
12,1.0,CWR,0.0886
12,1.0,CWR,0.0889
12,1.0,CWR,0.0891
12,1.0,CWR,0.0893
12,1.0,CWR,0.0901
12,1.0,CWR,0.0895
12,1.0,CWR,0.0889
12,1.0,CWR,0.0892
12,1.0,CWR,0.0884
12,1.0,CWR,0.0887
12,1.0,CWR,0.088
12,1.0,CWR,0.0898
12,1.0,CWR,0.09
12,1.0,CWR,0.0897
12,1.0,CWR,0.088
12,1.0,CWR,0.0902
12,1.0,CWR,0.0894
12,1.0,CWR,0.0892
12,1.0,CWR,0.092
12,1.0,CWR,0.0902
12,1.0,CWR,0.0904
12,1.0,CWR,0.0892
12,1.0,CWR,0.0889
12,1.0,CWR,0.1145
12,1.0,CWR,0.0921
12,1.0,CWR,0.0892
12,1.0,CWR,0.0893
12,1.0,CWR,0.0892
12,1.0,CWR,0.0884
12,1.0,CWR,0.0878
12,1.0,CWR,0.0888
12,1.0,CWR,0.0888
12,1.0,CWR,0.0886
12,1.0,CWR,0.0887
12,1.0,CWR,0.0886
12,1.0,CWR,0.0887
12,1.0,CWR,0.0886
12,1.0,CWR,0.0892
24,0.0,FULL,0.0211
24,0.0,FULL,0.0212
24,0.0,FULL,0.021
24,0.0,FULL,0.0212
24,0.0,FULL,0.021
24,0.0,FULL,0.0208
24,0.0,FULL,0.021
24,0.0,FULL,0.0212
24,0.0,FULL,0.0212
24,0.0,FULL,0.0211
24,0.0,FULL,0.021
24,0.0,FULL,0.021
24,0.0,FULL,0.0209
24,0.0,FULL,0.0207
24,0.0,FULL,0.0209
24,0.0,FULL,0.0208
24,0.0,FULL,0.0208
24,0.0,FULL,0.0211
24,0.0,FULL,0.0208
24,0.0,FULL,0.0211
24,0.0,FULL,0.0208
24,0.0,FULL,0.0209
24,0.0,FULL,0.0212
24,0.0,FULL,0.0211
24,0.0,FULL,0.0209
24,0.0,FULL,0.0208
24,0.0,FULL,0.0209
24,0.0,FULL,0.0211
24,0.0,FULL,0.0208
24,0.0,FULL,0.021
24,0.0,FULL,0.0209
24,0.0,FULL,0.021
24,0.0,FULL,0.0208
24,0.0,FULL,0.0211
24,0.0,FULL,0.0209
24,0.0,FULL,0.021
24,0.0,FULL,0.0209
24,0.0,FULL,0.0208
24,0.0,FULL,0.0209
24,0.0,FULL,0.021
24,0.0,FULL,0.0209
24,0.0,FULL,0.0212
24,0.0,FULL,0.0209
24,0.0,FULL,0.0211
24,0.0,FULL,0.0208
24,0.0,FULL,0.0208
24,0.0,FULL,0.0209
24,0.0,FULL,0.0211
24,0.0,FULL,0.0208
24,0.0,FULL,0.0208
24,0.0,FULL,0.0211
24,0.0,FULL,0.0209
24,0.0,FULL,0.0207
24,0.0,FULL,0.0209
24,0.0,FULL,0.0208
24,0.0,FULL,0.0212
24,0.0,FULL,0.0209
24,0.0,FULL,0.021
24,0.0,FULL,0.0207
24,0.0,FULL,0.021
24,0.0,FULL,0.0211
24,0.0,FULL,0.021
24,0.0,FULL,0.021
24,0.0,FULL,0.021
24,0.0,FULL,0.0209
24,0.0,FULL,0.0211
24,0.0,FULL,0.0207
24,0.0,FULL,0.0212
24,0.0,FULL,0.021
24,0.0,FULL,0.0211
24,0.0,FULL,0.0206
24,0.0,FULL,0.0211
24,0.0,FULL,0.021
24,0.0,FULL,0.0211
24,0.0,FULL,0.0209
24,0.0,FULL,0.0212
24,0.0,FULL,0.0207
24,0.0,FULL,0.021
24,0.0,FULL,0.0209
24,0.0,FULL,0.0212
24,0.0,FULL,0.0209
24,0.0,FULL,0.0209
24,0.0,FULL,0.0207
24,0.0,FULL,0.0208
24,0.0,FULL,0.021
24,0.0,FULL,0.0209
24,0.0,FULL,0.0207
24,0.0,FULL,0.021
24,0.0,FULL,0.021
24,0.0,FULL,0.0212
24,0.0,FULL,0.0209
24,0.0,FULL,0.021
24,0.0,FULL,0.0208
24,0.0,FULL,0.0208
24,0.0,FULL,0.0208
24,0.0,FULL,0.021
24,0.0,FULL,0.0206
24,0.0,FULL,0.021
24,0.0,FULL,0.0226
24,0.0,FULL,0.021
24,0.0,FULL,0.0211
24,0.0,FULL,0.021
24,0.0,FULL,0.021
24,0.0,FULL,0.0211
24,0.0,FULL,0.0209
24,0.0,FULL,0.0214
24,0.0,FULL,0.0209
24,0.0,FULL,0.0212
24,0.0,FULL,0.021
24,0.0,FULL,0.021
24,0.0,FULL,0.0209
24,0.0,FULL,0.0213
24,0.0,FULL,0.0211
24,0.0,FULL,0.0212
24,0.0,FULL,0.0209
24,0.0,FULL,0.0212
24,0.0,FULL,0.0208
24,0.0,FULL,0.021
24,0.0,FULL,0.0213
24,0.0,FULL,0.0212
24,0.0,FULL,0.0207
24,0.0,FULL,0.0213
24,0.0,FULL,0.0209
24,0.0,FULL,0.021
24,0.0,FULL,0.0209
24,0.0,FULL,0.0211
24,0.0,FULL,0.0207
24,0.0,FULL,0.0211
24,0.0,FULL,0.0213
24,0.0,FULL,0.021
24,0.0,FULL,0.0213
24,0.0,FULL,0.0212
24,0.0,FULL,0.0209
24,0.0,FULL,0.0211
24,0.0,FULL,0.0209
24,0.0,FULL,0.021
24,0.0,FULL,0.021
24,0.0,FULL,0.0211
24,0.0,FULL,0.0207
24,0.0,FULL,0.021
24,0.0,FULL,0.0211
24,0.0,FULL,0.0212
24,0.0,FULL,0.0209
24,0.0,FULL,0.0212
24,0.0,FULL,0.0208
24,0.0,FULL,0.0211
24,0.0,FULL,0.0227
24,0.0,FULL,0.0214
24,0.0,FULL,0.0211
24,0.0,FULL,0.0207
24,0.0,FULL,0.021
24,0.0,FULL,0.0212
24,0.0,FULL,0.0211
24,0.0,FULL,0.021
24,0.0,FULL,0.021
24,0.0,FULL,0.0212
24,0.0,FULL,0.0209
24,0.0,FULL,0.0215
24,0.0,FULL,0.0209
24,0.0,FULL,0.0213
24,0.0,FULL,0.021
24,0.0,FULL,0.0212
24,0.0,FULL,0.021
24,0.0,FULL,0.0214
24,0.0,FULL,0.0208
24,0.0,FULL,0.0213
24,0.0,FULL,0.021
24,0.0,FULL,0.0212
24,0.0,FULL,0.021
24,0.0,FULL,0.0211
24,0.0,FULL,0.0207
24,0.0,FULL,0.0211
24,0.0,FULL,0.021
24,0.0,FULL,0.0212
24,0.0,FULL,0.021
24,0.0,FULL,0.0209
24,0.0,FULL,0.0213
24,0.0,FULL,0.0213
24,0.0,FULL,0.021
24,0.0,FULL,0.0211
24,0.0,FULL,0.0211
24,0.0,FULL,0.0214
24,0.0,FULL,0.0212
24,0.0,FULL,0.0212
24,0.0,FULL,0.0212
24,0.0,FULL,0.0212
24,0.0,FULL,0.0209
24,0.0,FULL,0.0212
24,0.0,FULL,0.0207
24,0.0,FULL,0.0211
24,0.0,FULL,0.0213
24,0.0,FULL,0.0213
24,0.0,FULL,0.0211
24,0.0,FULL,0.0246
24,0.0,FULL,0.0211
24,0.0,FULL,0.0209
24,0.0,FULL,0.0209
24,0.0,FULL,0.0213
24,0.0,FULL,0.0212
24,0.0,FULL,0.0212
24,0.0,AFFECTED,0.0213
24,0.0,AFFECTED,0.0216
24,0.0,AFFECTED,0.0211
24,0.0,AFFECTED,0.0215
24,0.0,AFFECTED,0.0212
24,0.0,AFFECTED,0.0216
24,0.0,AFFECTED,0.0212
24,0.0,AFFECTED,0.0216
24,0.0,AFFECTED,0.0214
24,0.0,AFFECTED,0.0216
24,0.0,AFFECTED,0.0214
24,0.0,AFFECTED,0.0217
24,0.0,AFFECTED,0.0213
24,0.0,AFFECTED,0.0213
24,0.0,AFFECTED,0.0211
24,0.0,AFFECTED,0.0212
24,0.0,AFFECTED,0.0214
24,0.0,AFFECTED,0.0215
24,0.0,AFFECTED,0.021
24,0.0,AFFECTED,0.0212
24,0.0,AFFECTED,0.0213
24,0.0,AFFECTED,0.0215
24,0.0,AFFECTED,0.0212
24,0.0,AFFECTED,0.0212
24,0.0,AFFECTED,0.0211
24,0.0,AFFECTED,0.0214
24,0.0,AFFECTED,0.0212
24,0.0,AFFECTED,0.0216
24,0.0,AFFECTED,0.021
24,0.0,AFFECTED,0.0214
24,0.0,AFFECTED,0.021
24,0.0,AFFECTED,0.021
24,0.0,AFFECTED,0.0213
24,0.0,AFFECTED,0.0215
24,0.0,AFFECTED,0.0213
24,0.0,AFFECTED,0.0216
24,0.0,AFFECTED,0.0212
24,0.0,AFFECTED,0.0215
24,0.0,AFFECTED,0.0212
24,0.0,AFFECTED,0.0211
24,0.0,AFFECTED,0.0214
24,0.0,AFFECTED,0.0213
24,0.0,AFFECTED,0.0214
24,0.0,AFFECTED,0.0215
24,0.0,AFFECTED,0.0211
24,0.0,AFFECTED,0.0211
24,0.0,AFFECTED,0.0211
24,0.0,AFFECTED,0.0211
24,0.0,AFFECTED,0.0211
24,0.0,AFFECTED,0.0213
24,0.0,AFFECTED,0.0212
24,0.0,AFFECTED,0.0215
24,0.0,AFFECTED,0.0213
24,0.0,AFFECTED,0.0213
24,0.0,AFFECTED,0.0212
24,0.0,AFFECTED,0.0214
24,0.0,AFFECTED,0.0211
24,0.0,AFFECTED,0.0213
24,0.0,AFFECTED,0.0211
24,0.0,AFFECTED,0.0214
24,0.0,AFFECTED,0.0212
24,0.0,AFFECTED,0.0211
24,0.0,AFFECTED,0.0212
24,0.0,AFFECTED,0.0213
24,0.0,AFFECTED,0.0213
24,0.0,AFFECTED,0.0211
24,0.0,AFFECTED,0.0211
24,0.0,AFFECTED,0.0212
24,0.0,AFFECTED,0.0212
24,0.0,AFFECTED,0.0214
24,0.0,AFFECTED,0.0209
24,0.0,AFFECTED,0.0211
24,0.0,AFFECTED,0.0211
24,0.0,AFFECTED,0.0215
24,0.0,AFFECTED,0.021
24,0.0,AFFECTED,0.0213
24,0.0,AFFECTED,0.0211
24,0.0,AFFECTED,0.0213
24,0.0,AFFECTED,0.0213
24,0.0,AFFECTED,0.0213
24,0.0,AFFECTED,0.021
24,0.0,AFFECTED,0.0212
24,0.0,AFFECTED,0.0211
24,0.0,AFFECTED,0.0215
24,0.0,AFFECTED,0.0213
24,0.0,AFFECTED,0.0212
24,0.0,AFFECTED,0.0213
24,0.0,AFFECTED,0.0213
24,0.0,AFFECTED,0.0212
24,0.0,AFFECTED,0.0213
24,0.0,AFFECTED,0.021
24,0.0,AFFECTED,0.0214
24,0.0,AFFECTED,0.0212
24,0.0,AFFECTED,0.0213
24,0.0,AFFECTED,0.03
24,0.0,AFFECTED,0.035
24,0.0,AFFECTED,0.0234
24,0.0,AFFECTED,0.0319
24,0.0,AFFECTED,0.0211
24,0.0,AFFECTED,0.0212
24,0.0,AFFECTED,0.0214
24,0.0,AFFECTED,0.0212
24,0.0,AFFECTED,0.021
24,0.0,AFFECTED,0.0209
24,0.0,AFFECTED,0.0212
24,0.0,AFFECTED,0.0211
24,0.0,AFFECTED,0.0212
24,0.0,AFFECTED,0.0211
24,0.0,AFFECTED,0.0211
24,0.0,AFFECTED,0.0213
24,0.0,AFFECTED,0.0213
24,0.0,AFFECTED,0.0212
24,0.0,AFFECTED,0.0212
24,0.0,AFFECTED,0.0212
24,0.0,AFFECTED,0.0211
24,0.0,AFFECTED,0.0212
24,0.0,AFFECTED,0.0213
24,0.0,AFFECTED,0.0211
24,0.0,AFFECTED,0.0211
24,0.0,AFFECTED,0.0212
24,0.0,AFFECTED,0.0513
24,0.0,AFFECTED,0.0211
24,0.0,AFFECTED,0.0211
24,0.0,AFFECTED,0.0213
24,0.0,AFFECTED,0.021
24,0.0,AFFECTED,0.0214
24,0.0,AFFECTED,0.0212
24,0.0,AFFECTED,0.0214
24,0.0,AFFECTED,0.0213
24,0.0,AFFECTED,0.0211
24,0.0,AFFECTED,0.0211
24,0.0,AFFECTED,0.0212
24,0.0,AFFECTED,0.0212
24,0.0,AFFECTED,0.0211
24,0.0,AFFECTED,0.0211
24,0.0,AFFECTED,0.0213
24,0.0,AFFECTED,0.0212
24,0.0,AFFECTED,0.0212
24,0.0,AFFECTED,0.0213
24,0.0,AFFECTED,0.0211
24,0.0,AFFECTED,0.0211
24,0.0,AFFECTED,0.0213
24,0.0,AFFECTED,0.0211
24,0.0,AFFECTED,0.021
24,0.0,AFFECTED,0.0212
24,0.0,AFFECTED,0.0213
24,0.0,AFFECTED,0.0214
24,0.0,AFFECTED,0.0212
24,0.0,AFFECTED,0.021
24,0.0,AFFECTED,0.021
24,0.0,AFFECTED,0.0212
24,0.0,AFFECTED,0.0249
24,0.0,AFFECTED,0.0211
24,0.0,AFFECTED,0.0211
24,0.0,AFFECTED,0.0212
24,0.0,AFFECTED,0.0211
24,0.0,AFFECTED,0.0211
24,0.0,AFFECTED,0.0213
24,0.0,AFFECTED,0.021
24,0.0,AFFECTED,0.0213
24,0.0,AFFECTED,0.021
24,0.0,AFFECTED,0.0211
24,0.0,AFFECTED,0.021
24,0.0,AFFECTED,0.0213
24,0.0,AFFECTED,0.021
24,0.0,AFFECTED,0.021
24,0.0,AFFECTED,0.021
24,0.0,AFFECTED,0.0211
24,0.0,AFFECTED,0.0211
24,0.0,AFFECTED,0.0211
24,0.0,AFFECTED,0.0211
24,0.0,AFFECTED,0.0212
24,0.0,AFFECTED,0.0211
24,0.0,AFFECTED,0.0211
24,0.0,AFFECTED,0.0211
24,0.0,AFFECTED,0.0209
24,0.0,AFFECTED,0.021
24,0.0,AFFECTED,0.0213
24,0.0,AFFECTED,0.0211
24,0.0,AFFECTED,0.021
24,0.0,AFFECTED,0.021
24,0.0,AFFECTED,0.021
24,0.0,AFFECTED,0.0209
24,0.0,AFFECTED,0.0209
24,0.0,AFFECTED,0.021
24,0.0,AFFECTED,0.021
24,0.0,AFFECTED,0.021
24,0.0,AFFECTED,0.0213
24,0.0,AFFECTED,0.0213
24,0.0,AFFECTED,0.0209
24,0.0,AFFECTED,0.0208
24,0.0,AFFECTED,0.021
24,0.0,AFFECTED,0.021
24,0.0,AFFECTED,0.0209
24,0.0,AFFECTED,0.021
24,0.0,AFFECTED,0.0209
24,0.0,AFFECTED,0.0212
24,0.0,AFFECTED,0.021
24,0.0,AFFECTED,0.0209
24,0.0,AFFECTED,0.021
24,0.0,RESIDUAL,0.021
24,0.0,RESIDUAL,0.021
24,0.0,RESIDUAL,0.0207
24,0.0,RESIDUAL,0.0209
24,0.0,RESIDUAL,0.021
24,0.0,RESIDUAL,0.0209
24,0.0,RESIDUAL,0.0207
24,0.0,RESIDUAL,0.0208
24,0.0,RESIDUAL,0.0206
24,0.0,RESIDUAL,0.0208
24,0.0,RESIDUAL,0.0249
24,0.0,RESIDUAL,0.021
24,0.0,RESIDUAL,0.0207
24,0.0,RESIDUAL,0.0208
24,0.0,RESIDUAL,0.021
24,0.0,RESIDUAL,0.0211
24,0.0,RESIDUAL,0.0206
24,0.0,RESIDUAL,0.0205
24,0.0,RESIDUAL,0.0206
24,0.0,RESIDUAL,0.0211
24,0.0,RESIDUAL,0.0206
24,0.0,RESIDUAL,0.0211
24,0.0,RESIDUAL,0.0208
24,0.0,RESIDUAL,0.0208
24,0.0,RESIDUAL,0.0207
24,0.0,RESIDUAL,0.021
24,0.0,RESIDUAL,0.021
24,0.0,RESIDUAL,0.021
24,0.0,RESIDUAL,0.0206
24,0.0,RESIDUAL,0.0209
24,0.0,RESIDUAL,0.0207
24,0.0,RESIDUAL,0.0207
24,0.0,RESIDUAL,0.0207
24,0.0,RESIDUAL,0.0208
24,0.0,RESIDUAL,0.0208
24,0.0,RESIDUAL,0.0207
24,0.0,RESIDUAL,0.0208
24,0.0,RESIDUAL,0.0208
24,0.0,RESIDUAL,0.0207
24,0.0,RESIDUAL,0.0209
24,0.0,RESIDUAL,0.0207
24,0.0,RESIDUAL,0.0209
24,0.0,RESIDUAL,0.0207
24,0.0,RESIDUAL,0.0208
24,0.0,RESIDUAL,0.0208
24,0.0,RESIDUAL,0.0208
24,0.0,RESIDUAL,0.0209
24,0.0,RESIDUAL,0.0209
24,0.0,RESIDUAL,0.0208
24,0.0,RESIDUAL,0.0208
24,0.0,RESIDUAL,0.0206
24,0.0,RESIDUAL,0.0211
24,0.0,RESIDUAL,0.0208
24,0.0,RESIDUAL,0.021
24,0.0,RESIDUAL,0.0209
24,0.0,RESIDUAL,0.021
24,0.0,RESIDUAL,0.0208
24,0.0,RESIDUAL,0.0208
24,0.0,RESIDUAL,0.0209
24,0.0,RESIDUAL,0.021
24,0.0,RESIDUAL,0.0208
24,0.0,RESIDUAL,0.0206
24,0.0,RESIDUAL,0.0206
24,0.0,RESIDUAL,0.0209
24,0.0,RESIDUAL,0.0207
24,0.0,RESIDUAL,0.0242
24,0.0,RESIDUAL,0.0208
24,0.0,RESIDUAL,0.0207
24,0.0,RESIDUAL,0.021
24,0.0,RESIDUAL,0.0207
24,0.0,RESIDUAL,0.0206
24,0.0,RESIDUAL,0.0208
24,0.0,RESIDUAL,0.0209
24,0.0,RESIDUAL,0.0207
24,0.0,RESIDUAL,0.0209
24,0.0,RESIDUAL,0.0208
24,0.0,RESIDUAL,0.0208
24,0.0,RESIDUAL,0.0205
24,0.0,RESIDUAL,0.0208
24,0.0,RESIDUAL,0.0208
24,0.0,RESIDUAL,0.0208
24,0.0,RESIDUAL,0.0207
24,0.0,RESIDUAL,0.0208
24,0.0,RESIDUAL,0.0212
24,0.0,RESIDUAL,0.0208
24,0.0,RESIDUAL,0.0207
24,0.0,RESIDUAL,0.0208
24,0.0,RESIDUAL,0.0208
24,0.0,RESIDUAL,0.0206
24,0.0,RESIDUAL,0.0209
24,0.0,RESIDUAL,0.0209
24,0.0,RESIDUAL,0.0205
24,0.0,RESIDUAL,0.0207
24,0.0,RESIDUAL,0.0207
24,0.0,RESIDUAL,0.0208
24,0.0,RESIDUAL,0.021
24,0.0,RESIDUAL,0.0208
24,0.0,RESIDUAL,0.0209
24,0.0,RESIDUAL,0.0206
24,0.0,RESIDUAL,0.0209
24,0.0,RESIDUAL,0.0206
24,0.0,RESIDUAL,0.0208
24,0.0,RESIDUAL,0.0209
24,0.0,RESIDUAL,0.0209
24,0.0,RESIDUAL,0.021
24,0.0,RESIDUAL,0.021
24,0.0,RESIDUAL,0.0207
24,0.0,RESIDUAL,0.0209
24,0.0,RESIDUAL,0.0207
24,0.0,RESIDUAL,0.0208
24,0.0,RESIDUAL,0.0207
24,0.0,RESIDUAL,0.0209
24,0.0,RESIDUAL,0.021
24,0.0,RESIDUAL,0.0226
24,0.0,RESIDUAL,0.0208
24,0.0,RESIDUAL,0.0209
24,0.0,RESIDUAL,0.0207
24,0.0,RESIDUAL,0.0208
24,0.0,RESIDUAL,0.021
24,0.0,RESIDUAL,0.0209
24,0.0,RESIDUAL,0.0207
24,0.0,RESIDUAL,0.0205
24,0.0,RESIDUAL,0.0208
24,0.0,RESIDUAL,0.021
24,0.0,RESIDUAL,0.0206
24,0.0,RESIDUAL,0.0207
24,0.0,RESIDUAL,0.0208
24,0.0,RESIDUAL,0.0208
24,0.0,RESIDUAL,0.0209
24,0.0,RESIDUAL,0.0208
24,0.0,RESIDUAL,0.0208
24,0.0,RESIDUAL,0.0207
24,0.0,RESIDUAL,0.0207
24,0.0,RESIDUAL,0.0209
24,0.0,RESIDUAL,0.0207
24,0.0,RESIDUAL,0.0208
24,0.0,RESIDUAL,0.0206
24,0.0,RESIDUAL,0.0205
24,0.0,RESIDUAL,0.0207
24,0.0,RESIDUAL,0.0207
24,0.0,RESIDUAL,0.0207
24,0.0,RESIDUAL,0.0209
24,0.0,RESIDUAL,0.0207
24,0.0,RESIDUAL,0.0208
24,0.0,RESIDUAL,0.0206
24,0.0,RESIDUAL,0.021
24,0.0,RESIDUAL,0.0209
24,0.0,RESIDUAL,0.0208
24,0.0,RESIDUAL,0.0207
24,0.0,RESIDUAL,0.021
24,0.0,RESIDUAL,0.0207
24,0.0,RESIDUAL,0.0207
24,0.0,RESIDUAL,0.0207
24,0.0,RESIDUAL,0.0205
24,0.0,RESIDUAL,0.0208
24,0.0,RESIDUAL,0.0207
24,0.0,RESIDUAL,0.0209
24,0.0,RESIDUAL,0.0208
24,0.0,RESIDUAL,0.0208
24,0.0,RESIDUAL,0.021
24,0.0,RESIDUAL,0.0208
24,0.0,RESIDUAL,0.0246
24,0.0,RESIDUAL,0.0207
24,0.0,RESIDUAL,0.0205
24,0.0,RESIDUAL,0.0209
24,0.0,RESIDUAL,0.021
24,0.0,RESIDUAL,0.0211
24,0.0,RESIDUAL,0.0208
24,0.0,RESIDUAL,0.0207
24,0.0,RESIDUAL,0.021
24,0.0,RESIDUAL,0.0208
24,0.0,RESIDUAL,0.021
24,0.0,RESIDUAL,0.0206
24,0.0,RESIDUAL,0.0211
24,0.0,RESIDUAL,0.0208
24,0.0,RESIDUAL,0.0206
24,0.0,RESIDUAL,0.0208
24,0.0,RESIDUAL,0.0207
24,0.0,RESIDUAL,0.021
24,0.0,RESIDUAL,0.021
24,0.0,RESIDUAL,0.0207
24,0.0,RESIDUAL,0.021
24,0.0,RESIDUAL,0.0208
24,0.0,RESIDUAL,0.021
24,0.0,RESIDUAL,0.0208
24,0.0,RESIDUAL,0.0209
24,0.0,RESIDUAL,0.0209
24,0.0,RESIDUAL,0.0208
24,0.0,RESIDUAL,0.021
24,0.0,RESIDUAL,0.0207
24,0.0,RESIDUAL,0.0209
24,0.0,RESIDUAL,0.0208
24,0.0,RESIDUAL,0.021
24,0.0,RESIDUAL,0.0209
24,0.0,RESIDUAL,0.0209
24,0.0,RESIDUAL,0.0208
24,0.0,RESIDUAL,0.0208
24,0.0,RESIDUAL,0.0209
24,0.0,RESIDUAL,0.0209
24,0.0,RESIDUAL,0.021
24,0.0,CWR,0.0301
24,0.0,CWR,0.0302
24,0.0,CWR,0.0301
24,0.0,CWR,0.0301
24,0.0,CWR,0.0299
24,0.0,CWR,0.0304
24,0.0,CWR,0.0298
24,0.0,CWR,0.0306
24,0.0,CWR,0.03
24,0.0,CWR,0.0303
24,0.0,CWR,0.0301
24,0.0,CWR,0.0304
24,0.0,CWR,0.0297
24,0.0,CWR,0.0304
24,0.0,CWR,0.0298
24,0.0,CWR,0.0301
24,0.0,CWR,0.03
24,0.0,CWR,0.0426
24,0.0,CWR,0.0561
24,0.0,CWR,0.0485
24,0.0,CWR,0.057
24,0.0,CWR,0.031
24,0.0,CWR,0.0303
24,0.0,CWR,0.0305
24,0.0,CWR,0.03
24,0.0,CWR,0.0305
24,0.0,CWR,0.0301
24,0.0,CWR,0.0303
24,0.0,CWR,0.0298
24,0.0,CWR,0.0301
24,0.0,CWR,0.03
24,0.0,CWR,0.0304
24,0.0,CWR,0.0301
24,0.0,CWR,0.0303
24,0.0,CWR,0.0301
24,0.0,CWR,0.0303
24,0.0,CWR,0.034
24,0.0,CWR,0.0303
24,0.0,CWR,0.0299
24,0.0,CWR,0.0302
24,0.0,CWR,0.0297
24,0.0,CWR,0.0303
24,0.0,CWR,0.0299
24,0.0,CWR,0.0303
24,0.0,CWR,0.0298
24,0.0,CWR,0.0304
24,0.0,CWR,0.03
24,0.0,CWR,0.0304
24,0.0,CWR,0.0297
24,0.0,CWR,0.038
24,0.0,CWR,0.0301
24,0.0,CWR,0.0302
24,0.0,CWR,0.0299
24,0.0,CWR,0.0304
24,0.0,CWR,0.0301
24,0.0,CWR,0.0305
24,0.0,CWR,0.0299
24,0.0,CWR,0.0306
24,0.0,CWR,0.03
24,0.0,CWR,0.0305
24,0.0,CWR,0.0299
24,0.0,CWR,0.0301
24,0.0,CWR,0.0301
24,0.0,CWR,0.0308
24,0.0,CWR,0.0299
24,0.0,CWR,0.0305
24,0.0,CWR,0.0302
24,0.0,CWR,0.0304
24,0.0,CWR,0.0299
24,0.0,CWR,0.0302
24,0.0,CWR,0.0302
24,0.0,CWR,0.0303
24,0.0,CWR,0.0299
24,0.0,CWR,0.0306
24,0.0,CWR,0.0301
24,0.0,CWR,0.0306
24,0.0,CWR,0.0303
24,0.0,CWR,0.0305
24,0.0,CWR,0.0297
24,0.0,CWR,0.0303
24,0.0,CWR,0.0298
24,0.0,CWR,0.0304
24,0.0,CWR,0.0299
24,0.0,CWR,0.0302
24,0.0,CWR,0.03
24,0.0,CWR,0.0304
24,0.0,CWR,0.03
24,0.0,CWR,0.0302
24,0.0,CWR,0.0304
24,0.0,CWR,0.0305
24,0.0,CWR,0.0302
24,0.0,CWR,0.0305
24,0.0,CWR,0.0301
24,0.0,CWR,0.0308
24,0.0,CWR,0.0299
24,0.0,CWR,0.0304
24,0.0,CWR,0.0304
24,0.0,CWR,0.0307
24,0.0,CWR,0.0301
24,0.0,CWR,0.0304
24,0.0,CWR,0.0296
24,0.0,CWR,0.0302
24,0.0,CWR,0.03
24,0.0,CWR,0.0303
24,0.0,CWR,0.03
24,0.0,CWR,0.0303
24,0.0,CWR,0.0301
24,0.0,CWR,0.0307
24,0.0,CWR,0.0299
24,0.0,CWR,0.0308
24,0.0,CWR,0.03
24,0.0,CWR,0.0302
24,0.0,CWR,0.0298
24,0.0,CWR,0.0303
24,0.0,CWR,0.0298
24,0.0,CWR,0.0304
24,0.0,CWR,0.0298
24,0.0,CWR,0.0303
24,0.0,CWR,0.0297
24,0.0,CWR,0.0304
24,0.0,CWR,0.03
24,0.0,CWR,0.0302
24,0.0,CWR,0.0299
24,0.0,CWR,0.0302
24,0.0,CWR,0.0299
24,0.0,CWR,0.0303
24,0.0,CWR,0.0301
24,0.0,CWR,0.0304
24,0.0,CWR,0.03
24,0.0,CWR,0.0304
24,0.0,CWR,0.0299
24,0.0,CWR,0.0304
24,0.0,CWR,0.0299
24,0.0,CWR,0.0303
24,0.0,CWR,0.0296
24,0.0,CWR,0.0305
24,0.0,CWR,0.0308
24,0.0,CWR,0.0304
24,0.0,CWR,0.03
24,0.0,CWR,0.0305
24,0.0,CWR,0.0304
24,0.0,CWR,0.0301
24,0.0,CWR,0.0298
24,0.0,CWR,0.0305
24,0.0,CWR,0.03
24,0.0,CWR,0.0333
24,0.0,CWR,0.0606
24,0.0,CWR,0.0326
24,0.0,CWR,0.0305
24,0.0,CWR,0.03
24,0.0,CWR,0.0298
24,0.0,CWR,0.0299
24,0.0,CWR,0.0298
24,0.0,CWR,0.0299
24,0.0,CWR,0.0298
24,0.0,CWR,0.0297
24,0.0,CWR,0.0294
24,0.0,CWR,0.0298
24,0.0,CWR,0.0297
24,0.0,CWR,0.0298
24,0.0,CWR,0.0294
24,0.0,CWR,0.0298
24,0.0,CWR,0.0297
24,0.0,CWR,0.0299
24,0.0,CWR,0.0296
24,0.0,CWR,0.0295
24,0.0,CWR,0.0297
24,0.0,CWR,0.0298
24,0.0,CWR,0.0296
24,0.0,CWR,0.0301
24,0.0,CWR,0.0296
24,0.0,CWR,0.0299
24,0.0,CWR,0.0297
24,0.0,CWR,0.0295
24,0.0,CWR,0.0295
24,0.0,CWR,0.0303
24,0.0,CWR,0.0295
24,0.0,CWR,0.0298
24,0.0,CWR,0.0296
24,0.0,CWR,0.0364
24,0.0,CWR,0.0296
24,0.0,CWR,0.0298
24,0.0,CWR,0.0295
24,0.0,CWR,0.0298
24,0.0,CWR,0.0298
24,0.0,CWR,0.0301
24,0.0,CWR,0.0296
24,0.0,CWR,0.0296
24,0.0,CWR,0.0295
24,0.0,CWR,0.0295
24,0.0,CWR,0.0294
24,0.0,CWR,0.0296
24,0.0,CWR,0.0296
24,0.0,CWR,0.03
24,0.0,CWR,0.0296
24,0.0,CWR,0.0296
24,0.0,CWR,0.0294
24,0.0,CWR,0.0295
24,0.0,CWR,0.0294
24,0.0,CWR,0.03
24,0.5,FULL,0.0206
24,0.5,FULL,0.0206
24,0.5,FULL,0.0207
24,0.5,FULL,0.0212
24,0.5,FULL,0.021
24,0.5,FULL,0.0211
24,0.5,FULL,0.0214
24,0.5,FULL,0.0215
24,0.5,FULL,0.0213
24,0.5,FULL,0.0211
24,0.5,FULL,0.0213
24,0.5,FULL,0.0213
24,0.5,FULL,0.0213
24,0.5,FULL,0.021
24,0.5,FULL,0.0213
24,0.5,FULL,0.0213
24,0.5,FULL,0.021
24,0.5,FULL,0.0209
24,0.5,FULL,0.0212
24,0.5,FULL,0.0214
24,0.5,FULL,0.0212
24,0.5,FULL,0.0212
24,0.5,FULL,0.021
24,0.5,FULL,0.0212
24,0.5,FULL,0.0213
24,0.5,FULL,0.0213
24,0.5,FULL,0.0211
24,0.5,FULL,0.0216
24,0.5,FULL,0.0213
24,0.5,FULL,0.0213
24,0.5,FULL,0.0211
24,0.5,FULL,0.0213
24,0.5,FULL,0.0213
24,0.5,FULL,0.0254
24,0.5,FULL,0.0215
24,0.5,FULL,0.0217
24,0.5,FULL,0.0215
24,0.5,FULL,0.0218
24,0.5,FULL,0.0217
24,0.5,FULL,0.0215
24,0.5,FULL,0.0217
24,0.5,FULL,0.0218
24,0.5,FULL,0.0218
24,0.5,FULL,0.022
24,0.5,FULL,0.0218
24,0.5,FULL,0.0218
24,0.5,FULL,0.0217
24,0.5,FULL,0.0217
24,0.5,FULL,0.0216
24,0.5,FULL,0.0219
24,0.5,FULL,0.0217
24,0.5,FULL,0.0216
24,0.5,FULL,0.0218
24,0.5,FULL,0.0218
24,0.5,FULL,0.0219
24,0.5,FULL,0.0218
24,0.5,FULL,0.0217
24,0.5,FULL,0.0219
24,0.5,FULL,0.0221
24,0.5,FULL,0.0223
24,0.5,FULL,0.0227
24,0.5,FULL,0.0222
24,0.5,FULL,0.0221
24,0.5,FULL,0.0221
24,0.5,FULL,0.0219
24,0.5,FULL,0.0221
24,0.5,FULL,0.0221
24,0.5,FULL,0.0223
24,0.5,FULL,0.0223
24,0.5,FULL,0.0223
24,0.5,FULL,0.0222
24,0.5,FULL,0.0223
24,0.5,FULL,0.0221
24,0.5,FULL,0.0222
24,0.5,FULL,0.0223
24,0.5,FULL,0.0222
24,0.5,FULL,0.022
24,0.5,FULL,0.0222
24,0.5,FULL,0.0222
24,0.5,FULL,0.0223
24,0.5,FULL,0.0221
24,0.5,FULL,0.0224
24,0.5,FULL,0.0224
24,0.5,FULL,0.0228
24,0.5,FULL,0.0222
24,0.5,FULL,0.0225
24,0.5,FULL,0.0225
24,0.5,FULL,0.0229
24,0.5,FULL,0.0224
24,0.5,FULL,0.0225
24,0.5,FULL,0.0224
24,0.5,FULL,0.0223
24,0.5,FULL,0.0221
24,0.5,FULL,0.0227
24,0.5,FULL,0.0224
24,0.5,FULL,0.0225
24,0.5,FULL,0.0223
24,0.5,FULL,0.0224
24,0.5,FULL,0.0223
24,0.5,FULL,0.0225
24,0.5,FULL,0.0225
24,0.5,FULL,0.0226
24,0.5,FULL,0.0226
24,0.5,FULL,0.0226
24,0.5,FULL,0.0225
24,0.5,FULL,0.0226
24,0.5,FULL,0.0222
24,0.5,FULL,0.0224
24,0.5,FULL,0.0225
24,0.5,FULL,0.0225
24,0.5,FULL,0.0227
24,0.5,FULL,0.0224
24,0.5,FULL,0.0227
24,0.5,FULL,0.0225
24,0.5,FULL,0.0224
24,0.5,FULL,0.0225
24,0.5,FULL,0.0224
24,0.5,FULL,0.0224
24,0.5,FULL,0.0225
24,0.5,FULL,0.0226
24,0.5,FULL,0.0223
24,0.5,FULL,0.0223
24,0.5,FULL,0.0224
24,0.5,FULL,0.0228
24,0.5,FULL,0.0225
24,0.5,FULL,0.0225
24,0.5,FULL,0.0223
24,0.5,FULL,0.0225
24,0.5,FULL,0.0221
24,0.5,FULL,0.0261
24,0.5,FULL,0.0225
24,0.5,FULL,0.0224
24,0.5,FULL,0.0222
24,0.5,FULL,0.0226
24,0.5,FULL,0.0225
24,0.5,FULL,0.0224
24,0.5,FULL,0.0222
24,0.5,FULL,0.0227
24,0.5,FULL,0.0222
24,0.5,FULL,0.0225
24,0.5,FULL,0.0223
24,0.5,FULL,0.0223
24,0.5,FULL,0.0222
24,0.5,FULL,0.0224
24,0.5,FULL,0.0227
24,0.5,FULL,0.0224
24,0.5,FULL,0.0225
24,0.5,FULL,0.0223
24,0.5,FULL,0.0223
24,0.5,FULL,0.0225
24,0.5,FULL,0.0223
24,0.5,FULL,0.0223
24,0.5,FULL,0.0223
24,0.5,FULL,0.0224
24,0.5,FULL,0.0224
24,0.5,FULL,0.0226
24,0.5,FULL,0.0222
24,0.5,FULL,0.0223
24,0.5,FULL,0.0223
24,0.5,FULL,0.0225
24,0.5,FULL,0.0221
24,0.5,FULL,0.0223
24,0.5,FULL,0.0225
24,0.5,FULL,0.0223
24,0.5,FULL,0.0224
24,0.5,FULL,0.0224
24,0.5,FULL,0.0287
24,0.5,FULL,0.0224
24,0.5,FULL,0.0254
24,0.5,FULL,0.0225
24,0.5,FULL,0.0223
24,0.5,FULL,0.0225
24,0.5,FULL,0.0221
24,0.5,FULL,0.0223
24,0.5,FULL,0.0222
24,0.5,FULL,0.0223
24,0.5,FULL,0.0224
24,0.5,FULL,0.0222
24,0.5,FULL,0.0222
24,0.5,FULL,0.0222
24,0.5,FULL,0.0253
24,0.5,FULL,0.0223
24,0.5,FULL,0.0222
24,0.5,FULL,0.0223
24,0.5,FULL,0.0222
24,0.5,FULL,0.0225
24,0.5,FULL,0.0221
24,0.5,FULL,0.0221
24,0.5,FULL,0.0221
24,0.5,FULL,0.0223
24,0.5,FULL,0.0225
24,0.5,FULL,0.0222
24,0.5,FULL,0.0223
24,0.5,FULL,0.022
24,0.5,FULL,0.0222
24,0.5,FULL,0.0224
24,0.5,FULL,0.0222
24,0.5,FULL,0.0222
24,0.5,FULL,0.022
24,0.5,FULL,0.0222
24,0.5,AFFECTED,0.0224
24,0.5,AFFECTED,0.0225
24,0.5,AFFECTED,0.0225
24,0.5,AFFECTED,0.0225
24,0.5,AFFECTED,0.0224
24,0.5,AFFECTED,0.0224
24,0.5,AFFECTED,0.0222
24,0.5,AFFECTED,0.0223
24,0.5,AFFECTED,0.0226
24,0.5,AFFECTED,0.0222
24,0.5,AFFECTED,0.0221
24,0.5,AFFECTED,0.0224
24,0.5,AFFECTED,0.0222
24,0.5,AFFECTED,0.0225
24,0.5,AFFECTED,0.0221
24,0.5,AFFECTED,0.0223
24,0.5,AFFECTED,0.0225
24,0.5,AFFECTED,0.0222
24,0.5,AFFECTED,0.0224
24,0.5,AFFECTED,0.0224
24,0.5,AFFECTED,0.0223
24,0.5,AFFECTED,0.0224
24,0.5,AFFECTED,0.0223
24,0.5,AFFECTED,0.0224
24,0.5,AFFECTED,0.0221
24,0.5,AFFECTED,0.0225
24,0.5,AFFECTED,0.0223
24,0.5,AFFECTED,0.0226
24,0.5,AFFECTED,0.0223
24,0.5,AFFECTED,0.0227
24,0.5,AFFECTED,0.0222
24,0.5,AFFECTED,0.0222
24,0.5,AFFECTED,0.0222
24,0.5,AFFECTED,0.0223
24,0.5,AFFECTED,0.0224
24,0.5,AFFECTED,0.0225
24,0.5,AFFECTED,0.0221
24,0.5,AFFECTED,0.0222
24,0.5,AFFECTED,0.0222
24,0.5,AFFECTED,0.0223
24,0.5,AFFECTED,0.0222
24,0.5,AFFECTED,0.0224
24,0.5,AFFECTED,0.0222
24,0.5,AFFECTED,0.0223
24,0.5,AFFECTED,0.0221
24,0.5,AFFECTED,0.0222
24,0.5,AFFECTED,0.0221
24,0.5,AFFECTED,0.0222
24,0.5,AFFECTED,0.0221
24,0.5,AFFECTED,0.0222
24,0.5,AFFECTED,0.0223
24,0.5,AFFECTED,0.0225
24,0.5,AFFECTED,0.0221
24,0.5,AFFECTED,0.0223
24,0.5,AFFECTED,0.0221
24,0.5,AFFECTED,0.0224
24,0.5,AFFECTED,0.0222
24,0.5,AFFECTED,0.0225
24,0.5,AFFECTED,0.0221
24,0.5,AFFECTED,0.0223
24,0.5,AFFECTED,0.0222
24,0.5,AFFECTED,0.0223
24,0.5,AFFECTED,0.022
24,0.5,AFFECTED,0.0224
24,0.5,AFFECTED,0.0222
24,0.5,AFFECTED,0.0223
24,0.5,AFFECTED,0.0221
24,0.5,AFFECTED,0.0223
24,0.5,AFFECTED,0.0219
24,0.5,AFFECTED,0.0223
24,0.5,AFFECTED,0.0222
24,0.5,AFFECTED,0.022
24,0.5,AFFECTED,0.0224
24,0.5,AFFECTED,0.0222
24,0.5,AFFECTED,0.022
24,0.5,AFFECTED,0.0224
24,0.5,AFFECTED,0.022
24,0.5,AFFECTED,0.0222
24,0.5,AFFECTED,0.0224
24,0.5,AFFECTED,0.0221
24,0.5,AFFECTED,0.0222
24,0.5,AFFECTED,0.0221
24,0.5,AFFECTED,0.0222
24,0.5,AFFECTED,0.0261
24,0.5,AFFECTED,0.0367
24,0.5,AFFECTED,0.025
24,0.5,AFFECTED,0.0231
24,0.5,AFFECTED,0.0227
24,0.5,AFFECTED,0.0224
24,0.5,AFFECTED,0.0225
24,0.5,AFFECTED,0.0224
24,0.5,AFFECTED,0.0223
24,0.5,AFFECTED,0.0219
24,0.5,AFFECTED,0.0222
24,0.5,AFFECTED,0.022
24,0.5,AFFECTED,0.0221
24,0.5,AFFECTED,0.0221
24,0.5,AFFECTED,0.0223
24,0.5,AFFECTED,0.0222
24,0.5,AFFECTED,0.0221
24,0.5,AFFECTED,0.0222
24,0.5,AFFECTED,0.0222
24,0.5,AFFECTED,0.0223
24,0.5,AFFECTED,0.0221
24,0.5,AFFECTED,0.0222
24,0.5,AFFECTED,0.0221
24,0.5,AFFECTED,0.022
24,0.5,AFFECTED,0.0221
24,0.5,AFFECTED,0.0223
24,0.5,AFFECTED,0.0224
24,0.5,AFFECTED,0.0222
24,0.5,AFFECTED,0.0218
24,0.5,AFFECTED,0.0221
24,0.5,AFFECTED,0.0223
24,0.5,AFFECTED,0.0219
24,0.5,AFFECTED,0.0222
24,0.5,AFFECTED,0.0218
24,0.5,AFFECTED,0.0221
24,0.5,AFFECTED,0.0221
24,0.5,AFFECTED,0.0221
24,0.5,AFFECTED,0.0221
24,0.5,AFFECTED,0.0222
24,0.5,AFFECTED,0.022
24,0.5,AFFECTED,0.0222
24,0.5,AFFECTED,0.0221
24,0.5,AFFECTED,0.0222
24,0.5,AFFECTED,0.022
24,0.5,AFFECTED,0.0224
24,0.5,AFFECTED,0.0221
24,0.5,AFFECTED,0.022
24,0.5,AFFECTED,0.0218
24,0.5,AFFECTED,0.0222
24,0.5,AFFECTED,0.0217
24,0.5,AFFECTED,0.0217
24,0.5,AFFECTED,0.0219
24,0.5,AFFECTED,0.022
24,0.5,AFFECTED,0.0219
24,0.5,AFFECTED,0.022
24,0.5,AFFECTED,0.0219
24,0.5,AFFECTED,0.0218
24,0.5,AFFECTED,0.0217
24,0.5,AFFECTED,0.0218
24,0.5,AFFECTED,0.0219
24,0.5,AFFECTED,0.0222
24,0.5,AFFECTED,0.0217
24,0.5,AFFECTED,0.022
24,0.5,AFFECTED,0.0217
24,0.5,AFFECTED,0.0219
24,0.5,AFFECTED,0.0219
24,0.5,AFFECTED,0.022
24,0.5,AFFECTED,0.0216
24,0.5,AFFECTED,0.0216
24,0.5,AFFECTED,0.0219
24,0.5,AFFECTED,0.0217
24,0.5,AFFECTED,0.0219
24,0.5,AFFECTED,0.0219
24,0.5,AFFECTED,0.0218
24,0.5,AFFECTED,0.0216
24,0.5,AFFECTED,0.0218
24,0.5,AFFECTED,0.022
24,0.5,AFFECTED,0.0217
24,0.5,AFFECTED,0.0219
24,0.5,AFFECTED,0.022
24,0.5,AFFECTED,0.0218
24,0.5,AFFECTED,0.0218
24,0.5,AFFECTED,0.0218
24,0.5,AFFECTED,0.0218
24,0.5,AFFECTED,0.0218
24,0.5,AFFECTED,0.0218
24,0.5,AFFECTED,0.0217
24,0.5,AFFECTED,0.0216
24,0.5,AFFECTED,0.0216
24,0.5,AFFECTED,0.0217
24,0.5,AFFECTED,0.0216
24,0.5,AFFECTED,0.0217
24,0.5,AFFECTED,0.0218
24,0.5,AFFECTED,0.0217
24,0.5,AFFECTED,0.0216
24,0.5,AFFECTED,0.022
24,0.5,AFFECTED,0.0217
24,0.5,AFFECTED,0.0217
24,0.5,AFFECTED,0.0216
24,0.5,AFFECTED,0.0216
24,0.5,AFFECTED,0.0216
24,0.5,AFFECTED,0.0217
24,0.5,AFFECTED,0.0216
24,0.5,AFFECTED,0.0216
24,0.5,AFFECTED,0.0219
24,0.5,AFFECTED,0.0216
24,0.5,AFFECTED,0.0216
24,0.5,AFFECTED,0.0217
24,0.5,AFFECTED,0.0217
24,0.5,AFFECTED,0.0216
24,0.5,AFFECTED,0.0217
24,0.5,AFFECTED,0.022
24,0.5,AFFECTED,0.0222
24,0.5,AFFECTED,0.0218
24,0.5,AFFECTED,0.0222
24,0.5,AFFECTED,0.0217
24,0.5,AFFECTED,0.0218
24,0.5,RESIDUAL,0.019
24,0.5,RESIDUAL,0.019
24,0.5,RESIDUAL,0.0194
24,0.5,RESIDUAL,0.0194
24,0.5,RESIDUAL,0.0188
24,0.5,RESIDUAL,0.019
24,0.5,RESIDUAL,0.019
24,0.5,RESIDUAL,0.019
24,0.5,RESIDUAL,0.0189
24,0.5,RESIDUAL,0.0193
24,0.5,RESIDUAL,0.0189
24,0.5,RESIDUAL,0.0192
24,0.5,RESIDUAL,0.0188
24,0.5,RESIDUAL,0.0194
24,0.5,RESIDUAL,0.0193
24,0.5,RESIDUAL,0.0192
24,0.5,RESIDUAL,0.0188
24,0.5,RESIDUAL,0.019
24,0.5,RESIDUAL,0.0189
24,0.5,RESIDUAL,0.0191
24,0.5,RESIDUAL,0.0192
24,0.5,RESIDUAL,0.019
24,0.5,RESIDUAL,0.0187
24,0.5,RESIDUAL,0.0194
24,0.5,RESIDUAL,0.0188
24,0.5,RESIDUAL,0.019
24,0.5,RESIDUAL,0.019
24,0.5,RESIDUAL,0.0191
24,0.5,RESIDUAL,0.0191
24,0.5,RESIDUAL,0.0194
24,0.5,RESIDUAL,0.0191
24,0.5,RESIDUAL,0.0191
24,0.5,RESIDUAL,0.0189
24,0.5,RESIDUAL,0.0193
24,0.5,RESIDUAL,0.0194
24,0.5,RESIDUAL,0.0193
24,0.5,RESIDUAL,0.019
24,0.5,RESIDUAL,0.0192
24,0.5,RESIDUAL,0.0189
24,0.5,RESIDUAL,0.0192
24,0.5,RESIDUAL,0.0188
24,0.5,RESIDUAL,0.019
24,0.5,RESIDUAL,0.019
24,0.5,RESIDUAL,0.0195
24,0.5,RESIDUAL,0.019
24,0.5,RESIDUAL,0.0193
24,0.5,RESIDUAL,0.0192
24,0.5,RESIDUAL,0.0191
24,0.5,RESIDUAL,0.0187
24,0.5,RESIDUAL,0.019
24,0.5,RESIDUAL,0.019
24,0.5,RESIDUAL,0.0222
24,0.5,RESIDUAL,0.0188
24,0.5,RESIDUAL,0.0192
24,0.5,RESIDUAL,0.0193
24,0.5,RESIDUAL,0.0193
24,0.5,RESIDUAL,0.0192
24,0.5,RESIDUAL,0.0192
24,0.5,RESIDUAL,0.0187
24,0.5,RESIDUAL,0.019
24,0.5,RESIDUAL,0.019
24,0.5,RESIDUAL,0.0196
24,0.5,RESIDUAL,0.019
24,0.5,RESIDUAL,0.0193
24,0.5,RESIDUAL,0.0595
24,0.5,RESIDUAL,0.0191
24,0.5,RESIDUAL,0.0189
24,0.5,RESIDUAL,0.0193
24,0.5,RESIDUAL,0.0189
24,0.5,RESIDUAL,0.0196
24,0.5,RESIDUAL,0.019
24,0.5,RESIDUAL,0.0192
24,0.5,RESIDUAL,0.019
24,0.5,RESIDUAL,0.0194
24,0.5,RESIDUAL,0.0189
24,0.5,RESIDUAL,0.0192
24,0.5,RESIDUAL,0.0191
24,0.5,RESIDUAL,0.0191
24,0.5,RESIDUAL,0.019
24,0.5,RESIDUAL,0.0189
24,0.5,RESIDUAL,0.019
24,0.5,RESIDUAL,0.0194
24,0.5,RESIDUAL,0.0191
24,0.5,RESIDUAL,0.0189
24,0.5,RESIDUAL,0.0189
24,0.5,RESIDUAL,0.0192
24,0.5,RESIDUAL,0.0188
24,0.5,RESIDUAL,0.0192
24,0.5,RESIDUAL,0.0189
24,0.5,RESIDUAL,0.019
24,0.5,RESIDUAL,0.0189
24,0.5,RESIDUAL,0.0191
24,0.5,RESIDUAL,0.0189
24,0.5,RESIDUAL,0.0194
24,0.5,RESIDUAL,0.0189
24,0.5,RESIDUAL,0.019
24,0.5,RESIDUAL,0.0191
24,0.5,RESIDUAL,0.0191
24,0.5,RESIDUAL,0.0188
24,0.5,RESIDUAL,0.0193
24,0.5,RESIDUAL,0.0189
24,0.5,RESIDUAL,0.019
24,0.5,RESIDUAL,0.0189
24,0.5,RESIDUAL,0.0189
24,0.5,RESIDUAL,0.0189
24,0.5,RESIDUAL,0.0196
24,0.5,RESIDUAL,0.0221
24,0.5,RESIDUAL,0.0194
24,0.5,RESIDUAL,0.0187
24,0.5,RESIDUAL,0.0194
24,0.5,RESIDUAL,0.0188
24,0.5,RESIDUAL,0.0189
24,0.5,RESIDUAL,0.0187
24,0.5,RESIDUAL,0.019
24,0.5,RESIDUAL,0.0189
24,0.5,RESIDUAL,0.0192
24,0.5,RESIDUAL,0.0186
24,0.5,RESIDUAL,0.0189
24,0.5,RESIDUAL,0.0186
24,0.5,RESIDUAL,0.019
24,0.5,RESIDUAL,0.0186
24,0.5,RESIDUAL,0.0192
24,0.5,RESIDUAL,0.0185
24,0.5,RESIDUAL,0.0189
24,0.5,RESIDUAL,0.0189
24,0.5,RESIDUAL,0.0192
24,0.5,RESIDUAL,0.0189
24,0.5,RESIDUAL,0.019
24,0.5,RESIDUAL,0.0186
24,0.5,RESIDUAL,0.0187
24,0.5,RESIDUAL,0.0187
24,0.5,RESIDUAL,0.0189
24,0.5,RESIDUAL,0.0186
24,0.5,RESIDUAL,0.0188
24,0.5,RESIDUAL,0.0184
24,0.5,RESIDUAL,0.0188
24,0.5,RESIDUAL,0.0186
24,0.5,RESIDUAL,0.0192
24,0.5,RESIDUAL,0.0188
24,0.5,RESIDUAL,0.0188
24,0.5,RESIDUAL,0.0188
24,0.5,RESIDUAL,0.0189
24,0.5,RESIDUAL,0.0189
24,0.5,RESIDUAL,0.0186
24,0.5,RESIDUAL,0.0184
24,0.5,RESIDUAL,0.0185
24,0.5,RESIDUAL,0.0185
24,0.5,RESIDUAL,0.0188
24,0.5,RESIDUAL,0.0184
24,0.5,RESIDUAL,0.0188
24,0.5,RESIDUAL,0.0183
24,0.5,RESIDUAL,0.0188
24,0.5,RESIDUAL,0.0186
24,0.5,RESIDUAL,0.0186
24,0.5,RESIDUAL,0.0186
24,0.5,RESIDUAL,0.0187
24,0.5,RESIDUAL,0.0183
24,0.5,RESIDUAL,0.0186
24,0.5,RESIDUAL,0.0186
24,0.5,RESIDUAL,0.0189
24,0.5,RESIDUAL,0.0186
24,0.5,RESIDUAL,0.0189
24,0.5,RESIDUAL,0.0182
24,0.5,RESIDUAL,0.0185
24,0.5,RESIDUAL,0.0186
24,0.5,RESIDUAL,0.0188
24,0.5,RESIDUAL,0.018
24,0.5,RESIDUAL,0.0186
24,0.5,RESIDUAL,0.0184
24,0.5,RESIDUAL,0.0183
24,0.5,RESIDUAL,0.0183
24,0.5,RESIDUAL,0.0185
24,0.5,RESIDUAL,0.0183
24,0.5,RESIDUAL,0.0183
24,0.5,RESIDUAL,0.0183
24,0.5,RESIDUAL,0.0186
24,0.5,RESIDUAL,0.0185
24,0.5,RESIDUAL,0.0186
24,0.5,RESIDUAL,0.0183
24,0.5,RESIDUAL,0.0186
24,0.5,RESIDUAL,0.0186
24,0.5,RESIDUAL,0.0185
24,0.5,RESIDUAL,0.0185
24,0.5,RESIDUAL,0.0187
24,0.5,RESIDUAL,0.0182
24,0.5,RESIDUAL,0.0187
24,0.5,RESIDUAL,0.0184
24,0.5,RESIDUAL,0.0186
24,0.5,RESIDUAL,0.018
24,0.5,RESIDUAL,0.0186
24,0.5,RESIDUAL,0.0182
24,0.5,RESIDUAL,0.0186
24,0.5,RESIDUAL,0.0186
24,0.5,RESIDUAL,0.0186
24,0.5,RESIDUAL,0.0182
24,0.5,RESIDUAL,0.0184
24,0.5,RESIDUAL,0.0186
24,0.5,RESIDUAL,0.0186
24,0.5,RESIDUAL,0.0183
24,0.5,RESIDUAL,0.0185
24,0.5,CWR,0.0184
24,0.5,CWR,0.0184
24,0.5,CWR,0.0182
24,0.5,CWR,0.0185
24,0.5,CWR,0.0181
24,0.5,CWR,0.018
24,0.5,CWR,0.0182
24,0.5,CWR,0.0183
24,0.5,CWR,0.0182
24,0.5,CWR,0.0184
24,0.5,CWR,0.0179
24,0.5,CWR,0.0184
24,0.5,CWR,0.0181
24,0.5,CWR,0.0185
24,0.5,CWR,0.018
24,0.5,CWR,0.0184
24,0.5,CWR,0.018
24,0.5,CWR,0.0182
24,0.5,CWR,0.0181
24,0.5,CWR,0.0182
24,0.5,CWR,0.0182
24,0.5,CWR,0.0182
24,0.5,CWR,0.0181
24,0.5,CWR,0.0187
24,0.5,CWR,0.0181
24,0.5,CWR,0.0182
24,0.5,CWR,0.0181
24,0.5,CWR,0.0186
24,0.5,CWR,0.0183
24,0.5,CWR,0.0181
24,0.5,CWR,0.0181
24,0.5,CWR,0.0184
24,0.5,CWR,0.0178
24,0.5,CWR,0.0182
24,0.5,CWR,0.0187
24,0.5,CWR,0.0182
24,0.5,CWR,0.0182
24,0.5,CWR,0.0181
24,0.5,CWR,0.018
24,0.5,CWR,0.0182
24,0.5,CWR,0.0179
24,0.5,CWR,0.018
24,0.5,CWR,0.0179
24,0.5,CWR,0.0183
24,0.5,CWR,0.0178
24,0.5,CWR,0.0182
24,0.5,CWR,0.0181
24,0.5,CWR,0.0182
24,0.5,CWR,0.0179
24,0.5,CWR,0.0179
24,0.5,CWR,0.0181
24,0.5,CWR,0.0184
24,0.5,CWR,0.0176
24,0.5,CWR,0.0182
24,0.5,CWR,0.0179
24,0.5,CWR,0.018
24,0.5,CWR,0.0179
24,0.5,CWR,0.018
24,0.5,CWR,0.0178
24,0.5,CWR,0.0179
24,0.5,CWR,0.018
24,0.5,CWR,0.0181
24,0.5,CWR,0.0179
24,0.5,CWR,0.0183
24,0.5,CWR,0.0177
24,0.5,CWR,0.018
24,0.5,CWR,0.0175
24,0.5,CWR,0.0182
24,0.5,CWR,0.018
24,0.5,CWR,0.0183
24,0.5,CWR,0.018
24,0.5,CWR,0.0181
24,0.5,CWR,0.0177
24,0.5,CWR,0.0182
24,0.5,CWR,0.0179
24,0.5,CWR,0.018
24,0.5,CWR,0.0179
24,0.5,CWR,0.0179
24,0.5,CWR,0.0181
24,0.5,CWR,0.018
24,0.5,CWR,0.018
24,0.5,CWR,0.0182
24,0.5,CWR,0.0178
24,0.5,CWR,0.0181
24,0.5,CWR,0.0181
24,0.5,CWR,0.0181
24,0.5,CWR,0.0179
24,0.5,CWR,0.0183
24,0.5,CWR,0.0179
24,0.5,CWR,0.0182
24,0.5,CWR,0.018
24,0.5,CWR,0.0182
24,0.5,CWR,0.0179
24,0.5,CWR,0.0181
24,0.5,CWR,0.0178
24,0.5,CWR,0.0181
24,0.5,CWR,0.0179
24,0.5,CWR,0.018
24,0.5,CWR,0.0178
24,0.5,CWR,0.0183
24,0.5,CWR,0.0179
24,0.5,CWR,0.0181
24,0.5,CWR,0.0179
24,0.5,CWR,0.0177
24,0.5,CWR,0.0181
24,0.5,CWR,0.0182
24,0.5,CWR,0.0179
24,0.5,CWR,0.018
24,0.5,CWR,0.0178
24,0.5,CWR,0.0182
24,0.5,CWR,0.0178
24,0.5,CWR,0.018
24,0.5,CWR,0.0176
24,0.5,CWR,0.0181
24,0.5,CWR,0.0178
24,0.5,CWR,0.0186
24,0.5,CWR,0.0177
24,0.5,CWR,0.0181
24,0.5,CWR,0.0176
24,0.5,CWR,0.018
24,0.5,CWR,0.0176
24,0.5,CWR,0.0183
24,0.5,CWR,0.0178
24,0.5,CWR,0.0179
24,0.5,CWR,0.0181
24,0.5,CWR,0.018
24,0.5,CWR,0.0179
24,0.5,CWR,0.0179
24,0.5,CWR,0.0178
24,0.5,CWR,0.0178
24,0.5,CWR,0.0178
24,0.5,CWR,0.0184
24,0.5,CWR,0.0175
24,0.5,CWR,0.0179
24,0.5,CWR,0.0177
24,0.5,CWR,0.0179
24,0.5,CWR,0.0177
24,0.5,CWR,0.018
24,0.5,CWR,0.018
24,0.5,CWR,0.0179
24,0.5,CWR,0.0179
24,0.5,CWR,0.0183
24,0.5,CWR,0.018
24,0.5,CWR,0.0181
24,0.5,CWR,0.0175
24,0.5,CWR,0.0179
24,0.5,CWR,0.018
24,0.5,CWR,0.0179
24,0.5,CWR,0.0177
24,0.5,CWR,0.0183
24,0.5,CWR,0.0179
24,0.5,CWR,0.0183
24,0.5,CWR,0.0177
24,0.5,CWR,0.018
24,0.5,CWR,0.0179
24,0.5,CWR,0.0179
24,0.5,CWR,0.0175
24,0.5,CWR,0.0176
24,0.5,CWR,0.0179
24,0.5,CWR,0.0182
24,0.5,CWR,0.0177
24,0.5,CWR,0.0181
24,0.5,CWR,0.0176
24,0.5,CWR,0.0179
24,0.5,CWR,0.0176
24,0.5,CWR,0.0181
24,0.5,CWR,0.0175
24,0.5,CWR,0.0182
24,0.5,CWR,0.0176
24,0.5,CWR,0.0178
24,0.5,CWR,0.0178
24,0.5,CWR,0.0184
24,0.5,CWR,0.0179
24,0.5,CWR,0.0178
24,0.5,CWR,0.0178
24,0.5,CWR,0.0181
24,0.5,CWR,0.0177
24,0.5,CWR,0.0183
24,0.5,CWR,0.0175
24,0.5,CWR,0.0179
24,0.5,CWR,0.0181
24,0.5,CWR,0.0181
24,0.5,CWR,0.0174
24,0.5,CWR,0.018
24,0.5,CWR,0.0178
24,0.5,CWR,0.018
24,0.5,CWR,0.0176
24,0.5,CWR,0.0184
24,0.5,CWR,0.0174
24,0.5,CWR,0.0179
24,0.5,CWR,0.0174
24,0.5,CWR,0.0178
24,0.5,CWR,0.0179
24,0.5,CWR,0.0179
24,0.5,CWR,0.0176
24,0.5,CWR,0.0179
24,0.5,CWR,0.0178
24,0.5,CWR,0.0184
24,0.5,CWR,0.0179
24,0.5,CWR,0.018
24,1.0,FULL,0.0207
24,1.0,FULL,0.021
24,1.0,FULL,0.0207
24,1.0,FULL,0.021
24,1.0,FULL,0.0209
24,1.0,FULL,0.0209
24,1.0,FULL,0.0207
24,1.0,FULL,0.0211
24,1.0,FULL,0.0207
24,1.0,FULL,0.0209
24,1.0,FULL,0.0206
24,1.0,FULL,0.0209
24,1.0,FULL,0.0208
24,1.0,FULL,0.021
24,1.0,FULL,0.0206
24,1.0,FULL,0.0209
24,1.0,FULL,0.0209
24,1.0,FULL,0.0209
24,1.0,FULL,0.021
24,1.0,FULL,0.0209
24,1.0,FULL,0.0208
24,1.0,FULL,0.0212
24,1.0,FULL,0.0207
24,1.0,FULL,0.0209
24,1.0,FULL,0.0205
24,1.0,FULL,0.0211
24,1.0,FULL,0.0208
24,1.0,FULL,0.021
24,1.0,FULL,0.0206
24,1.0,FULL,0.0217
24,1.0,FULL,0.0208
24,1.0,FULL,0.021
24,1.0,FULL,0.0207
24,1.0,FULL,0.0212
24,1.0,FULL,0.0208
24,1.0,FULL,0.0208
24,1.0,FULL,0.0209
24,1.0,FULL,0.0211
24,1.0,FULL,0.021
24,1.0,FULL,0.0208
24,1.0,FULL,0.0207
24,1.0,FULL,0.0211
24,1.0,FULL,0.0208
24,1.0,FULL,0.021
24,1.0,FULL,0.021
24,1.0,FULL,0.0209
24,1.0,FULL,0.0207
24,1.0,FULL,0.0207
24,1.0,FULL,0.0207
24,1.0,FULL,0.0211
24,1.0,FULL,0.021
24,1.0,FULL,0.0209
24,1.0,FULL,0.0209
24,1.0,FULL,0.0212
24,1.0,FULL,0.032
24,1.0,FULL,0.0455
24,1.0,FULL,0.0247
24,1.0,FULL,0.0218
24,1.0,FULL,0.021
24,1.0,FULL,0.0211
24,1.0,FULL,0.0207
24,1.0,FULL,0.0207
24,1.0,FULL,0.0207
24,1.0,FULL,0.0209
24,1.0,FULL,0.0205
24,1.0,FULL,0.0206
24,1.0,FULL,0.0208
24,1.0,FULL,0.0207
24,1.0,FULL,0.0207
24,1.0,FULL,0.0209
24,1.0,FULL,0.0205
24,1.0,FULL,0.0274
24,1.0,FULL,0.0208
24,1.0,FULL,0.021
24,1.0,FULL,0.0207
24,1.0,FULL,0.0207
24,1.0,FULL,0.0207
24,1.0,FULL,0.0208
24,1.0,FULL,0.0206
24,1.0,FULL,0.021
24,1.0,FULL,0.0206
24,1.0,FULL,0.0207
24,1.0,FULL,0.0205
24,1.0,FULL,0.0206
24,1.0,FULL,0.0206
24,1.0,FULL,0.0208
24,1.0,FULL,0.0206
24,1.0,FULL,0.0208
24,1.0,FULL,0.0205
24,1.0,FULL,0.0208
24,1.0,FULL,0.0207
24,1.0,FULL,0.0207
24,1.0,FULL,0.0204
24,1.0,FULL,0.0208
24,1.0,FULL,0.0205
24,1.0,FULL,0.0209
24,1.0,FULL,0.0205
24,1.0,FULL,0.0208
24,1.0,FULL,0.0206
24,1.0,FULL,0.0208
24,1.0,FULL,0.0205
24,1.0,FULL,0.0207
24,1.0,FULL,0.0207
24,1.0,FULL,0.0209
24,1.0,FULL,0.0207
24,1.0,FULL,0.0207
24,1.0,FULL,0.0206
24,1.0,FULL,0.0206
24,1.0,FULL,0.0207
24,1.0,FULL,0.0209
24,1.0,FULL,0.0205
24,1.0,FULL,0.0208
24,1.0,FULL,0.0204
24,1.0,FULL,0.0207
24,1.0,FULL,0.0205
24,1.0,FULL,0.0206
24,1.0,FULL,0.0206
24,1.0,FULL,0.0206
24,1.0,FULL,0.0204
24,1.0,FULL,0.0208
24,1.0,FULL,0.0203
24,1.0,FULL,0.0207
24,1.0,FULL,0.0205
24,1.0,FULL,0.0207
24,1.0,FULL,0.0206
24,1.0,FULL,0.0209
24,1.0,FULL,0.0205
24,1.0,FULL,0.0206
24,1.0,FULL,0.0207
24,1.0,FULL,0.0204
24,1.0,FULL,0.0206
24,1.0,FULL,0.021
24,1.0,FULL,0.0206
24,1.0,FULL,0.0207
24,1.0,FULL,0.0206
24,1.0,FULL,0.0209
24,1.0,FULL,0.0205
24,1.0,FULL,0.0208
24,1.0,FULL,0.0206
24,1.0,FULL,0.021
24,1.0,FULL,0.0205
24,1.0,FULL,0.021
24,1.0,FULL,0.0207
24,1.0,FULL,0.0207
24,1.0,FULL,0.0207
24,1.0,FULL,0.0206
24,1.0,FULL,0.0204
24,1.0,FULL,0.0209
24,1.0,FULL,0.0204
24,1.0,FULL,0.0209
24,1.0,FULL,0.0206
24,1.0,FULL,0.0208
24,1.0,FULL,0.0206
24,1.0,FULL,0.0208
24,1.0,FULL,0.0206
24,1.0,FULL,0.0207
24,1.0,FULL,0.0204
24,1.0,FULL,0.0208
24,1.0,FULL,0.0207
24,1.0,FULL,0.0206
24,1.0,FULL,0.0204
24,1.0,FULL,0.0206
24,1.0,FULL,0.0207
24,1.0,FULL,0.0208
24,1.0,FULL,0.0204
24,1.0,FULL,0.0207
24,1.0,FULL,0.0206
24,1.0,FULL,0.0206
24,1.0,FULL,0.0208
24,1.0,FULL,0.0207
24,1.0,FULL,0.0204
24,1.0,FULL,0.0208
24,1.0,FULL,0.0204
24,1.0,FULL,0.0206
24,1.0,FULL,0.0209
24,1.0,FULL,0.0208
24,1.0,FULL,0.0203
24,1.0,FULL,0.021
24,1.0,FULL,0.0207
24,1.0,FULL,0.0207
24,1.0,FULL,0.0206
24,1.0,FULL,0.0207
24,1.0,FULL,0.0207
24,1.0,FULL,0.021
24,1.0,FULL,0.0204
24,1.0,FULL,0.0209
24,1.0,FULL,0.0204
24,1.0,FULL,0.0205
24,1.0,FULL,0.0206
24,1.0,FULL,0.0207
24,1.0,FULL,0.0205
24,1.0,FULL,0.0206
24,1.0,FULL,0.0206
24,1.0,FULL,0.0209
24,1.0,FULL,0.0205
24,1.0,FULL,0.0206
24,1.0,FULL,0.0206
24,1.0,FULL,0.0208
24,1.0,FULL,0.0204
24,1.0,FULL,0.0209
24,1.0,AFFECTED,0.0209
24,1.0,AFFECTED,0.0209
24,1.0,AFFECTED,0.0208
24,1.0,AFFECTED,0.021
24,1.0,AFFECTED,0.0209
24,1.0,AFFECTED,0.0209
24,1.0,AFFECTED,0.0209
24,1.0,AFFECTED,0.021
24,1.0,AFFECTED,0.0209
24,1.0,AFFECTED,0.0208
24,1.0,AFFECTED,0.0209
24,1.0,AFFECTED,0.021
24,1.0,AFFECTED,0.0208
24,1.0,AFFECTED,0.021
24,1.0,AFFECTED,0.021
24,1.0,AFFECTED,0.0209
24,1.0,AFFECTED,0.0211
24,1.0,AFFECTED,0.0209
24,1.0,AFFECTED,0.0209
24,1.0,AFFECTED,0.0209
24,1.0,AFFECTED,0.021
24,1.0,AFFECTED,0.0211
24,1.0,AFFECTED,0.0208
24,1.0,AFFECTED,0.0211
24,1.0,AFFECTED,0.0209
24,1.0,AFFECTED,0.021
24,1.0,AFFECTED,0.0209
24,1.0,AFFECTED,0.0211
24,1.0,AFFECTED,0.0209
24,1.0,AFFECTED,0.021
24,1.0,AFFECTED,0.021
24,1.0,AFFECTED,0.0213
24,1.0,AFFECTED,0.0212
24,1.0,AFFECTED,0.0214
24,1.0,AFFECTED,0.0211
24,1.0,AFFECTED,0.0213
24,1.0,AFFECTED,0.0211
24,1.0,AFFECTED,0.0212
24,1.0,AFFECTED,0.0211
24,1.0,AFFECTED,0.021
24,1.0,AFFECTED,0.0211
24,1.0,AFFECTED,0.021
24,1.0,AFFECTED,0.021
24,1.0,AFFECTED,0.0212
24,1.0,AFFECTED,0.021
24,1.0,AFFECTED,0.0211
24,1.0,AFFECTED,0.0212
24,1.0,AFFECTED,0.0212
24,1.0,AFFECTED,0.0214
24,1.0,AFFECTED,0.0212
24,1.0,AFFECTED,0.0211
24,1.0,AFFECTED,0.0211
24,1.0,AFFECTED,0.0211
24,1.0,AFFECTED,0.0214
24,1.0,AFFECTED,0.0209
24,1.0,AFFECTED,0.0212
24,1.0,AFFECTED,0.0209
24,1.0,AFFECTED,0.0212
24,1.0,AFFECTED,0.0211
24,1.0,AFFECTED,0.0212
24,1.0,AFFECTED,0.0211
24,1.0,AFFECTED,0.0212
24,1.0,AFFECTED,0.0211
24,1.0,AFFECTED,0.0217
24,1.0,AFFECTED,0.0217
24,1.0,AFFECTED,0.0218
24,1.0,AFFECTED,0.0214
24,1.0,AFFECTED,0.0216
24,1.0,AFFECTED,0.0215
24,1.0,AFFECTED,0.0215
24,1.0,AFFECTED,0.0212
24,1.0,AFFECTED,0.0217
24,1.0,AFFECTED,0.0214
24,1.0,AFFECTED,0.0219
24,1.0,AFFECTED,0.0216
24,1.0,AFFECTED,0.029
24,1.0,AFFECTED,0.0218
24,1.0,AFFECTED,0.0216
24,1.0,AFFECTED,0.0216
24,1.0,AFFECTED,0.0216
24,1.0,AFFECTED,0.0217
24,1.0,AFFECTED,0.0218
24,1.0,AFFECTED,0.0217
24,1.0,AFFECTED,0.0216
24,1.0,AFFECTED,0.0217
24,1.0,AFFECTED,0.0217
24,1.0,AFFECTED,0.0215
24,1.0,AFFECTED,0.0218
24,1.0,AFFECTED,0.0218
24,1.0,AFFECTED,0.0222
24,1.0,AFFECTED,0.022
24,1.0,AFFECTED,0.0256
24,1.0,AFFECTED,0.0222
24,1.0,AFFECTED,0.0222
24,1.0,AFFECTED,0.0223
24,1.0,AFFECTED,0.0225
24,1.0,AFFECTED,0.0218
24,1.0,AFFECTED,0.0223
24,1.0,AFFECTED,0.0219
24,1.0,AFFECTED,0.0225
24,1.0,AFFECTED,0.022
24,1.0,AFFECTED,0.0222
24,1.0,AFFECTED,0.0222
24,1.0,AFFECTED,0.0223
24,1.0,AFFECTED,0.022
24,1.0,AFFECTED,0.0221
24,1.0,AFFECTED,0.0221
24,1.0,AFFECTED,0.0223
24,1.0,AFFECTED,0.022
24,1.0,AFFECTED,0.0224
24,1.0,AFFECTED,0.0222
24,1.0,AFFECTED,0.0227
24,1.0,AFFECTED,0.0225
24,1.0,AFFECTED,0.0229
24,1.0,AFFECTED,0.0222
24,1.0,AFFECTED,0.0227
24,1.0,AFFECTED,0.0224
24,1.0,AFFECTED,0.0226
24,1.0,AFFECTED,0.0225
24,1.0,AFFECTED,0.0227
24,1.0,AFFECTED,0.0224
24,1.0,AFFECTED,0.0226
24,1.0,AFFECTED,0.0224
24,1.0,AFFECTED,0.0226
24,1.0,AFFECTED,0.0224
24,1.0,AFFECTED,0.0226
24,1.0,AFFECTED,0.0224
24,1.0,AFFECTED,0.0225
24,1.0,AFFECTED,0.0225
24,1.0,AFFECTED,0.0227
24,1.0,AFFECTED,0.0225
24,1.0,AFFECTED,0.0226
24,1.0,AFFECTED,0.0226
24,1.0,AFFECTED,0.0227
24,1.0,AFFECTED,0.0225
24,1.0,AFFECTED,0.0228
24,1.0,AFFECTED,0.0224
24,1.0,AFFECTED,0.0228
24,1.0,AFFECTED,0.0227
24,1.0,AFFECTED,0.0226
24,1.0,AFFECTED,0.0226
24,1.0,AFFECTED,0.0226
24,1.0,AFFECTED,0.0223
24,1.0,AFFECTED,0.0227
24,1.0,AFFECTED,0.0225
24,1.0,AFFECTED,0.0225
24,1.0,AFFECTED,0.0224
24,1.0,AFFECTED,0.0224
24,1.0,AFFECTED,0.0238
24,1.0,AFFECTED,0.0225
24,1.0,AFFECTED,0.0224
24,1.0,AFFECTED,0.0228
24,1.0,AFFECTED,0.0225
24,1.0,AFFECTED,0.0227
24,1.0,AFFECTED,0.0223
24,1.0,AFFECTED,0.0225
24,1.0,AFFECTED,0.0225
24,1.0,AFFECTED,0.0228
24,1.0,AFFECTED,0.0225
24,1.0,AFFECTED,0.0227
24,1.0,AFFECTED,0.0224
24,1.0,AFFECTED,0.0226
24,1.0,AFFECTED,0.0224
24,1.0,AFFECTED,0.0224
24,1.0,AFFECTED,0.0225
24,1.0,AFFECTED,0.0225
24,1.0,AFFECTED,0.0224
24,1.0,AFFECTED,0.0241
24,1.0,AFFECTED,0.0248
24,1.0,AFFECTED,0.0224
24,1.0,AFFECTED,0.0226
24,1.0,AFFECTED,0.0223
24,1.0,AFFECTED,0.0224
24,1.0,AFFECTED,0.0224
24,1.0,AFFECTED,0.0224
24,1.0,AFFECTED,0.0223
24,1.0,AFFECTED,0.0222
24,1.0,AFFECTED,0.0226
24,1.0,AFFECTED,0.0256
24,1.0,AFFECTED,0.0225
24,1.0,AFFECTED,0.0222
24,1.0,AFFECTED,0.0224
24,1.0,AFFECTED,0.0223
24,1.0,AFFECTED,0.0221
24,1.0,AFFECTED,0.0224
24,1.0,AFFECTED,0.0223
24,1.0,AFFECTED,0.0222
24,1.0,AFFECTED,0.0222
24,1.0,AFFECTED,0.0222
24,1.0,AFFECTED,0.0223
24,1.0,AFFECTED,0.0223
24,1.0,AFFECTED,0.0223
24,1.0,AFFECTED,0.0221
24,1.0,AFFECTED,0.0223
24,1.0,AFFECTED,0.0222
24,1.0,AFFECTED,0.0223
24,1.0,AFFECTED,0.0222
24,1.0,AFFECTED,0.0222
24,1.0,AFFECTED,0.0223
24,1.0,AFFECTED,0.022
24,1.0,RESIDUAL,0.0076
24,1.0,RESIDUAL,0.0076
24,1.0,RESIDUAL,0.0076
24,1.0,RESIDUAL,0.0075
24,1.0,RESIDUAL,0.0075
24,1.0,RESIDUAL,0.0076
24,1.0,RESIDUAL,0.0076
24,1.0,RESIDUAL,0.0075
24,1.0,RESIDUAL,0.0076
24,1.0,RESIDUAL,0.0087
24,1.0,RESIDUAL,0.0077
24,1.0,RESIDUAL,0.0075
24,1.0,RESIDUAL,0.0076
24,1.0,RESIDUAL,0.0077
24,1.0,RESIDUAL,0.0075
24,1.0,RESIDUAL,0.0076
24,1.0,RESIDUAL,0.0075
24,1.0,RESIDUAL,0.0075
24,1.0,RESIDUAL,0.0076
24,1.0,RESIDUAL,0.0075
24,1.0,RESIDUAL,0.0076
24,1.0,RESIDUAL,0.0078
24,1.0,RESIDUAL,0.0077
24,1.0,RESIDUAL,0.0075
24,1.0,RESIDUAL,0.0076
24,1.0,RESIDUAL,0.0076
24,1.0,RESIDUAL,0.0075
24,1.0,RESIDUAL,0.0074
24,1.0,RESIDUAL,0.0075
24,1.0,RESIDUAL,0.0076
24,1.0,RESIDUAL,0.0075
24,1.0,RESIDUAL,0.0075
24,1.0,RESIDUAL,0.0077
24,1.0,RESIDUAL,0.0077
24,1.0,RESIDUAL,0.0076
24,1.0,RESIDUAL,0.0075
24,1.0,RESIDUAL,0.0076
24,1.0,RESIDUAL,0.0074
24,1.0,RESIDUAL,0.0076
24,1.0,RESIDUAL,0.0075
24,1.0,RESIDUAL,0.0076
24,1.0,RESIDUAL,0.0076
24,1.0,RESIDUAL,0.0076
24,1.0,RESIDUAL,0.0076
24,1.0,RESIDUAL,0.0076
24,1.0,RESIDUAL,0.0076
24,1.0,RESIDUAL,0.0076
24,1.0,RESIDUAL,0.0074
24,1.0,RESIDUAL,0.0075
24,1.0,RESIDUAL,0.0074
24,1.0,RESIDUAL,0.0077
24,1.0,RESIDUAL,0.0076
24,1.0,RESIDUAL,0.0076
24,1.0,RESIDUAL,0.0075
24,1.0,RESIDUAL,0.0075
24,1.0,RESIDUAL,0.0076
24,1.0,RESIDUAL,0.0075
24,1.0,RESIDUAL,0.0074
24,1.0,RESIDUAL,0.0075
24,1.0,RESIDUAL,0.0086
24,1.0,RESIDUAL,0.0075
24,1.0,RESIDUAL,0.0075
24,1.0,RESIDUAL,0.0074
24,1.0,RESIDUAL,0.0076
24,1.0,RESIDUAL,0.0074
24,1.0,RESIDUAL,0.0075
24,1.0,RESIDUAL,0.0075
24,1.0,RESIDUAL,0.0075
24,1.0,RESIDUAL,0.0075
24,1.0,RESIDUAL,0.0076
24,1.0,RESIDUAL,0.0075
24,1.0,RESIDUAL,0.0075
24,1.0,RESIDUAL,0.0074
24,1.0,RESIDUAL,0.0075
24,1.0,RESIDUAL,0.0075
24,1.0,RESIDUAL,0.0075
24,1.0,RESIDUAL,0.0074
24,1.0,RESIDUAL,0.0076
24,1.0,RESIDUAL,0.0075
24,1.0,RESIDUAL,0.0076
24,1.0,RESIDUAL,0.0075
24,1.0,RESIDUAL,0.0076
24,1.0,RESIDUAL,0.0076
24,1.0,RESIDUAL,0.0075
24,1.0,RESIDUAL,0.0075
24,1.0,RESIDUAL,0.0075
24,1.0,RESIDUAL,0.0074
24,1.0,RESIDUAL,0.0074
24,1.0,RESIDUAL,0.0077
24,1.0,RESIDUAL,0.0075
24,1.0,RESIDUAL,0.0075
24,1.0,RESIDUAL,0.0075
24,1.0,RESIDUAL,0.0076
24,1.0,RESIDUAL,0.0075
24,1.0,RESIDUAL,0.0075
24,1.0,RESIDUAL,0.0075
24,1.0,RESIDUAL,0.0074
24,1.0,RESIDUAL,0.0074
24,1.0,RESIDUAL,0.0075
24,1.0,RESIDUAL,0.0074
24,1.0,RESIDUAL,0.0076
24,1.0,RESIDUAL,0.0074
24,1.0,RESIDUAL,0.0075
24,1.0,RESIDUAL,0.0074
24,1.0,RESIDUAL,0.0075
24,1.0,RESIDUAL,0.0075
24,1.0,RESIDUAL,0.0074
24,1.0,RESIDUAL,0.0075
24,1.0,RESIDUAL,0.0076
24,1.0,RESIDUAL,0.0074
24,1.0,RESIDUAL,0.0074
24,1.0,RESIDUAL,0.0074
24,1.0,RESIDUAL,0.0074
24,1.0,RESIDUAL,0.0075
24,1.0,RESIDUAL,0.0074
24,1.0,RESIDUAL,0.0075
24,1.0,RESIDUAL,0.0074
24,1.0,RESIDUAL,0.0074
24,1.0,RESIDUAL,0.0075
24,1.0,RESIDUAL,0.0076
24,1.0,RESIDUAL,0.0074
24,1.0,RESIDUAL,0.0076
24,1.0,RESIDUAL,0.0075
24,1.0,RESIDUAL,0.0075
24,1.0,RESIDUAL,0.0075
24,1.0,RESIDUAL,0.0075
24,1.0,RESIDUAL,0.0075
24,1.0,RESIDUAL,0.0075
24,1.0,RESIDUAL,0.0076
24,1.0,RESIDUAL,0.0075
24,1.0,RESIDUAL,0.0075
24,1.0,RESIDUAL,0.0073
24,1.0,RESIDUAL,0.0075
24,1.0,RESIDUAL,0.0074
24,1.0,RESIDUAL,0.0075
24,1.0,RESIDUAL,0.0075
24,1.0,RESIDUAL,0.0075
24,1.0,RESIDUAL,0.0074
24,1.0,RESIDUAL,0.0073
24,1.0,RESIDUAL,0.0075
24,1.0,RESIDUAL,0.0074
24,1.0,RESIDUAL,0.0075
24,1.0,RESIDUAL,0.0075
24,1.0,RESIDUAL,0.0074
24,1.0,RESIDUAL,0.0074
24,1.0,RESIDUAL,0.0074
24,1.0,RESIDUAL,0.0074
24,1.0,RESIDUAL,0.0074
24,1.0,RESIDUAL,0.0074
24,1.0,RESIDUAL,0.0073
24,1.0,RESIDUAL,0.0074
24,1.0,RESIDUAL,0.0073
24,1.0,RESIDUAL,0.0073
24,1.0,RESIDUAL,0.0074
24,1.0,RESIDUAL,0.0073
24,1.0,RESIDUAL,0.0074
24,1.0,RESIDUAL,0.0074
24,1.0,RESIDUAL,0.0073
24,1.0,RESIDUAL,0.0075
24,1.0,RESIDUAL,0.0074
24,1.0,RESIDUAL,0.0074
24,1.0,RESIDUAL,0.0074
24,1.0,RESIDUAL,0.0074
24,1.0,RESIDUAL,0.0075
24,1.0,RESIDUAL,0.0074
24,1.0,RESIDUAL,0.0074
24,1.0,RESIDUAL,0.0074
24,1.0,RESIDUAL,0.0074
24,1.0,RESIDUAL,0.0075
24,1.0,RESIDUAL,0.0074
24,1.0,RESIDUAL,0.0074
24,1.0,RESIDUAL,0.0074
24,1.0,RESIDUAL,0.0075
24,1.0,RESIDUAL,0.0074
24,1.0,RESIDUAL,0.0074
24,1.0,RESIDUAL,0.0074
24,1.0,RESIDUAL,0.0074
24,1.0,RESIDUAL,0.0073
24,1.0,RESIDUAL,0.0075
24,1.0,RESIDUAL,0.0074
24,1.0,RESIDUAL,0.0074
24,1.0,RESIDUAL,0.0073
24,1.0,RESIDUAL,0.0075
24,1.0,RESIDUAL,0.0073
24,1.0,RESIDUAL,0.0075
24,1.0,RESIDUAL,0.0074
24,1.0,RESIDUAL,0.0074
24,1.0,RESIDUAL,0.0081
24,1.0,RESIDUAL,0.0073
24,1.0,RESIDUAL,0.0074
24,1.0,RESIDUAL,0.0074
24,1.0,RESIDUAL,0.0073
24,1.0,RESIDUAL,0.0074
24,1.0,RESIDUAL,0.0074
24,1.0,RESIDUAL,0.0075
24,1.0,RESIDUAL,0.0073
24,1.0,RESIDUAL,0.0075
24,1.0,RESIDUAL,0.0074
24,1.0,RESIDUAL,0.0074
24,1.0,RESIDUAL,0.0074
24,1.0,CWR,0.2818
24,1.0,CWR,0.2846
24,1.0,CWR,0.2836
24,1.0,CWR,0.2833
24,1.0,CWR,0.2821
24,1.0,CWR,0.2851
24,1.0,CWR,0.2822
24,1.0,CWR,0.2963
24,1.0,CWR,0.291
24,1.0,CWR,0.2817
24,1.0,CWR,0.284
24,1.0,CWR,0.2804
24,1.0,CWR,0.2847
24,1.0,CWR,0.2819
24,1.0,CWR,0.2808
24,1.0,CWR,0.2801
24,1.0,CWR,0.2918
24,1.0,CWR,0.2825
24,1.0,CWR,0.3093
24,1.0,CWR,0.2844
24,1.0,CWR,0.2864
24,1.0,CWR,0.2828
24,1.0,CWR,0.285
24,1.0,CWR,0.2874
24,1.0,CWR,0.2846
24,1.0,CWR,0.2842
24,1.0,CWR,0.2817
24,1.0,CWR,0.2848
24,1.0,CWR,0.2826
24,1.0,CWR,0.2867
24,1.0,CWR,0.2858
24,1.0,CWR,0.2862
24,1.0,CWR,0.2842
24,1.0,CWR,0.2836
24,1.0,CWR,0.3162
24,1.0,CWR,0.2861
24,1.0,CWR,0.2847
24,1.0,CWR,0.2833
24,1.0,CWR,0.2843
24,1.0,CWR,0.2838
24,1.0,CWR,0.2817
24,1.0,CWR,0.284
24,1.0,CWR,0.2802
24,1.0,CWR,0.2982
24,1.0,CWR,0.2838
24,1.0,CWR,0.2812
24,1.0,CWR,0.2847
24,1.0,CWR,0.3299
24,1.0,CWR,0.3515
24,1.0,CWR,0.2917
24,1.0,CWR,0.2848
24,1.0,CWR,0.2802
24,1.0,CWR,0.2804
24,1.0,CWR,0.2832
24,1.0,CWR,0.2828
24,1.0,CWR,0.2856
24,1.0,CWR,0.2845
24,1.0,CWR,0.2827
24,1.0,CWR,0.2843
24,1.0,CWR,0.2827
24,1.0,CWR,0.2808
24,1.0,CWR,0.2804
24,1.0,CWR,0.2845
24,1.0,CWR,0.2824
24,1.0,CWR,0.3092
24,1.0,CWR,0.2822
24,1.0,CWR,0.281
24,1.0,CWR,0.2819
24,1.0,CWR,0.288
24,1.0,CWR,0.2823
24,1.0,CWR,0.2912
24,1.0,CWR,0.2862
24,1.0,CWR,0.2809
24,1.0,CWR,0.2824
24,1.0,CWR,0.2866
24,1.0,CWR,0.284
24,1.0,CWR,0.283
24,1.0,CWR,0.2823
24,1.0,CWR,0.2803
24,1.0,CWR,0.2875
24,1.0,CWR,0.2844
24,1.0,CWR,0.2808
24,1.0,CWR,0.2823
24,1.0,CWR,0.2823
24,1.0,CWR,0.2821
24,1.0,CWR,0.2838
24,1.0,CWR,0.2815
24,1.0,CWR,0.2937
24,1.0,CWR,0.2827
24,1.0,CWR,0.2811
24,1.0,CWR,0.2803
24,1.0,CWR,0.2794
24,1.0,CWR,0.2828
24,1.0,CWR,0.2812
24,1.0,CWR,0.2795
24,1.0,CWR,0.2841
24,1.0,CWR,0.2815
24,1.0,CWR,0.2902
24,1.0,CWR,0.2842
24,1.0,CWR,0.2852
24,1.0,CWR,0.2818
24,1.0,CWR,0.2833
24,1.0,CWR,0.2793
24,1.0,CWR,0.2829
24,1.0,CWR,0.2835
24,1.0,CWR,0.2833
24,1.0,CWR,0.2802
24,1.0,CWR,0.2834
24,1.0,CWR,0.2806
24,1.0,CWR,0.2823
24,1.0,CWR,0.2853
24,1.0,CWR,0.2818
24,1.0,CWR,0.2827
24,1.0,CWR,0.2814
24,1.0,CWR,0.281
24,1.0,CWR,0.2812
24,1.0,CWR,0.283
24,1.0,CWR,0.2845
24,1.0,CWR,0.2799
24,1.0,CWR,0.299
24,1.0,CWR,0.283
24,1.0,CWR,0.282
24,1.0,CWR,0.284
24,1.0,CWR,0.2845
24,1.0,CWR,0.2917
24,1.0,CWR,0.2819
24,1.0,CWR,0.2833
24,1.0,CWR,0.2812
24,1.0,CWR,0.2824
24,1.0,CWR,0.2864
24,1.0,CWR,0.3034
24,1.0,CWR,0.2841
24,1.0,CWR,0.2818
24,1.0,CWR,0.3094
24,1.0,CWR,0.2821
24,1.0,CWR,0.2853
24,1.0,CWR,0.2804
24,1.0,CWR,0.2816
24,1.0,CWR,0.2847
24,1.0,CWR,0.2866
24,1.0,CWR,0.2815
24,1.0,CWR,0.2845
24,1.0,CWR,0.284
24,1.0,CWR,0.2793
24,1.0,CWR,0.2837
24,1.0,CWR,0.2813
24,1.0,CWR,0.2856
24,1.0,CWR,0.3621
24,1.0,CWR,0.3173
24,1.0,CWR,0.2854
24,1.0,CWR,0.2866
24,1.0,CWR,0.2833
24,1.0,CWR,0.2849
24,1.0,CWR,0.2854
24,1.0,CWR,0.2833
24,1.0,CWR,0.2881
24,1.0,CWR,0.2869
24,1.0,CWR,0.2829
24,1.0,CWR,0.2861
24,1.0,CWR,0.2996
24,1.0,CWR,0.2856
24,1.0,CWR,0.2822
24,1.0,CWR,0.4775
24,1.0,CWR,0.3009
24,1.0,CWR,0.2822
24,1.0,CWR,0.2839
24,1.0,CWR,0.289
24,1.0,CWR,0.28
24,1.0,CWR,0.2867
24,1.0,CWR,0.2838
24,1.0,CWR,0.2752
24,1.0,CWR,0.2777
24,1.0,CWR,0.2752
24,1.0,CWR,0.2836
24,1.0,CWR,0.2763
24,1.0,CWR,0.2768
24,1.0,CWR,0.2734
24,1.0,CWR,0.283
24,1.0,CWR,0.3057
24,1.0,CWR,0.2873
24,1.0,CWR,0.2942
24,1.0,CWR,0.3008
24,1.0,CWR,0.2873
24,1.0,CWR,0.2865
24,1.0,CWR,0.2888
24,1.0,CWR,0.2873
24,1.0,CWR,0.2911
24,1.0,CWR,0.286
24,1.0,CWR,0.2917
24,1.0,CWR,0.2915
24,1.0,CWR,0.2923
24,1.0,CWR,0.2892
24,1.0,CWR,0.2965
24,1.0,CWR,0.2872
24,1.0,CWR,0.2885
24,1.0,CWR,0.2899
24,1.0,CWR,0.2897
24,1.0,CWR,0.2907
24,1.0,CWR,0.3464
24,1.0,CWR,0.3234
